{"type":"FeatureCollection","features":[{"type":"Feature","geometry":{"type":"Polygon","coordinates":[[[-122.09985194631761,47.568485043693258],[-122.0987785234211,47.568850595108856],[-122.09910946591974,47.56935103583826],[-122.09925420573732,47.569301745568829],[-122.0996116774659,47.569776472223325],[-122.0994388656746,47.569904111746169],[-122.09915733710697,47.570028831496892],[-122.09892034772732,47.569895045150275],[-122.09892093485358,47.569836153124143],[-122.09783850252961,47.569835270957391],[-122.09781916875826,47.571768286114434],[-122.09776706499773,47.572188919396432],[-122.09823479117728,47.572196081080882],[-122.09861138212447,47.572156346027406],[-122.09904326353357,47.572161696892842],[-122.09926640984801,47.572170880518712],[-122.09962601655856,47.572210642159796],[-122.09990836713668,47.572267441208346],[-122.10019091275429,47.572337374891042],[-122.10043869235682,47.572361616617385],[-122.10095213214566,47.57232456881524],[-122.10139142686104,47.572323255907421],[-122.10204380062818,47.572355813183513],[-122.10302061428726,47.572550827767586],[-122.10490283591837,47.5729753810703],[-122.10581384477055,47.573200677031167],[-122.10638197767013,47.573380772624148],[-122.10716973352207,47.57374290251667],[-122.10747674163561,47.573904678596989],[-122.1076887275467,47.574045162498521],[-122.10839797871098,47.57465816642663],[-122.10855157613285,47.574729527646618],[-122.10868039751143,47.574831615827392],[-122.10882764167269,47.574903464685605],[-122.1090574234434,47.575081217320907],[-122.10932010218272,47.575249650144478],[-122.10962057212203,47.57536748852462],[-122.10994799897203,47.575575364456746],[-122.11019389244294,47.57583550296274],[-122.11033550702282,47.575947730488927],[-122.11096532743129,47.576347959856939],[-122.1111962106928,47.576541451516441],[-122.11127422053117,47.576643929839072],[-122.11141193420723,47.57688776361173],[-122.11145080532297,47.576930419203734],[-122.11159742599135,47.577314938701562],[-122.11159453809425,47.577509409283984],[-122.1114342998841,47.578125279312324],[-122.11139054531782,47.578451138778888],[-122.11136220456788,47.578662204376116],[-122.11134535151614,47.578823923513909],[-122.11141300270756,47.578916738849152],[-122.11141696506085,47.578922174945689],[-122.11179892692923,47.579179928537364],[-122.11186145040119,47.579244884271908],[-122.11196426290189,47.579351694052654],[-122.11207017570234,47.57959148329418],[-122.11207885555758,47.579982400171382],[-122.11200151580702,47.58035830480425],[-122.11169272866631,47.580833579262979],[-122.11149245308884,47.581019733958144],[-122.11114389254847,47.58133773092252],[-122.11091216175876,47.581549139763865],[-122.11087960374958,47.581614809994406],[-122.11067678339009,47.582023892132973],[-122.11059400064791,47.582190861308611],[-122.11019004494294,47.582935457620955],[-122.11013666340591,47.583142169912172],[-122.10986770121009,47.584490968952792],[-122.10981390688795,47.584956222079022],[-122.10982643373826,47.585299901530476],[-122.1099102637761,47.58572207600541],[-122.11001093593529,47.586726863443246],[-122.11020530936503,47.587296809016081],[-122.11026349805685,47.587706302609519],[-122.11027513612298,47.589053418930909],[-122.1104266846794,47.590064207064721],[-122.1103836186393,47.59049001330721],[-122.11041714067947,47.591293353573185],[-122.11050176780924,47.591758952970117],[-122.11046156905167,47.591995636068347],[-122.11022526838022,47.59239976378435],[-122.11020024214589,47.592642399040813],[-122.11026638020994,47.593018873713838],[-122.11023925973637,47.593395410284081],[-122.11005743776246,47.594226738992617],[-122.10970128599965,47.595600084947613],[-122.10949810567587,47.596655042206415],[-122.10951180187244,47.596710793197545],[-122.1094079978713,47.596939386587614],[-122.10929270456725,47.597236855612763],[-122.10904959701936,47.598073584664874],[-122.10893628610734,47.598246663659275],[-122.10827893190536,47.598663874087748],[-122.10817122969348,47.598777226072649],[-122.10820797828322,47.59884237967956],[-122.10842515822536,47.599127511733371],[-122.10850198062886,47.599430860540082],[-122.10849639277855,47.599556668741087],[-122.10855618848394,47.599702293267512],[-122.10867376805712,47.599850548730608],[-122.10867432919513,47.599850942185711],[-122.10881462867752,47.599949396525695],[-122.10910330124952,47.600031954768866],[-122.10941754140607,47.600095716052216],[-122.10965869404016,47.600217388846211],[-122.10975004342636,47.600318551679464],[-122.11000527497588,47.600832902646253],[-122.11035624463567,47.601540171182414],[-122.11037194984256,47.601571820630888],[-122.1107699905388,47.60259593165064],[-122.11068387964195,47.602595723226798],[-122.09646897823019,47.602557531529662],[-122.09635043894833,47.60299785740019],[-122.09574315177352,47.604645241101068],[-122.09487642446828,47.606234753186328],[-122.09377256653158,47.607757373518346],[-122.09243932949357,47.609193607137961],[-122.0908913313539,47.610527715415124],[-122.08914555562646,47.611745029957255],[-122.0864801117804,47.613525045668382],[-122.08355242771312,47.615898828867294],[-122.08099851305073,47.618461197594982],[-122.0808768733616,47.618579755410103],[-122.08038079217229,47.619136027210153],[-122.07997340385407,47.619724309507987],[-122.07965923284593,47.620338136421729],[-122.07944163118883,47.620970832009952],[-122.07932736655091,47.621618227652149],[-122.07931529998284,47.624830921069808],[-122.07931799366322,47.62753537123492],[-122.11122296067416,47.627592702661794],[-122.11098198805753,47.638597561550448],[-122.11058466493039,47.638602469646827],[-122.11059637852023,47.642330968537308],[-122.11063690322565,47.6440873156441],[-122.11062758286191,47.645981200970354],[-122.11090779889459,47.645974338007733],[-122.11392064932204,47.645968602201968],[-122.11392604435315,47.645825878212776],[-122.11396080392056,47.645585412300264],[-122.11403965136371,47.645380054058791],[-122.11415288584686,47.645195668408142],[-122.11434807615531,47.644974203015934],[-122.1145332111075,47.644780152680603],[-122.11449925403036,47.644765129028137],[-122.11494452716934,47.644305598974718],[-122.11585028897686,47.643507951948223],[-122.11723414210091,47.642411937037259],[-122.11946374741409,47.640639758632716],[-122.12073615427069,47.63968663593478],[-122.12166267229544,47.638966823233062],[-122.12198595402018,47.639203386098302],[-122.12251038938552,47.6387879064796],[-122.12283304308671,47.638532285174264],[-122.12383631988631,47.637905172571692],[-122.12588895053148,47.63672486347825],[-122.12629729222323,47.636490046763896],[-122.12712114265329,47.636016282565016],[-122.12804972301571,47.63556062842629],[-122.12939422152024,47.635541401303477],[-122.12940302598234,47.6354482126333],[-122.13234419621223,47.635452048569057],[-122.13240931622107,47.633484630048457],[-122.13273099013149,47.633477452089011],[-122.13273354815608,47.632586471620087],[-122.13308861636038,47.632381543631581],[-122.13341641911747,47.632184719633514],[-122.13374329631664,47.631977139277019],[-122.13377996762858,47.63195249752021],[-122.13391041799858,47.631852349659894],[-122.13402470586286,47.631743564872721],[-122.13412152125542,47.631627297666952],[-122.13419979975683,47.631504810651798],[-122.13425875967913,47.63137747221446],[-122.13429766283477,47.631246679810438],[-122.13430855279246,47.631168385437675],[-122.13431605956421,47.631114343179028],[-122.13432761891596,47.631059231271756],[-122.13448356885704,47.630314336056514],[-122.13449497811969,47.630259852286294],[-122.13451049420797,47.63020511577804],[-122.13458861954544,47.629958811947958],[-122.13472000623811,47.62968704517197],[-122.13489270701419,47.629426073904682],[-122.13510479640597,47.629178692822521],[-122.13529466253409,47.629002672780523],[-122.13535295725987,47.628948610225891],[-122.13543169036915,47.628892522328613],[-122.13571288627217,47.628692132809967],[-122.13615791903342,47.628432128204494],[-122.1366407610717,47.628205017347028],[-122.13715605609835,47.628013245234278],[-122.13761796822202,47.627881787579533],[-122.137696276954,47.627859488901379],[-122.1377787886035,47.627859608841227],[-122.14060956651296,47.627864099334914],[-122.14310528219046,47.627383081286894],[-122.14306486908403,47.631485638666511],[-122.14296487204781,47.645935639819619],[-122.14330151588771,47.652606573679464],[-122.14328487624606,47.660645639811342],[-122.15327371957848,47.660567207053326],[-122.15876693381173,47.660657696955823],[-122.16432399039354,47.660720469747211],[-122.16433031929334,47.660516178932959],[-122.16477084071873,47.646266832644706],[-122.16477235622395,47.646217038747466],[-122.16485325459082,47.646217891584719],[-122.16932274820772,47.646264517628403],[-122.18024081821773,47.646377694110448],[-122.18556651617612,47.646432571394833],[-122.18630577538183,47.646437451307122],[-122.1963111589213,47.646437712950842],[-122.19629299167245,47.645721395221777],[-122.1943859315796,47.644384407897242],[-122.19445250042781,47.644332301320738],[-122.19442333420733,47.644311769002883],[-122.19463357562977,47.644166837258297],[-122.19627965227859,47.643080978890247],[-122.19627916454404,47.642984853292766],[-122.19630032370981,47.642984745424897],[-122.1963440673814,47.642984522451535],[-122.19646092170017,47.642817422407944],[-122.19846424386256,47.642823336547238],[-122.19846283493642,47.642420373594284],[-122.19970919663378,47.642421192606285],[-122.19995453859103,47.642646997989061],[-122.19999227083794,47.642688585808507],[-122.2000283945867,47.642730821334098],[-122.20006288496916,47.642773676143918],[-122.20018752952676,47.642933446763188],[-122.20016469458263,47.642933555463067],[-122.20037982167136,47.643209304923829],[-122.20048163424261,47.643325832948491],[-122.20059956704972,47.643435199458501],[-122.20073252555554,47.643536389477767],[-122.20078096814949,47.643569860860275],[-122.20076451972896,47.643578111946681],[-122.20110313504703,47.643812077226833],[-122.20118455714204,47.643873362947851],[-122.20125794918562,47.643939117684646],[-122.20132277409311,47.64400886262694],[-122.20137856176443,47.644082091000712],[-122.20142490373341,47.644158267246262],[-122.20146146279825,47.644236836772293],[-122.20148797441061,47.644317227734362],[-122.20150424274301,47.64439885289103],[-122.20151015031945,47.644481119358218],[-122.20166197567215,47.644480523898402],[-122.20170264515727,47.644480365349857],[-122.20187241022248,47.644479699623957],[-122.2019136912825,47.644237834642645],[-122.20194373849459,47.644210000737175],[-122.20195691262784,47.644157947025946],[-122.2019895650531,47.644028919254644],[-122.20203903176062,47.643833455756251],[-122.20211599033719,47.643841553653765],[-122.2022239418032,47.643830390795713],[-122.2022875892395,47.643818017445682],[-122.20236968503795,47.643790251753927],[-122.20246497135471,47.643741261258249],[-122.20252476972368,47.643683862216939],[-122.2025733439535,47.643606077638054],[-122.20260764480078,47.643521999353204],[-122.20265740679196,47.643426070619398],[-122.2027123297843,47.643353867681014],[-122.20279393918564,47.643290200629558],[-122.20283013371238,47.643190502767979],[-122.2031439172696,47.6431897287382],[-122.20343419062006,47.6431291658782],[-122.20365749420617,47.643107817975952],[-122.20410073434533,47.643134470323218],[-122.204256334665,47.643149520615097],[-122.20508860982925,47.643235431734233],[-122.20635063511399,47.643405485525676],[-122.20670460269766,47.643461239286779],[-122.20698006098428,47.643484819319923],[-122.20724820303496,47.643499936641234],[-122.20750711530586,47.64350046368714],[-122.20781961868876,47.643481354946005],[-122.20813068553237,47.643453479599259],[-122.20843978232691,47.643417016380631],[-122.20859341920468,47.643395496912824],[-122.20904995212149,47.643318264680907],[-122.2096933241543,47.643173393684563],[-122.20970503151985,47.642860421863119],[-122.20974961363849,47.631992580177567],[-122.20971765624512,47.624725782669067],[-122.20989061644694,47.624720275474324],[-122.20987654807254,47.623770362445157],[-122.20991018219162,47.62377088504023],[-122.20990691092575,47.622938791284497],[-122.20995320483784,47.622936034707138],[-122.20992585456342,47.621460337135666],[-122.21002975679848,47.62145995194512],[-122.21001897475382,47.621074806333894],[-122.22118455433733,47.621051080518903],[-122.22239144969215,47.621060634200958],[-122.2223897965808,47.621007893882926],[-122.22237987696467,47.620697640050771],[-122.22237814498449,47.62064299291599],[-122.22231281202033,47.620642932993363],[-122.22211427350591,47.620642722133177],[-122.2221115637149,47.620642283572202],[-122.22208307221401,47.620636356892661],[-122.22205567059686,47.620628458467422],[-122.22202964081268,47.620618666894728],[-122.22200526927016,47.620607116479931],[-122.22198279847963,47.620593859416829],[-122.22196251480179,47.620579110972415],[-122.22194462306136,47.620563033643641],[-122.22192932622401,47.62054573238288],[-122.22191675153277,47.620527480578758],[-122.22190710288075,47.620508411955875],[-122.22190042497007,47.620488798422315],[-122.22189684413014,47.620468802733711],[-122.22189636293581,47.620448669533154],[-122.22189898623843,47.620428590355921],[-122.22190472014368,47.620408836779411],[-122.22191344489536,47.620389573391847],[-122.22192512722042,47.620371047163808],[-122.2219396096102,47.620353448428069],[-122.22195673331409,47.620336970234398],[-122.22197630008664,47.620321777429524],[-122.22264540980227,47.61986970058549],[-122.22270804623598,47.61982738484118],[-122.22264375240817,47.619786358968398],[-122.22170058668283,47.619184379596703],[-122.22135741659089,47.618592528607181],[-122.22210090898918,47.61839175422994],[-122.22211575711216,47.617298141459173],[-122.22227815409353,47.616784532163457],[-122.22229544524926,47.616729902681648],[-122.22221581232769,47.616778695165415],[-122.22214127418881,47.616822155314928],[-122.22200587666772,47.616885707040929],[-122.22186137552708,47.616939312481186],[-122.2217093701432,47.616982440640697],[-122.22155158578437,47.617014585660108],[-122.22138962527207,47.617035404517537],[-122.22122538010306,47.617044635398024],[-122.22106062114523,47.617042235971311],[-122.2208970828173,47.617028188742921],[-122.2207366613885,47.617002668145865],[-122.22047144139782,47.616903176643511],[-122.22022669762424,47.616633774319254],[-122.22005959770522,47.61649788218191],[-122.22003549498126,47.615593340166136],[-122.22018855153328,47.615402283269539],[-122.21973909879766,47.615245953335595],[-122.21918112007914,47.615002330088707],[-122.21882298143503,47.614833957554971],[-122.21836575215765,47.614468592844517],[-122.21802255255834,47.614163069727034],[-122.21761497484253,47.613907152054459],[-122.21732187344286,47.613760394447674],[-122.21705259220617,47.613558730459332],[-122.21668627211791,47.613379389304804],[-122.21663744440254,47.61335767735941],[-122.21580768776792,47.613004938656907],[-122.2147332562778,47.612483276039171],[-122.2139113640158,47.612103122873457],[-122.21363435438822,47.61193980698922],[-122.21336554427901,47.611787480516618],[-122.21268219610012,47.611494386131703],[-122.21209631602525,47.611222808464881],[-122.21164938711621,47.611082193707944],[-122.21143786165833,47.61098992350415],[-122.21136435826529,47.610924449679629],[-122.21073779180914,47.610636610804967],[-122.21000474933041,47.6102230667748],[-122.20980991556326,47.610180048334115],[-122.20944499035782,47.610143274962084],[-122.2091850409621,47.610067650798086],[-122.20897304850027,47.609920525839108],[-122.20889117984387,47.609833134655112],[-122.20886662758413,47.609805859819176],[-122.20874400732882,47.609691230453855],[-122.20856325039604,47.60942332321261],[-122.20832666837217,47.609248894850516],[-122.2079191350478,47.608987466721153],[-122.20756746071785,47.608638061441205],[-122.20729669383539,47.608271822731744],[-122.20713177971999,47.607970960569929],[-122.20694375563255,47.60740826376253],[-122.20693889953385,47.607224530416424],[-122.20698417289738,47.606880930287993],[-122.20708860776689,47.606720413367441],[-122.20734615257922,47.606653924405229],[-122.20767929552623,47.606762140631005],[-122.20780958697576,47.606832857187435],[-122.20796387692135,47.606876052557283],[-122.20836943467289,47.606929087488453],[-122.20873527327406,47.607064585035396],[-122.20884083873881,47.607097017442882],[-122.20916686190695,47.607303940541875],[-122.20964689679244,47.607521167403483],[-122.21022475570969,47.607809262097014],[-122.21062409649019,47.608059749571474],[-122.2110235365668,47.608321216137163],[-122.21107216844169,47.608320995563602],[-122.21123505205472,47.608413487193353],[-122.21128345465807,47.608391360088525],[-122.21132423280797,47.608424047405514],[-122.21138889968378,47.60840730476697],[-122.21145398729885,47.608434432209037],[-122.21151880425371,47.608439651978905],[-122.21162409972534,47.608433688831447],[-122.21184309103215,47.608465614189853],[-122.21189959023485,47.608443439942192],[-122.21199704621355,47.608464933823953],[-122.21227241515588,47.608458253481501],[-122.21262109238818,47.608495084692919],[-122.21301878564195,47.60857556325135],[-122.2135387520164,47.608732301023196],[-122.2137496581648,47.608758764323674],[-122.21391850932339,47.608769610860286],[-122.21400088228154,47.608774098971487],[-122.2144954491484,47.608815765465359],[-122.21457650370766,47.608820865368116],[-122.2148035405904,47.60884181276154],[-122.21502838989383,47.608637908502821],[-122.21527646721735,47.608318742545045],[-122.21539443042555,47.607950802992868],[-122.21557689381955,47.607549687399441],[-122.21591058249099,47.606873715496725],[-122.21598116714738,47.606626622798863],[-122.21586892013747,47.605914243877081],[-122.21570615471752,47.604988238252673],[-122.21565374665215,47.604593630379625],[-122.21555287570955,47.604215729733411],[-122.21554428390954,47.604166374495293],[-122.21550334153632,47.604117230715126],[-122.21536153015295,47.603690129345274],[-122.21536035390753,47.603569474065452],[-122.21530268334337,47.603471019971209],[-122.21528459965006,47.603273696694465],[-122.21522725785297,47.603208159224394],[-122.21521840702148,47.60313141859519],[-122.21498738606364,47.602693759926758],[-122.21464986586631,47.602124976877903],[-122.21459115985711,47.601916846911749],[-122.21450867882679,47.601763678412013],[-122.21439439570044,47.601670967882519],[-122.21428046685152,47.60161662314443],[-122.21405307484913,47.60155183175128],[-122.21391462126483,47.601475688990135],[-122.21346448705944,47.600989617856023],[-122.21343174209053,47.600951407678352],[-122.2132600275451,47.6007821482618],[-122.212608743959,47.600439594983492],[-122.21212079310035,47.600233373244542],[-122.21169837259923,47.600103625115317],[-122.2113328266888,47.599995573145463],[-122.21092599411254,47.599799951937733],[-122.21086043963832,47.599717998776711],[-122.21083523854509,47.599624890750633],[-122.21084129913177,47.599410996778914],[-122.21095156842186,47.599081489424194],[-122.21095075455618,47.598999225871196],[-122.2108754206765,47.598741835579929],[-122.21061137953195,47.598233036107452],[-122.21060292945239,47.598194687294679],[-122.21054249044393,47.597805593513456],[-122.21040244933896,47.597553963013397],[-122.21027104868998,47.597362643183956],[-122.21015486779602,47.597072481026728],[-122.21012851628245,47.596853263642792],[-122.2102218045034,47.596447059098423],[-122.21035664789065,47.596150356687239],[-122.21083463940194,47.595314689888163],[-122.2110247700558,47.594869675191489],[-122.21099056492132,47.594683392041738],[-122.21091694639146,47.594606933880328],[-122.21074522903668,47.59443221839684],[-122.21036263002914,47.594225528561097],[-122.21022391364046,47.594116490741463],[-122.21016646317595,47.594034490169065],[-122.21013351996919,47.593979765814694],[-122.20991418340215,47.593059491098117],[-122.2097903762394,47.592813296805829],[-122.20966018060707,47.592748029743575],[-122.20928688345013,47.592667454907954],[-122.20918116729901,47.592624040632408],[-122.20905062099069,47.592520432906191],[-122.20894920063681,47.592076705449209],[-122.20885001326558,47.591863263377384],[-122.20854865927859,47.591683632341109],[-122.20832795941273,47.591465232786781],[-122.20794906770463,47.590797917127325],[-122.20747650992433,47.590492911010664],[-122.20724777616631,47.590285536202025],[-122.20719842979871,47.590203488325869],[-122.20718179283364,47.590154230307149],[-122.20713838442134,47.589847327441682],[-122.20701264076816,47.589392723059696],[-122.20686371481703,47.589064366574654],[-122.2066836054555,47.588856742863143],[-122.20658501007993,47.588703655005922],[-122.20634229234703,47.587871213485691],[-122.20625128427919,47.587663197876765],[-122.20612801372286,47.587471822405412],[-122.20601117248393,47.587104940448619],[-122.20585240952968,47.586795399798724],[-122.20409068342443,47.586782515937479],[-122.2041064999261,47.586922776401487],[-122.20393064138638,47.586921512203936],[-122.20390404706241,47.586782958326395],[-122.20374175182121,47.586783450367392],[-122.20377766367642,47.586996777307149],[-122.20330855481947,47.586994247524984],[-122.20330713756708,47.586801825372568],[-122.19655518980272,47.586741454280173],[-122.19651074833816,47.583841420765722],[-122.1974423611165,47.583853449979273],[-122.20431670684361,47.583857311386552],[-122.2043969434383,47.583857300444542],[-122.20437531844611,47.583843756904173],[-122.20434240699785,47.583823067546618],[-122.20426555126585,47.583773530852739],[-122.20417150977939,47.583728834995192],[-122.20407438854542,47.583701689799824],[-122.20397218730275,47.583680422838611],[-122.20390285731035,47.583663520393728],[-122.20378478503996,47.583623727349519],[-122.20369085292548,47.58358251896005],[-122.20362626767809,47.583544562638743],[-122.20358755481934,47.58350522962899],[-122.20354849416498,47.583446005808632],[-122.20351550258144,47.583347076032517],[-122.2034603941777,47.58317590621072],[-122.20344605111555,47.583060429674539],[-122.20343434445486,47.582814172267071],[-122.20343905580845,47.582614450969942],[-122.20343700064029,47.582509383717941],[-122.20342846908552,47.582425386486996],[-122.20338500947233,47.582231955480488],[-122.20335228899923,47.582058268798633],[-122.20333749370671,47.582008202382774],[-122.20328467163321,47.581953788973166],[-122.20323934712535,47.581928495862037],[-122.20316467816755,47.581899949558412],[-122.20289417718941,47.581832333437902],[-122.20271945695941,47.581805881827073],[-122.20259514153268,47.581798818981511],[-122.20207680813643,47.581844337732313],[-122.2017078436938,47.581847611907712],[-122.20129320872245,47.581813957419143],[-122.2009955698984,47.581765248067754],[-122.20075292014897,47.581706698490294],[-122.20048154070429,47.581587687075007],[-122.20025015288766,47.581398223556775],[-122.19999692396519,47.581148290311042],[-122.199487931486,47.580522319923297],[-122.19907983653589,47.580114966411493],[-122.19889719732478,47.579948447507618],[-122.19873716901697,47.579879835913026],[-122.19856788661815,47.579805420872667],[-122.19847116589249,47.579754994175282],[-122.19841279397465,47.579717252129313],[-122.19834404162478,47.579669655343835],[-122.19822904822321,47.579568156886928],[-122.1981106568474,47.579465898207111],[-122.1979181391834,47.579302708908379],[-122.19772383319641,47.579190416285286],[-122.19860873311531,47.5789253384334],[-122.19412666509096,47.577735423014033],[-122.18985965005302,47.57769330482374],[-122.18897164688984,47.577088360510132],[-122.1923936323815,47.571653214076427],[-122.19242590175865,47.571601936463459],[-122.19250849462584,47.571589293450806],[-122.19291973237846,47.571526310383916],[-122.19340619291282,47.571606473639704],[-122.19369752164019,47.571594291287333],[-122.19407745723797,47.571543275429505],[-122.19449716469708,47.571404393162311],[-122.19457766950438,47.571354729948077],[-122.19463407472172,47.571327056455722],[-122.19475498106145,47.571271692401446],[-122.19480297619145,47.571211171623361],[-122.19482534411166,47.571002675136548],[-122.19466813315594,47.570635961972997],[-122.19418344531721,47.569864829867896],[-122.19403487566161,47.56955289946179],[-122.19387741501876,47.569303703304534],[-122.19384355492924,47.569250069682816],[-122.19388303099498,47.569194639612107],[-122.19459723081997,47.568191788069456],[-122.19022556539429,47.563697376325933],[-122.19636770299637,47.553082112144139],[-122.19769349027605,47.553099235695107],[-122.19774627400921,47.546027639051815],[-122.19517034030353,47.546008899460318],[-122.1952029758275,47.545558540448326],[-122.19446553649014,47.545554566890694],[-122.19054065964781,47.545548063499645],[-122.19057185663839,47.542364365235116],[-122.18547957754733,47.542304914691698],[-122.18441347116934,47.542016832264579],[-122.18255695357661,47.541584301660173],[-122.18052956139245,47.54133041040096],[-122.17834889090975,47.541266879188875],[-122.17167819103796,47.541063871763733],[-122.17127130898294,47.540999256487986],[-122.1709664844805,47.540922929369252],[-122.17066259033143,47.54081091510195],[-122.17037886767179,47.540667326814074],[-122.1701498818537,47.540506524723448],[-122.1700006656916,47.540383403576683],[-122.1698670795864,47.540243955583975],[-122.16957343617895,47.540243161891716],[-122.16502400887751,47.540229609498105],[-122.16397344218998,47.54284398144744],[-122.16391922530788,47.54295693564584],[-122.16384787607542,47.54316436933081],[-122.16380892324689,47.543375718436074],[-122.16380280647068,47.543588664793667],[-122.16382960313426,47.543800861200161],[-122.16388902718798,47.5440100222905],[-122.16398039098196,47.544213809038119],[-122.16410272905799,47.544410050084906],[-122.16425693797096,47.544599282173451],[-122.16421880740675,47.545656302031965],[-122.15351138468027,47.5456495945878],[-122.15339548470457,47.542055056321225],[-122.14282040690303,47.542010644454898],[-122.14287616138679,47.53959213873479],[-122.13834946006179,47.53884246633276],[-122.13686763188554,47.538554858920115],[-122.13581830759395,47.538243870717018],[-122.13479386352179,47.537882484976414],[-122.13375036444691,47.537390614961396],[-122.13294168426256,47.536990187832274],[-122.13238354555652,47.536573767447358],[-122.1323863792792,47.535997739326199],[-122.13187359158769,47.535551466144831],[-122.13137781987503,47.535285117905985],[-122.13066459430775,47.535055974113739],[-122.13002242818347,47.534951091236614],[-122.12943554867648,47.535004853424709],[-122.12903598297974,47.535135703167974],[-122.12875649934143,47.53534458359173],[-122.1286336723786,47.535425903105065],[-122.12771207066818,47.535257749063668],[-122.12714580698911,47.53532013617459],[-122.12691739175277,47.535241591894341],[-122.12652369985921,47.535241920397993],[-122.12596801594616,47.535466767643655],[-122.12546220261474,47.535862807904827],[-122.12508029683663,47.536618264830899],[-122.12438098006844,47.536868706780453],[-122.12410362763468,47.537129945994593],[-122.12371841520117,47.537124440568938],[-122.12335943587661,47.537290547972127],[-122.12215232448295,47.537523463393327],[-122.12173511943266,47.537658842074521],[-122.12113132345056,47.537763561230847],[-122.1207916646766,47.537880736319821],[-122.12061182356729,47.537981912327496],[-122.12039258003782,47.538193748559706],[-122.11723054826231,47.538165598293006],[-122.11666747680749,47.537387533788326],[-122.11654178601177,47.537271064726298],[-122.11600821103242,47.537265235268023],[-122.11570017471217,47.53699646541132],[-122.11549522815402,47.53680756906882],[-122.11535322125506,47.536618122331404],[-122.11527880816347,47.536371911319868],[-122.1111060389087,47.5362874989654],[-122.11121193844924,47.539587951230999],[-122.10849166929,47.539548516314071],[-122.10830115829847,47.539539436653044],[-122.10829866421322,47.540605166286177],[-122.11005484232697,47.540598334187052],[-122.11004819550065,47.541283650034117],[-122.10999483251229,47.542643124347542],[-122.11082877285453,47.542613478417238],[-122.11079763228402,47.542977815440743],[-122.11184058349025,47.542983900914656],[-122.11181654009519,47.544273890159367],[-122.11191927553297,47.544377653247125],[-122.11204144089476,47.544648136994738],[-122.10955953773136,47.544506297315003],[-122.10955161634642,47.545323881175683],[-122.10808669938675,47.545314786935478],[-122.10796652235085,47.545314039662514],[-122.10760460798092,47.545311790103817],[-122.10738351426866,47.545310414568554],[-122.10738308437074,47.54539866356437],[-122.10738287149157,47.545442525808461],[-122.10704453924112,47.545529547768808],[-122.10697934440041,47.545546316491389],[-122.10689920675782,47.545566928270887],[-122.10689939020544,47.545529492050321],[-122.10689947419232,47.545512415306924],[-122.10690049629159,47.545307394326571],[-122.10567286437934,47.545299742141871],[-122.10559238865748,47.54529926013862],[-122.10559212064753,47.545356007618963],[-122.10558022247641,47.547752010385302],[-122.1044732812374,47.547745124406852],[-122.10447724112454,47.546952241077712],[-122.10448553197368,47.545292346816588],[-122.10440305988584,47.545291394031189],[-122.10054226820472,47.545246725255367],[-122.10049581637145,47.545246187806562],[-122.10043191407102,47.548711959393515],[-122.10043875990216,47.548940355573002],[-122.10066208568351,47.548944746250577],[-122.1007046480143,47.548945649272447],[-122.10133234614389,47.548982854949145],[-122.10188487276116,47.549055561414754],[-122.10196544968628,47.549066184555748],[-122.10196519742895,47.549114861663789],[-122.10196151339669,47.549850960197837],[-122.10196122928026,47.549906945785516],[-122.10188070753341,47.549904581668052],[-122.10174364316849,47.549900557153833],[-122.10154280355111,47.549880237519773],[-122.10134621559425,47.549845816899939],[-122.10115599124025,47.549797665694953],[-122.10097425850817,47.549736336708385],[-122.10082780638672,47.549673159773256],[-122.10073490105788,47.549628542506476],[-122.10073511526312,47.549579755304791],[-122.10073741026959,47.549127389624722],[-122.10043540567771,47.54911503406047],[-122.1004075663196,47.557041494143505],[-122.10039767925629,47.558933605212836],[-122.1000099495166,47.559252693345023],[-122.09888532104911,47.559242676363127],[-122.09798613249798,47.55923465996819],[-122.09823571305125,47.559682988998915],[-122.09872852402124,47.560570429237615],[-122.09823607813112,47.562476177301932],[-122.09866184362316,47.564024896423732],[-122.09870121425932,47.564278191562899],[-122.09873068748537,47.564472417199667],[-122.09877630369422,47.564771226029166],[-122.09884780509219,47.565231129424127],[-122.09888400228358,47.565473863947339],[-122.0989350065624,47.565819288358014],[-122.09897599276644,47.566087604341377],[-122.09906369584432,47.566449152429179],[-122.0991091610768,47.566645288500318],[-122.09915576703712,47.566809083327847],[-122.09953356217201,47.567794574877212],[-122.09953817761496,47.567806615050202],[-122.09962287184263,47.568027539354482],[-122.09965778266678,47.568118602536273],[-122.09966902647241,47.568147931133218],[-122.09967424740259,47.568157553977116],[-122.09970789842792,47.568219571583199],[-122.0997092659519,47.568222093156017],[-122.09985194631761,47.568485043693258]],[[-122.10795530957822,47.545582979818256],[-122.10808984114726,47.545588745529358],[-122.10809715261544,47.545589059289874],[-122.10810175559629,47.54722394008251],[-122.10689425071564,47.547216159936347],[-122.10689734100305,47.546593810608734],[-122.10690134822127,47.54578687707869],[-122.10755947252855,47.545617617359646],[-122.10764157303598,47.545596498563484],[-122.10771999578944,47.545590291323677],[-122.10775347933115,47.5455876441127],[-122.10795530957822,47.545582979818256]],[[-122.11520138002416,47.547265414591635],[-122.11578147896545,47.547271195680921],[-122.11581809396118,47.548329172942815],[-122.11581818378048,47.54835413830979],[-122.11581444831926,47.548378971427098],[-122.11580687932751,47.548403399839557],[-122.11579559610944,47.548427151121516],[-122.1157806722203,47.548449977769927],[-122.11576234603974,47.548471634493033],[-122.11574073365189,47.548491874097003],[-122.11571615171621,47.548510447505365],[-122.11568880073625,47.548527218799158],[-122.11565903721757,47.548541938349295],[-122.11562717984228,47.548554467698409],[-122.11559355076572,47.54856469532811],[-122.11555850767246,47.548572454354023],[-122.11315055879351,47.5486009479147],[-122.11314639327367,47.548181557088554],[-122.11522542600791,47.548174575215569],[-122.11520138002416,47.547265414591635]]]},"properties":{"CityName":"Bellevue"}},{"type":"Feature","geometry":{"type":"Polygon","coordinates":[[[-122.2189725652462,47.734869019995251],[-122.21853116751585,47.734195311475993],[-122.21771114704848,47.733737899623456],[-122.21732829771763,47.733591710698668],[-122.21706222172101,47.733520270891439],[-122.21680832082711,47.733451837744227],[-122.2158639824881,47.733231401142945],[-122.21528694996987,47.733101220024629],[-122.21460619970753,47.732938265424792],[-122.21382370913496,47.732731957124159],[-122.21357897980819,47.732639540205795],[-122.21315466138292,47.732404027181808],[-122.21322434770453,47.732992615928588],[-122.20754656444433,47.732967777933354],[-122.20722007338011,47.732964627270121],[-122.20720644207761,47.733106713702824],[-122.20605619974749,47.733107604752227],[-122.20398173355682,47.733125897183591],[-122.20197150062828,47.73311928716398],[-122.20084248570589,47.733123754094741],[-122.19922879817105,47.733131267812418],[-122.19823041745742,47.733153752594191],[-122.19677125534292,47.73318690626899],[-122.19523323927767,47.733157371716175],[-122.19403382149444,47.733178747410534],[-122.1922120447816,47.733149296461526],[-122.19028454015374,47.733141287928945],[-122.18953383100974,47.733144163408397],[-122.18884170783616,47.733130235017455],[-122.18885326812554,47.733054598837093],[-122.18776514575553,47.733070313889144],[-122.1877535338147,47.733129911658516],[-122.18698070361856,47.737969084525304],[-122.18687345994613,47.738603946292308],[-122.18674659702066,47.739664630288964],[-122.18668698045954,47.740310411231683],[-122.18666222477231,47.740740734970409],[-122.18665696881064,47.740849606027133],[-122.18418781990295,47.7400195132413],[-122.1756576599077,47.737159365892332],[-122.17561467649847,47.737680453615667],[-122.17532898757615,47.742911032870659],[-122.17512663958509,47.745584707752904],[-122.17503642154369,47.747382874843368],[-122.17444383562552,47.747389375047796],[-122.17444042031501,47.747445134908681],[-122.17435056299513,47.747961769430532],[-122.17434608366509,47.747983054384321],[-122.17408873892627,47.748866610064951],[-122.17373750719054,47.749820902419081],[-122.17372077121826,47.749963343381253],[-122.17429779313574,47.749956928884217],[-122.17420832579079,47.750954587454096],[-122.17495166563148,47.750951502202177],[-122.17496696882571,47.751557549557539],[-122.17495753190725,47.752841953335931],[-122.175076019325,47.753085168403921],[-122.17510149938167,47.753137434378189],[-122.17512132154482,47.75319372655138],[-122.17515173377704,47.753279943262307],[-122.17518550539968,47.753446429966338],[-122.1751932933533,47.753614368240569],[-122.17517502347887,47.753781961968592],[-122.17513090035308,47.753947329171332],[-122.1750890942277,47.754088188948757],[-122.17507088379493,47.75414952510161],[-122.17500200722476,47.754298438006728],[-122.1749761176913,47.754353167634818],[-122.17505689188931,47.75435276360114],[-122.17592731694363,47.754348523533544],[-122.17593048163492,47.754826555799475],[-122.17558708359188,47.755634603810144],[-122.1755546226405,47.755711072969909],[-122.17531762837187,47.756080554529653],[-122.17675485145868,47.756590581340497],[-122.17621282410252,47.757229550739396],[-122.17588944938343,47.757314249266564],[-122.17537634928759,47.757329564602927],[-122.17486050767414,47.75720421728515],[-122.17453081336527,47.757163809145361],[-122.17452157099225,47.758248317577745],[-122.17452113234587,47.758303396754584],[-122.17444013720511,47.758292525725771],[-122.17313550059787,47.758117386810653],[-122.17312343455691,47.758115884577293],[-122.17160819305947,47.757985026892548],[-122.17008095715912,47.757961682725934],[-122.16855844591632,47.758046088786827],[-122.16705739770823,47.758237309432012],[-122.16578822332238,47.75823334283146],[-122.16448700520436,47.758227996144605],[-122.16331848704266,47.758220747856804],[-122.16352365981339,47.76166738283591],[-122.16621511395552,47.761688753625897],[-122.16619789895924,47.761784139919129],[-122.16621221413587,47.765355264850356],[-122.16375439124521,47.765361984780547],[-122.16642503019396,47.768818846062878],[-122.16646537613184,47.768871064500495],[-122.16646834862721,47.768927420452371],[-122.16654549102229,47.770407766300252],[-122.16685430166847,47.770406700995856],[-122.166928601187,47.776194315719124],[-122.16937163189219,47.776211949570509],[-122.16967460989176,47.776223484849396],[-122.16967199312319,47.776765050586043],[-122.17066148216166,47.776770872388539],[-122.17064844348435,47.777185497144878],[-122.17135909881065,47.777207497515356],[-122.1713527308119,47.777634002673743],[-122.17212114489645,47.777638725566966],[-122.17210425401562,47.778119780603831],[-122.17242203115551,47.778122764667373],[-122.17250533859296,47.780023699572304],[-122.17251104226322,47.780126851808589],[-122.17513044613835,47.780141799989295],[-122.17525153822668,47.780142489495887],[-122.17543269673631,47.784651489927597],[-122.17553759950857,47.787262158165639],[-122.17560772882807,47.787263187738098],[-122.18598074580848,47.787414954111149],[-122.18598241810786,47.787438514271429],[-122.18623621193883,47.791014844100467],[-122.18650055275621,47.791019324610481],[-122.18653983209927,47.791019990839828],[-122.18653295751908,47.791236839768303],[-122.18631108706262,47.79823454696475],[-122.18629891654197,47.79841363057637],[-122.18628743999173,47.79858248798628],[-122.18620964838752,47.798966756011488],[-122.1861896171775,47.799065702056261],[-122.18590175569115,47.802687318993215],[-122.18584357626212,47.805450935199914],[-122.18602813796988,47.805451017842046],[-122.18613249592127,47.805451064545267],[-122.18613149187109,47.80559056922673],[-122.18607038026538,47.814084637688467],[-122.18612819653025,47.814098343998346],[-122.1877718197027,47.814487975575268],[-122.18779353232308,47.814492168893842],[-122.18810139860238,47.814539213985761],[-122.1884149037184,47.814564339799453],[-122.18873056596978,47.814567251108457],[-122.18904494561235,47.814547922855901],[-122.18935461121785,47.814506549369732],[-122.18965617560791,47.814443623896238],[-122.18994629328307,47.814359773133646],[-122.19022183045655,47.814255980539926],[-122.19047973770756,47.814133360601446],[-122.19100320158839,47.81379256185167],[-122.19126793008333,47.813620208241261],[-122.19177966230664,47.813287036301006],[-122.19351970324804,47.812154105529217],[-122.1935285531579,47.812147682158603],[-122.19368525056028,47.812045858113372],[-122.19385689130338,47.811955612340576],[-122.19404163199357,47.811877968956864],[-122.19423739002248,47.811813735178774],[-122.19444203486131,47.811763637975233],[-122.19465331337297,47.811728243299406],[-122.1948689693954,47.811707895894507],[-122.19508658279297,47.811702864640026],[-122.1953037681737,47.811713167878438],[-122.19551817821963,47.811738719979438],[-122.19670434953066,47.812034991758523],[-122.19694664760324,47.812080636845906],[-122.19725715807724,47.812118405386151],[-122.19757184565307,47.812134104399973],[-122.19788722903637,47.812127573859705],[-122.19819987305907,47.812098843791858],[-122.19850634771855,47.812048272489449],[-122.19880330830165,47.811976378946596],[-122.19908745403663,47.811884010757005],[-122.19935573102508,47.811772092012355],[-122.19960517249839,47.811641930534478],[-122.19983301726663,47.811494913029982],[-122.19996764388578,47.811387722443172],[-122.20003877888817,47.811331070070032],[-122.20009505947331,47.811277653766531],[-122.20046511753698,47.81092822143637],[-122.20071272881265,47.810682494311443],[-122.20113879482049,47.810251893800867],[-122.20121937108159,47.810184100253771],[-122.201411513282,47.81004556658894],[-122.20162406712646,47.809921311795563],[-122.20185479813942,47.80981269136602],[-122.20210105986715,47.809720952559168],[-122.20236024490866,47.809647017373955],[-122.20262945989133,47.80959175711947],[-122.20290576266697,47.809555769499873],[-122.2031861712256,47.809539407270385],[-122.20492352557241,47.809541460303748],[-122.21698402418083,47.809554999674532],[-122.22227328379762,47.809560545965425],[-122.22245738241895,47.809566067693865],[-122.22282410777747,47.809596568675381],[-122.22318411062585,47.809652757496472],[-122.22316821140603,47.809621294053457],[-122.22303501260835,47.809357694708048],[-122.22837368531158,47.809362517624557],[-122.22826767031061,47.809158629041853],[-122.22979653742556,47.809161232619907],[-122.22783262536532,47.805758681205283],[-122.22834330652096,47.805767656944255],[-122.23128225866009,47.80581926592118],[-122.23131925501336,47.805819609250044],[-122.23131872304182,47.805813240719033],[-122.23131828467328,47.805791470842799],[-122.23131752130871,47.805753581731992],[-122.23132577984681,47.805661863055363],[-122.2313666103793,47.805527442937176],[-122.2314262029265,47.805401239963025],[-122.2315384112045,47.80526616877988],[-122.23166355059077,47.805152957795237],[-122.23180649699245,47.805060826049996],[-122.2318695187612,47.805026725426423],[-122.23194030280709,47.804992580082931],[-122.23202579740072,47.804958274607174],[-122.23211528643141,47.804927608618172],[-122.23223419591937,47.804892506328223],[-122.23233397969111,47.804871169232918],[-122.23244856806696,47.804852311387364],[-122.23255435849289,47.804842194351068],[-122.23250561122242,47.802414090668194],[-122.23258463345068,47.802415053725511],[-122.24558447612648,47.802572824141976],[-122.24659098014335,47.802584978411822],[-122.2467905364434,47.802587387667721],[-122.2468003356761,47.802923180452197],[-122.24703244771725,47.802839903535059],[-122.24737161470941,47.802743407689732],[-122.24772384904831,47.802671328303681],[-122.24808537020141,47.802624435915853],[-122.24845214494697,47.802603285409496],[-122.24919830592678,47.802598529430114],[-122.24919728608315,47.802443780351872],[-122.24917340486216,47.798817979753828],[-122.24917290401899,47.79874189253519],[-122.24384777704881,47.798698392308751],[-122.2437777755591,47.790333646064887],[-122.24372671586279,47.784230504727205],[-122.24372659417452,47.784216014831223],[-122.24369467654238,47.784212386976989],[-122.24244588474123,47.784204518111189],[-122.24239593569617,47.784204203184345],[-122.24236731270425,47.78060882404192],[-122.24370135876393,47.780620141662077],[-122.24378962270538,47.777054913983626],[-122.24331314777073,47.777046929166914],[-122.24330741901814,47.776963592659925],[-122.24330660788819,47.776882866968322],[-122.23283767891489,47.776737410587835],[-122.2328325854247,47.776818794752309],[-122.23284325682043,47.776880690886507],[-122.22751780814488,47.776833079183511],[-122.2276446012245,47.772180804730006],[-122.22774342101981,47.769872457083558],[-122.22775387559609,47.768110353849089],[-122.22779595263776,47.76661752548015],[-122.2288014367729,47.766634786007685],[-122.22882242517927,47.765955918073772],[-122.22862048982478,47.765952828127986],[-122.22863441925396,47.765503826438625],[-122.22782660955332,47.765495878206252],[-122.22791269177918,47.762314930584466],[-122.22830202260273,47.753825821644099],[-122.22661332705715,47.753316475282745],[-122.22504974331173,47.752964280586205],[-122.22080290326309,47.75263443341742],[-122.22082429209199,47.752030169208211],[-122.22092258110078,47.751348856986567],[-122.22363120622661,47.751360904816408],[-122.22366991406264,47.74989905772356],[-122.22367136915628,47.749844566858314],[-122.2236671321497,47.749790127511886],[-122.22370875063478,47.747686922196344],[-122.21807123080681,47.74764616104904],[-122.2180771041303,47.738599407097446],[-122.22241403566878,47.738630767445862],[-122.21900702599248,47.734916016352066],[-122.2189725652462,47.734869019995251]]]},"properties":{"CityName":"Bothell"}},{"type":"Feature","geometry":{"type":"Polygon","coordinates":[[[-122.28699784881982,47.806400904378556],[-122.28698171949826,47.804659767923866],[-122.28640517932253,47.80453161008581],[-122.28582156258831,47.804374042354873],[-122.28567354796854,47.804350417438052],[-122.285572860716,47.804343256133592],[-122.28537577103954,47.804346026630313],[-122.28537500105219,47.804318583169049],[-122.28490801072851,47.804339603694473],[-122.28357888429835,47.8043993583616],[-122.28357947621478,47.804426774849347],[-122.28334050618548,47.804422046813457],[-122.2815980124345,47.804185680133479],[-122.28158358960084,47.802811499579697],[-122.28512496161819,47.802838984673357],[-122.28521494748973,47.800056556698507],[-122.28576049515686,47.800060455363734],[-122.28578047965915,47.79928665603704],[-122.28144055300783,47.799266096042658],[-122.28145787749848,47.793792067711713],[-122.28408829052408,47.793803932512851],[-122.28413389018199,47.791706473973086],[-122.28413520489995,47.791645916797229],[-122.28421581251361,47.791646647007568],[-122.28613465512359,47.791663582494877],[-122.28621560119569,47.791674657595571],[-122.28621539295376,47.791612862506426],[-122.28621291236038,47.790922381066864],[-122.28679084468413,47.790915235295827],[-122.28685316122179,47.781014571561123],[-122.2868601464147,47.780130897901103],[-122.28687600036972,47.777385154242154],[-122.28687620219755,47.777348600634035],[-122.2812761638415,47.777283058412976],[-122.27091575041398,47.777103774904262],[-122.26705803892504,47.777098198732801],[-122.26710041427104,47.779068168309614],[-122.26583120739333,47.779085217509227],[-122.26584941374841,47.779633279487264],[-122.26542820930788,47.779934223479607],[-122.26545507537489,47.780743134254493],[-122.26532200410838,47.780733680622639],[-122.26532307461724,47.78220193106128],[-122.26471093512481,47.782201400777723],[-122.26470885067671,47.78249340382029],[-122.26532328966648,47.782495842388549],[-122.26532393447221,47.783380900637091],[-122.26532465613928,47.784369937360331],[-122.26484625985198,47.784368106526173],[-122.26484292861738,47.785546379493439],[-122.26484167415771,47.785546383121712],[-122.263760729327,47.785549115571769],[-122.26339568249804,47.785550036110386],[-122.26340479990716,47.786408544757734],[-122.2634562253937,47.786596851844415],[-122.2635400343222,47.786826132205768],[-122.26361996953518,47.787077781950998],[-122.26392905417484,47.787080094401034],[-122.26393189599189,47.787347414840809],[-122.26401387820017,47.787428344331204],[-122.26401620951627,47.787647616896258],[-122.26440256980182,47.787650505567733],[-122.26440767297993,47.788130165321043],[-122.26181496254053,47.788117768939877],[-122.2612811407113,47.788114244279782],[-122.26226398226029,47.788986164522647],[-122.26232838560172,47.789038589523571],[-122.26239906944356,47.789087202296585],[-122.26247553664354,47.789131662213769],[-122.26255725228891,47.789171657100745],[-122.26264364384581,47.789206907732066],[-122.26273410777019,47.789237165933351],[-122.26282800838304,47.789262220894734],[-122.26289511094191,47.789277971237631],[-122.26300781249186,47.789307757512816],[-122.26311676675746,47.78934331462348],[-122.2632213273709,47.789384430143805],[-122.26332086825947,47.789430859861895],[-122.26341479692613,47.789482325779829],[-122.26350255465783,47.789538522406922],[-122.26364888580468,47.789659715191455],[-122.26372376672221,47.789732013266345],[-122.26378201873399,47.789803529300471],[-122.26383190992411,47.78987786080706],[-122.2638731439101,47.789954564315323],[-122.26390547191399,47.790033183042439],[-122.26396814773184,47.790212186579858],[-122.26413535587928,47.790209633731259],[-122.2643869808758,47.790945938382187],[-122.26425209879223,47.790947997936549],[-122.26458731800824,47.791903728772688],[-122.26383091871412,47.791887681421521],[-122.26225811302869,47.791852821939905],[-122.25576192765966,47.79170920330418],[-122.25611648954278,47.792398777049243],[-122.25642867303756,47.792716638792783],[-122.25709482019123,47.793396206037215],[-122.25749158916895,47.79378743202416],[-122.25787636425412,47.794074284558207],[-122.25884812270625,47.794787109004218],[-122.25895705979697,47.794886865985795],[-122.25908800650824,47.79503273993965],[-122.25921119628092,47.795213436269073],[-122.25931957473173,47.795457192583036],[-122.25954540018594,47.796422167000237],[-122.25958621947007,47.796421595612408],[-122.25958485846782,47.79657517334136],[-122.25957614500177,47.796630797446021],[-122.25952556295398,47.796766461505804],[-122.25948260719777,47.796766822123551],[-122.25941465730834,47.796877815159782],[-122.25934906196852,47.796954374482461],[-122.25926971976396,47.797027766407524],[-122.25931039772114,47.797027387939124],[-122.25902296673553,47.797260568673039],[-122.25859552054874,47.797504165531493],[-122.2584291521633,47.797595277348449],[-122.25867121647599,47.797605926997186],[-122.26003523553575,47.797702430171874],[-122.26018930534123,47.806290855940468],[-122.26313887965007,47.806303039921623],[-122.26639542733236,47.806316405189754],[-122.26645128580229,47.809028014041964],[-122.26936279846095,47.80900259116099],[-122.26936410869872,47.808819102305343],[-122.26889025415936,47.808464683211184],[-122.26907497209211,47.808270966172735],[-122.26941502923633,47.808008940800967],[-122.26978971057113,47.808147212922762],[-122.26980925868084,47.808123174555305],[-122.26943457743472,47.807984901595205],[-122.26957607496628,47.807810755816071],[-122.26946796603036,47.807663303627038],[-122.26938954008477,47.807285986810285],[-122.26936657598419,47.806596454393699],[-122.26980956007699,47.806610603705224],[-122.26982687536508,47.806571340160509],[-122.26945880957008,47.806544818541759],[-122.26945013947059,47.806284494070042],[-122.27085527822965,47.806298131411701],[-122.28699784881982,47.806400904378556]]]},"properties":{"CityName":"Brier"}},{"type":"Feature","geometry":{"type":"Polygon","coordinates":[[[-122.30767657981659,47.506720423261356],[-122.30768245256461,47.506894025078573],[-122.31269668089902,47.50687251935738],[-122.31262192647922,47.503170953449846],[-122.32398380033439,47.503119977221594],[-122.32390430496569,47.50304884355662],[-122.323700696069,47.502952832055691],[-122.32362800515193,47.502854768850277],[-122.32363913278107,47.502729286499473],[-122.32375161810911,47.502638763665168],[-122.32404175938601,47.502561120020438],[-122.32443450355727,47.502554963790807],[-122.32448156976683,47.49964964566292],[-122.32609568487189,47.499652861566055],[-122.32832210650461,47.499716127530895],[-122.33546869189335,47.499693202687901],[-122.3430014889247,47.499577179056487],[-122.34684021756318,47.499505738819394],[-122.34744697606661,47.499510183774333],[-122.34744363917127,47.501330603077278],[-122.3535182293592,47.501221298862461],[-122.35348742190864,47.502646151232938],[-122.35409440960484,47.502641621362272],[-122.3591466367901,47.502612499807732],[-122.36425575437598,47.502614867968944],[-122.36845396196252,47.502617610018746],[-122.37127111826118,47.502615890590938],[-122.37302789188035,47.501061199568809],[-122.37314778340173,47.500940983540012],[-122.37336263217617,47.500737006944391],[-122.37360639969214,47.500453516304773],[-122.3738050821627,47.500154293674527],[-122.37391603932487,47.499900237925026],[-122.37481703569647,47.497264560058198],[-122.37627094957058,47.496550349605371],[-122.40723577489327,47.481100894906376],[-122.40696922816879,47.480348655480611],[-122.4066233568763,47.479196962585519],[-122.40647283135205,47.478724514132708],[-122.40584354910762,47.476220380635162],[-122.40555062896101,47.474211596603816],[-122.40533646198995,47.472072588143767],[-122.40529819252114,47.46946370761799],[-122.40540025353938,47.467618625502645],[-122.40563146942607,47.465679539693689],[-122.40615785818191,47.46314396802979],[-122.40634289107678,47.462641068854609],[-122.40702710217008,47.460507446263207],[-122.40742949073613,47.458593046859178],[-122.40770139628464,47.456584664821371],[-122.40777108857009,47.454715013596974],[-122.40779075343201,47.453286297720439],[-122.4076147079795,47.451588219143531],[-122.40729853183512,47.449832686675215],[-122.40700367283522,47.448545454842034],[-122.40635149520909,47.446490690246023],[-122.40584781074233,47.44522144983879],[-122.36169407135911,47.445248056469161],[-122.36176765299791,47.445289622398001],[-122.36169497772343,47.445289079595916],[-122.35541094482087,47.445241673176348],[-122.35538754361436,47.448822766159715],[-122.35628425520723,47.448299086235977],[-122.3563895718993,47.448809409123896],[-122.36083811332041,47.448856016435123],[-122.3616473149677,47.449678715987631],[-122.36206793247337,47.449689409329729],[-122.36224145667867,47.450139188477486],[-122.36217286600754,47.450165567852778],[-122.3619252893222,47.450260836064139],[-122.36166174370207,47.45038658385041],[-122.36145679845403,47.450463123698079],[-122.36124119289333,47.450524722078455],[-122.36101728337678,47.450570672762858],[-122.36078747068937,47.450600516237252],[-122.36076135581257,47.450602826208168],[-122.36054275062313,47.450614179743624],[-122.36032705870484,47.450640961467734],[-122.36011672462806,47.450682874976572],[-122.36008698163144,47.45069012894681],[-122.3598380370331,47.450729134760287],[-122.35820502364872,47.450763010388968],[-122.35822712983989,47.452474344999438],[-122.3393401913462,47.4524603643438],[-122.33931646560869,47.45604559793756],[-122.33659208588519,47.456039374838582],[-122.33662785978646,47.45788537872037],[-122.33413397582878,47.457877829883152],[-122.33376573561507,47.457870724008735],[-122.33375122488704,47.452526452078914],[-122.33377081176441,47.448854367848668],[-122.33364802869082,47.448853688228212],[-122.33364087443697,47.447257034255962],[-122.33366526226479,47.445181102693446],[-122.33518922392967,47.433938749661309],[-122.33550850090323,47.431011686514033],[-122.32522246495405,47.430940857345398],[-122.32522914559756,47.431173226618135],[-122.32444797397953,47.439792973612654],[-122.32262283587362,47.438802329708921],[-122.32257764952536,47.438934517848963],[-122.32256343157248,47.43897612713085],[-122.32252687332705,47.439044077087125],[-122.32174866195321,47.440489247826015],[-122.32090940259286,47.442628257463213],[-122.32090063033237,47.442684017391066],[-122.32089576205632,47.442800129379769],[-122.32090877265054,47.44291592801828],[-122.3209395520022,47.443030161798006],[-122.3216806325814,47.445557866961273],[-122.32332859199127,47.449411810663825],[-122.32552909058836,47.453073528196789],[-122.32556156575215,47.453127624026578],[-122.32559890803988,47.453181890832596],[-122.32635002759973,47.454274452615742],[-122.32534989122934,47.457783085147035],[-122.32533325689261,47.457841429051783],[-122.32531373304067,47.457892494199911],[-122.32520096311507,47.458187314222116],[-122.32496778604006,47.458625664060243],[-122.32471069247967,47.458985649728007],[-122.32466667178615,47.459047290440196],[-122.32462980052618,47.459095501330431],[-122.32451308593167,47.459248154717365],[-122.32420568851549,47.459647022489975],[-122.3240981953774,47.459781754415161],[-122.32395975366676,47.459984185880167],[-122.32385325609711,47.460195298017716],[-122.32377989895163,47.46041281671868],[-122.32375127410987,47.46057367700503],[-122.32373786052285,47.46068286088866],[-122.32368127765066,47.461687207059704],[-122.32372164775633,47.465562753134307],[-122.3237220239802,47.465597127507301],[-122.32368901936533,47.465672124709663],[-122.32362887517043,47.465808812092625],[-122.3234078742677,47.466198147767635],[-122.3231280707693,47.466569687431608],[-122.32284603680337,47.466863605901828],[-122.3227346217849,47.466973754027435],[-122.32240137134413,47.467286824201231],[-122.31928819665976,47.470189567045438],[-122.31888619824862,47.470564614047518],[-122.31663298326401,47.472670772029886],[-122.31622228289005,47.473071000859882],[-122.31616481551501,47.473127015176715],[-122.31611418258628,47.473181109057869],[-122.31603109696977,47.473272679773373],[-122.31593153494764,47.473413591588951],[-122.31588300567044,47.473505966748213],[-122.31585410374724,47.473560992439168],[-122.3158297366747,47.473615537086104],[-122.31569339242319,47.473920815563829],[-122.31564450524931,47.474030342573897],[-122.31558685878241,47.474172611332797],[-122.3155344419645,47.474350029545668],[-122.31551859417836,47.47448354898561],[-122.31551221928309,47.474537154159897],[-122.31550845911055,47.474592695047981],[-122.31543289782624,47.475707481901502],[-122.31525319218105,47.476830074833394],[-122.31409405250638,47.482834767669857],[-122.3139056469456,47.483926724651234],[-122.31389623239605,47.483981256711758],[-122.31388284191016,47.484035991104896],[-122.31366587948864,47.484922513310671],[-122.31326503433898,47.485923857677896],[-122.31323735995788,47.48597829545853],[-122.3121026113332,47.488206947543524],[-122.31174393390937,47.488875095894159],[-122.29743599568489,47.489053011536349],[-122.29714505953281,47.489057080178803],[-122.29253250561887,47.489070201456272],[-122.29242493431512,47.489071264929166],[-122.2924803618951,47.489123378911358],[-122.29259248915918,47.489228722539536],[-122.29279682566359,47.489461900514236],[-122.29296411789855,47.489708248390585],[-122.29309249781942,47.489965110592266],[-122.29314175777965,47.490113135042584],[-122.29318053909068,47.490229668168801],[-122.29321786928654,47.490444582632918],[-122.29322596573311,47.490491147152881],[-122.29330760579819,47.490490877595022],[-122.29419819893785,47.490487710448228],[-122.29421065958259,47.491741533299049],[-122.29442605758985,47.49174076212875],[-122.29509539882829,47.491738362610647],[-122.29510192323934,47.49262421323742],[-122.29421186277439,47.492629288461075],[-122.29555709680979,47.4945220714595],[-122.29556046711046,47.49452681360706],[-122.29663565997232,47.496039531014077],[-122.29663598504905,47.496070249411417],[-122.29682434492506,47.497013934483029],[-122.29726141229101,47.498731639146385],[-122.29728173081739,47.498811487186359],[-122.29732089688946,47.49896620130761],[-122.297418479312,47.499351667849858],[-122.29752879414555,47.499787416915126],[-122.29791659127552,47.500479600076311],[-122.29814233502398,47.50084397399818],[-122.29820642643499,47.500972300525845],[-122.2983831978194,47.501326233819107],[-122.29921567369021,47.503045260112884],[-122.29958625162935,47.503810447832961],[-122.2997011500515,47.504046212683001],[-122.29970287005968,47.504049742330771],[-122.29989240046413,47.504438639757325],[-122.30061866483219,47.505928809279041],[-122.30066170958075,47.506005277730409],[-122.30074158837557,47.506147179535262],[-122.30092558584855,47.506474043901193],[-122.30501903182929,47.506420890983257],[-122.30730688413777,47.506445451173867],[-122.3074173683211,47.50643839977544],[-122.3074245319476,47.506516808497857],[-122.3075054184737,47.50651531486286],[-122.30767657981659,47.506720423261356]]]},"properties":{"CityName":"Burien"}},{"type":"Feature","geometry":{"type":"Polygon","coordinates":[[[-122.33550850090323,47.431011686514033],[-122.33526737730456,47.423932974317808],[-122.33495199936708,47.416106231760985],[-122.33495232005116,47.416106229395432],[-122.33491742062807,47.415830041014544],[-122.33491019820148,47.415772853786869],[-122.33490084386587,47.415721140569779],[-122.33441303816265,47.413027518683556],[-122.3342923744564,47.412318180215244],[-122.33428308051636,47.412263630153383],[-122.33426949468915,47.412209341282612],[-122.33419774902778,47.411923046788722],[-122.33406040725083,47.411590235327139],[-122.33387258545866,47.411269022967296],[-122.33363632905915,47.410962880544027],[-122.3335716621613,47.410892439766464],[-122.33351324875586,47.410828780996098],[-122.33348027300362,47.41078428333924],[-122.33314815457601,47.410335643134346],[-122.33294799448313,47.409987639007916],[-122.33291222744346,47.409925417485766],[-122.33289825141232,47.409879067050475],[-122.33266785955226,47.409113116109481],[-122.33265226778084,47.409038369383481],[-122.33264079616904,47.408983321792789],[-122.332623689253,47.408929585761477],[-122.33260955808517,47.408885308786907],[-122.33256314418081,47.408789464076712],[-122.33248576672034,47.408665869563734],[-122.33244962305541,47.408608477903663],[-122.33238992544452,47.408557755508404],[-122.3322659718886,47.40846658127937],[-122.33212331317608,47.408381510247921],[-122.33196831097518,47.408307004294365],[-122.33190047529217,47.408281176339266],[-122.33181072992896,47.408246975943889],[-122.33173868933451,47.408229206044894],[-122.33163815008413,47.408206674504719],[-122.33148918292039,47.408184733649477],[-122.33133767551223,47.408173452454335],[-122.33118523599629,47.408173005287502],[-122.3310335524846,47.40818334754276],[-122.33088430917893,47.408204436483395],[-122.33086392015605,47.408208865753089],[-122.33072035680745,47.40824006821358],[-122.33070401436107,47.408244047722526],[-122.32971590299503,47.408484925901213],[-122.32959355653719,47.40851474464435],[-122.32955604607231,47.408522396971343],[-122.32924117886348,47.408574359028407],[-122.32900939370569,47.408595528855841],[-122.32892304553071,47.408603392976019],[-122.32884889539604,47.408603229708667],[-122.32697516978098,47.408598773788142],[-122.32697251766029,47.408393289655329],[-122.3265982659627,47.408388355288693],[-122.32640742013869,47.408383811205134],[-122.32641500397925,47.407542631454945],[-122.32647584411372,47.407347860096159],[-122.32666691656385,47.407165022810808],[-122.32667896651428,47.407047355231597],[-122.32668450735818,47.406993093116377],[-122.32668634029314,47.406938213647365],[-122.32668965098904,47.40683816511357],[-122.32742852061578,47.406845347485415],[-122.32743586049445,47.406393050273515],[-122.32808478344413,47.406386613298586],[-122.32813212938585,47.40541213454766],[-122.32893298220083,47.405403832342216],[-122.32891099906048,47.404302835458701],[-122.32998678479707,47.404292151676849],[-122.33046866841737,47.404821392522209],[-122.33117622705673,47.404528816412096],[-122.33125448994122,47.404496462718896],[-122.33122316879127,47.404444611315419],[-122.33109909327456,47.404239295405375],[-122.33080006596117,47.403652121938585],[-122.33067884401454,47.403372228394069],[-122.33021012045995,47.403037626435783],[-122.33021855930649,47.403034107075356],[-122.33151909707854,47.402646686040889],[-122.3310425240617,47.401907106516553],[-122.33023306192719,47.402085928653918],[-122.33015311854069,47.402103574149884],[-122.33009396155821,47.402049627506578],[-122.32968482750439,47.401676583216009],[-122.32869893715493,47.400079714072746],[-122.32866663303525,47.399926027269345],[-122.32852128164861,47.397961060070408],[-122.32853746227887,47.397873233926894],[-122.32873950830981,47.397856667403168],[-122.32898195439715,47.397840108517322],[-122.32908699428501,47.397779676375471],[-122.32910441751207,47.397682483767667],[-122.3290062235817,47.397033230795067],[-122.32853594354863,47.396950042175433],[-122.32827765565617,47.396933845640653],[-122.32793953395031,47.396676874410822],[-122.32747894049368,47.396177560296614],[-122.32682440904435,47.395645371647653],[-122.32625071208838,47.39488261896021],[-122.32586292106443,47.393927690001831],[-122.32555601592222,47.39271473489233],[-122.32540256969429,47.391809095979987],[-122.32566133680598,47.390250084735797],[-122.32594420464957,47.389679118182883],[-122.32641295021369,47.388987308493377],[-122.32683321948302,47.388125356806647],[-122.32688985836968,47.387356858107182],[-122.32688189195046,47.385962608669367],[-122.32667999643179,47.385024056713739],[-122.32659930070372,47.383948202041609],[-122.32652672623944,47.38268023495953],[-122.32633288820037,47.382065522070683],[-122.32593715367075,47.380836065239748],[-122.32553326040409,47.380001867917919],[-122.32525874106234,47.378722960972382],[-122.32506494721849,47.377899656493263],[-122.32486305381904,47.377153193448692],[-122.32479047014253,47.376324322056576],[-122.32481040923354,47.376112267796863],[-122.32493181449691,47.375130426265287],[-122.32482686154948,47.374751791713059],[-122.3247960010263,47.373970195584384],[-122.32517122172899,47.372754340964988],[-122.32454203749937,47.37229829520944],[-122.32378994760332,47.370767503185462],[-122.32365604553355,47.37000019759963],[-122.32421099647873,47.368914622485327],[-122.32470166711931,47.367846040063647],[-122.32498309382818,47.366817485463066],[-122.32540207098658,47.365809816668694],[-122.32557646774312,47.364655889625475],[-122.32512533625021,47.36229396468979],[-122.32472560259384,47.36059021058395],[-122.32486525023988,47.360254324521321],[-122.32479315953806,47.359804826019342],[-122.32436547817767,47.359325223875501],[-122.32419263102025,47.35864052869757],[-122.32424413908269,47.357377784649152],[-122.3241462242445,47.35682970763515],[-122.3243131783332,47.356197221457002],[-122.32441938721222,47.355307242073096],[-122.32405673178462,47.351473603089545],[-122.32409230324967,47.350221927412775],[-122.3243464779476,47.349303086709511],[-122.32518015415216,47.348204507792857],[-122.32866546859331,47.345772868241703],[-122.33136011985394,47.344318923384321],[-122.33293207317213,47.343757548214441],[-122.33373461753337,47.343504178610907],[-122.33418456380663,47.343390818776506],[-122.33436493228341,47.343268749377081],[-122.33443995554707,47.343236801468215],[-122.33444210595209,47.343180353353212],[-122.33454797317998,47.340419111376683],[-122.32921081675676,47.340397660606619],[-122.32919652405928,47.341108808865009],[-122.32944207083973,47.341111623882249],[-122.3296739064606,47.341508012877298],[-122.33017238150549,47.341950479159621],[-122.3309117903713,47.342096089372355],[-122.3305390957556,47.34253044282837],[-122.3301751801428,47.343436409136089],[-122.32863550694341,47.343411585135158],[-122.3282370564867,47.343661709550439],[-122.32681729537774,47.343953833182624],[-122.32594646314631,47.344465520936311],[-122.32621045797173,47.344672016708799],[-122.32593417016191,47.34484587398012],[-122.32459844916858,47.346280586960923],[-122.32400802256102,47.346031890848657],[-122.32380999458883,47.345934653843088],[-122.32363877968893,47.346155448314349],[-122.32357790437939,47.346315662686202],[-122.32353942542302,47.346716381787459],[-122.32330561465933,47.346907575874859],[-122.32257588634413,47.346737604188448],[-122.32245475304045,47.346860659390842],[-122.3219116235784,47.346887439939628],[-122.32159061100863,47.346160158198053],[-122.32122783153761,47.345720150963977],[-122.32123020583825,47.344815787177865],[-122.3202988156728,47.34524049381676],[-122.31937735581587,47.343960021807355],[-122.31926249790556,47.343481470573622],[-122.31862425787526,47.343454782916901],[-122.31853590370085,47.346858767058642],[-122.31587514876449,47.346817441835206],[-122.31589116174241,47.348892060788756],[-122.31380207208953,47.348906291384942],[-122.31373380323657,47.349294666804084],[-122.31363217171226,47.349499131311056],[-122.31344823425884,47.349677217243155],[-122.31330529230904,47.349863883223613],[-122.31325541205896,47.34999376537899],[-122.31324808834232,47.350860685925802],[-122.31343013484266,47.3508599617629],[-122.3134386256084,47.351329109178657],[-122.31324211865896,47.351331175803949],[-122.31257193749545,47.35160348755872],[-122.31237865097958,47.352408824381726],[-122.3124452265217,47.352499557932241],[-122.31266420258828,47.352897559736391],[-122.31282078415286,47.353308936296962],[-122.31291322689088,47.353729204922608],[-122.31294086667209,47.354159245218476],[-122.31290543745436,47.357769537997882],[-122.30989806364448,47.357725204277983],[-122.3010531376701,47.374479629552638],[-122.3009612125696,47.374653166795824],[-122.30238767932666,47.374647332800251],[-122.30238164902042,47.376036305265906],[-122.30743094159608,47.376053731682966],[-122.30742861033896,47.376155987406904],[-122.3073554744997,47.379337881074612],[-122.30249722994556,47.379290829531691],[-122.30246762877127,47.379415846417899],[-122.30056093388968,47.379421713447528],[-122.30051160361158,47.381057517195877],[-122.29874847362636,47.381052199685008],[-122.2986697016822,47.382989519181443],[-122.29763634363353,47.382970557599435],[-122.29717554914724,47.384604278186849],[-122.29777351114173,47.384621658671101],[-122.2977543630181,47.384938897470263],[-122.29862698058942,47.384949710686335],[-122.29857717725221,47.386706945695252],[-122.29663039283187,47.386693946432622],[-122.29649679125001,47.387343167520719],[-122.29724840992297,47.387359061890969],[-122.29718648104991,47.388940574849443],[-122.2961464065958,47.388952588127054],[-122.2957473645473,47.3907871620886],[-122.29696797686798,47.390825457502565],[-122.29698679022961,47.391262165984287],[-122.29564662014229,47.391275146562592],[-122.29541199841219,47.39250366475153],[-122.29585615031984,47.392510980848826],[-122.29584687213347,47.392679206112795],[-122.29618427388219,47.392687527475601],[-122.29618218638001,47.392865416525829],[-122.29535118908247,47.392860837396206],[-122.29531775520526,47.393098855789304],[-122.29645805655338,47.393119718853683],[-122.29646299144734,47.393863241792126],[-122.2972643967444,47.393880726253549],[-122.29724918436733,47.395075289726819],[-122.29724849973962,47.395128713993998],[-122.29717131702665,47.395105711602774],[-122.29692503188166,47.395027303821422],[-122.29664866033154,47.394914011848549],[-122.29639128768893,47.394781746329635],[-122.29615567255804,47.394631928497041],[-122.29594442168347,47.394466195163815],[-122.29498839987939,47.393594748864338],[-122.29496015268336,47.393569008512664],[-122.29484868616201,47.393487028212427],[-122.29431387351907,47.393093762165819],[-122.29352359319925,47.392621648523452],[-122.29244822771849,47.39208842205371],[-122.29236707543932,47.392048194163422],[-122.29231654772907,47.392103218038905],[-122.29218639979798,47.392269856144587],[-122.29189701394192,47.392723308405074],[-122.29167903702294,47.393194803214925],[-122.29153477342393,47.393679193498983],[-122.29147353007923,47.394116561696073],[-122.29146556205576,47.39417335592691],[-122.29147340291689,47.394225634652514],[-122.2917850361158,47.396306570589097],[-122.29208212278769,47.398290124168525],[-122.29250894379739,47.401107750574369],[-122.29251659151801,47.401158394686696],[-122.29252259120433,47.401216688941354],[-122.29260296884078,47.40199788498515],[-122.29260826041364,47.402049232093098],[-122.29261709749379,47.402106817678764],[-122.29269199999571,47.402593877803668],[-122.29286969880027,47.405487985945001],[-122.29278527358591,47.406749516600641],[-122.29260594582337,47.408324218986792],[-122.2926005660311,47.40838183128335],[-122.29268126541898,47.408382142429417],[-122.29839180066423,47.40840341943872],[-122.29846984956384,47.408403726211695],[-122.29798483778845,47.411985598447032],[-122.30219454712108,47.412001107877181],[-122.30218868437736,47.415619471508919],[-122.30691969396007,47.415615749271552],[-122.30702377346992,47.415615660028244],[-122.3070804010091,47.415616961895182],[-122.31305268479773,47.415754763445761],[-122.31312993181587,47.415756542213963],[-122.31321347492239,47.415759812392217],[-122.3200137404291,47.416026521839932],[-122.32061757202105,47.416050096615827],[-122.32058892765413,47.41614379381825],[-122.32050535762316,47.416546686451937],[-122.32048710044575,47.416898656194896],[-122.32048425425093,47.416953325285242],[-122.32048565937052,47.417007735233554],[-122.32049456117647,47.417352292515659],[-122.32060911875278,47.421262777469543],[-122.32061082828511,47.421320128070818],[-122.32060775730244,47.421371855059263],[-122.32057381314603,47.421948181318044],[-122.32043064995761,47.422666110886603],[-122.32041915076941,47.422723891500233],[-122.32040028892591,47.422775473569985],[-122.32032378041953,47.422985029345249],[-122.31939245426133,47.425809331531539],[-122.31924034141468,47.426179377700343],[-122.31921551799967,47.426239770576018],[-122.31918904845898,47.426288945159968],[-122.31879226401009,47.427026075808669],[-122.31876529111609,47.427076183003457],[-122.31873695101589,47.427135682526448],[-122.31869003877458,47.427234162900824],[-122.3186136590256,47.427461545438689],[-122.31857268569853,47.427693105188823],[-122.31856762549918,47.427926300801893],[-122.31856215661365,47.42824563153335],[-122.32518308075602,47.428262462855145],[-122.32522246495405,47.430940857345398],[-122.33550850090323,47.431011686514033]]]},"properties":{"CityName":"Des Moines"}},{"type":"Feature","geometry":{"type":"Polygon","coordinates":[[[-122.32389905102423,47.8410382247217],[-122.32355251696913,47.841489703496052],[-122.32330924306812,47.841720830269225],[-122.32242392399219,47.842561921643338],[-122.3221671846662,47.842804115587555],[-122.32194259541934,47.843016053099973],[-122.32168002944606,47.843241013335557],[-122.32143978173323,47.843396231756941],[-122.3213086504402,47.843466134690004],[-122.32117116550445,47.843530312995213],[-122.32083850770991,47.843656867318707],[-122.32050724141551,47.843784574662443],[-122.32016176450718,47.843981561330956],[-122.3198836091812,47.844228848005969],[-122.31950642945873,47.844758973908299],[-122.32494631125398,47.844733369800899],[-122.32494510223808,47.844749351750316],[-122.3303457590149,47.844878185932288],[-122.33045481753409,47.846759253596566],[-122.33041332471929,47.84841155320435],[-122.32767305037818,47.848347506787512],[-122.32763814658215,47.849735314547949],[-122.32749572552316,47.8495528862505],[-122.32737804574728,47.849441386315277],[-122.32722920431044,47.849352326789912],[-122.32700321646858,47.849274745799462],[-122.32474507308012,47.848807271250692],[-122.32467252726691,47.850239156258787],[-122.32481613850919,47.851956456711342],[-122.32521816199908,47.856213601661295],[-122.32531476313457,47.857407260031977],[-122.32527985662996,47.859491383243721],[-122.32759531634278,47.860192309051826],[-122.3280787780045,47.860222600904038],[-122.32899388947665,47.86021526019065],[-122.33376784698449,47.860167982668386],[-122.33384633076902,47.860604522689883],[-122.33503921422806,47.860594144075655],[-122.33513864143789,47.86059327877534],[-122.33521967308035,47.860592559363923],[-122.33521105979216,47.860537313446152],[-122.33520023745919,47.860467929059183],[-122.33524887593448,47.860233024408785],[-122.3352527923108,47.860095664149526],[-122.33525345642629,47.860072430141358],[-122.33523702091992,47.859986898980864],[-122.33520533676798,47.859822171065474],[-122.3350320112972,47.859487918586467],[-122.33490024938794,47.859274293391586],[-122.33484191780494,47.859076906093357],[-122.33478452015288,47.859022196396602],[-122.33473498184925,47.858929068347607],[-122.33473268572691,47.858577821279709],[-122.33464941398027,47.858298172175907],[-122.33456477862819,47.857820981111253],[-122.33454656996258,47.857524676657995],[-122.33452995557546,47.857469835615632],[-122.33449551980078,47.857184557306937],[-122.3344922163769,47.856674156594572],[-122.33448303357397,47.856515003529395],[-122.33457144489375,47.856322672531086],[-122.33458607742784,47.856064683273949],[-122.33464974026818,47.855823010111763],[-122.33463164753071,47.855548650826236],[-122.3347189275257,47.855180639218865],[-122.33478986605087,47.854807260691942],[-122.33492570552731,47.854389698731623],[-122.33504958782558,47.854145250658718],[-122.33507436779821,47.854090598715729],[-122.33516573464904,47.854089260381791],[-122.33672590088776,47.854066609539309],[-122.33822975021312,47.850855231881376],[-122.34139147571348,47.847080134548946],[-122.34152435458363,47.846931934374759],[-122.34134924670673,47.846933322206397],[-122.33921852378111,47.846919568124413],[-122.33947993101293,47.84665904590446],[-122.3374502033062,47.846651819769946],[-122.33698145670327,47.846239233619137],[-122.3370877672136,47.84623757469604],[-122.33706618968797,47.846195089475202],[-122.33705041730983,47.846151463521615],[-122.3370405813988,47.84610705547172],[-122.33703676137597,47.846062230171604],[-122.33703898867761,47.846017355917645],[-122.33704724666255,47.845972801758982],[-122.33706146517737,47.845928934884654],[-122.33708152838346,47.845886115103887],[-122.33706404014363,47.845676867763395],[-122.33699956916401,47.845478018495918],[-122.33694398170229,47.845371231629997],[-122.33684713248232,47.845234965236159],[-122.33672564437964,47.845102981630376],[-122.33599293727224,47.84483288401649],[-122.33599673361971,47.844706976619541],[-122.33683849766247,47.845019656773935],[-122.3369779029514,47.845168983839073],[-122.33708270995206,47.845313104679796],[-122.33715551177595,47.845446301168742],[-122.33719868152545,47.845566574370572],[-122.33723831015872,47.845761006276689],[-122.33724272350882,47.845834593208373],[-122.3372448406182,47.845906114950672],[-122.33776995332242,47.845906505629067],[-122.33806874999267,47.846234961276139],[-122.33865781638409,47.846236522262501],[-122.34140025740136,47.843722065889828],[-122.34135118862193,47.844889993575109],[-122.34133793230886,47.845241639468071],[-122.34132994220674,47.846131866153243],[-122.34132514164642,47.846531106512991],[-122.34340544593213,47.844684968221635],[-122.34671718077109,47.843225836491825],[-122.35051092343072,47.842393814655146],[-122.35239331396085,47.841903729214309],[-122.35686823134378,47.839297187714813],[-122.36127550259219,47.833680708116717],[-122.36185725610848,47.833164667447875],[-122.36334256226172,47.832033469427145],[-122.36582425209008,47.83186590202201],[-122.36870758396523,47.829493950717278],[-122.37626386095758,47.823522412446266],[-122.38152128661412,47.820030609225192],[-122.38571658513048,47.81410053002562],[-122.38754238801982,47.812744298000993],[-122.38962121027593,47.811340083755333],[-122.3925297280114,47.809375199796591],[-122.39519107930859,47.807617409816309],[-122.39617088931358,47.806777649950916],[-122.39700531445708,47.803200255449383],[-122.39536899065845,47.803197797182463],[-122.39525551284267,47.803197636753268],[-122.3828804054702,47.803178545029432],[-122.38277092969939,47.803178387283104],[-122.38277063468232,47.80312424639569],[-122.38275190096698,47.799758034424642],[-122.37746812726725,47.799782671015549],[-122.37747898911273,47.794181241905058],[-122.37484844863016,47.794176689014428],[-122.37483930995144,47.792361279934198],[-122.37745702558674,47.792368658547396],[-122.37743597869031,47.789642953959216],[-122.37737174695175,47.781228737819077],[-122.37734615794506,47.777870954337729],[-122.36707732431204,47.777816482633717],[-122.36644032678305,47.77781307875253],[-122.36397485544667,47.77781047251041],[-122.36173087027957,47.777808036635555],[-122.3615872135496,47.777807880290325],[-122.36078250757018,47.777814722156236],[-122.35961562562788,47.777809168645526],[-122.35732199494225,47.777809256148331],[-122.35599636217741,47.777822537250096],[-122.32746048038322,47.777684506821352],[-122.3273796505383,47.777683885738583],[-122.32733142414297,47.777738834835475],[-122.32707735153625,47.778028221092327],[-122.32755341543046,47.778646796843468],[-122.33038985173884,47.781732983927263],[-122.33043149050255,47.781778276185278],[-122.3305354006346,47.781817888865888],[-122.33061437233414,47.781847996061614],[-122.33076449228922,47.781920135245898],[-122.33090263124586,47.78200244273858],[-122.33102723294996,47.782094062309127],[-122.33113694043304,47.782193918726556],[-122.33123055992115,47.782300987276365],[-122.33130705523541,47.782414053675666],[-122.33136558932345,47.78253187353463],[-122.33140557187987,47.782653198595085],[-122.33142648402965,47.782776646344736],[-122.33142813914634,47.782900910018647],[-122.33141050393962,47.783024601285497],[-122.33137379517875,47.783146384560389],[-122.33131842340154,47.78326489243279],[-122.33124492972325,47.783378866980428],[-122.33115417548088,47.783487047062494],[-122.33104714264547,47.783588224515974],[-122.33092502241934,47.783681297641976],[-122.33090656672708,47.783693028248109],[-122.33082186280093,47.783746893337984],[-122.3308477874665,47.783797978603673],[-122.33179843840425,47.78567182526362],[-122.3318327026236,47.78572906373936],[-122.33191254716863,47.785765561870278],[-122.33242553271278,47.78599995687501],[-122.33268618482577,47.786002910882196],[-122.3326845619478,47.786113887718322],[-122.33262163188915,47.787534249553367],[-122.33232814911683,47.7889481944244],[-122.33197578613444,47.789862091312614],[-122.33148378134761,47.790965780301114],[-122.33091962882898,47.792021886516594],[-122.33086017362037,47.792112868444306],[-122.32978931551153,47.792100496563442],[-122.32967040046798,47.792492392231956],[-122.33064109223402,47.792518880364632],[-122.33258779600989,47.792541307981089],[-122.33267500021843,47.792542325223991],[-122.33268651231553,47.794220280934269],[-122.33053709353862,47.794210858279541],[-122.33039315750152,47.794606430595515],[-122.33019327027735,47.795155807539913],[-122.33004473903993,47.796094662219794],[-122.3301052330784,47.798018922607383],[-122.33012440153119,47.798073204080666],[-122.33012813328355,47.798127636972353],[-122.33019479320171,47.799101374069501],[-122.33017522700122,47.799354009602276],[-122.3301711904315,47.799406313358617],[-122.33026203802065,47.799408985563815],[-122.33182882154338,47.799420109225615],[-122.33189387180823,47.799420556441824],[-122.33185416493455,47.7994756916029],[-122.32958987622177,47.802620244392273],[-122.32803369183456,47.804781180524046],[-122.32795963404777,47.804853863710647],[-122.3253123395847,47.80852825373762],[-122.32618020477503,47.808568476578245],[-122.32621721142603,47.809409518033483],[-122.32702388621681,47.80940158740988],[-122.32705719213631,47.808851889062311],[-122.32858747766365,47.808869075575238],[-122.32862600790931,47.809776852093272],[-122.32914750116326,47.80977836140751],[-122.32917659894099,47.810662887910553],[-122.33574791759634,47.810705684612905],[-122.33580951472851,47.814327179479136],[-122.33581009572174,47.814363040653852],[-122.33572914829089,47.81436299750095],[-122.33547486570133,47.814362872553701],[-122.33552353948483,47.818481549067442],[-122.33552416195543,47.818535928382431],[-122.33561061947803,47.818536244295395],[-122.3370879609547,47.818541578132781],[-122.33709636072298,47.821690416350073],[-122.33597151525453,47.821683145778188],[-122.33589062879798,47.82168263926475],[-122.33589120877676,47.821736936400207],[-122.33593278014924,47.825693718716664],[-122.33593336450515,47.825748178472196],[-122.33592553820635,47.82580272241038],[-122.33595026214039,47.826097492339592],[-122.3359654375157,47.826181192578062],[-122.33617021593567,47.826472899291439],[-122.33682156450067,47.826983602861418],[-122.33689148017763,47.827038738137148],[-122.33694912545234,47.82709127111336],[-122.33725039397183,47.827365816572694],[-122.33730779113166,47.827418106804942],[-122.33737007185132,47.827473562168123],[-122.33742133865806,47.827519187025736],[-122.33751705545041,47.827625971761833],[-122.33759563806797,47.827738944846764],[-122.33765629209147,47.827856806416072],[-122.33768493266544,47.827932910261246],[-122.33768534143204,47.82799401638875],[-122.33770876390808,47.82979550140135],[-122.33770957301078,47.829856440174893],[-122.33769853385468,47.829904533901704],[-122.33769998367585,47.83011472812678],[-122.33770956754596,47.831504713396356],[-122.33770972769946,47.831527946574177],[-122.33764308551766,47.831514523893823],[-122.33764235360601,47.831576560781627],[-122.33690362449582,47.831416478528674],[-122.336159616236,47.831257887540112],[-122.33593139224548,47.831227389890948],[-122.33570801126903,47.831213209136187],[-122.33548621889273,47.83121279137486],[-122.33511824209533,47.831222383267665],[-122.33491038935652,47.83121539918158],[-122.33461749332228,47.831184824705026],[-122.33445293034201,47.831158791364487],[-122.33429411071781,47.831124262992098],[-122.33398874382209,47.831033839397577],[-122.33374449061459,47.830935172281876],[-122.33340810343854,47.830780739326428],[-122.33310622738389,47.830640341528174],[-122.33256309444612,47.830405972258127],[-122.33247741805066,47.83038111963085],[-122.33233460332154,47.830352074278991],[-122.33216856513747,47.830335751078628],[-122.33198559861674,47.83033813831905],[-122.33186297790017,47.830350454455065],[-122.33173979287486,47.830374488868188],[-122.33162643268095,47.830406696089319],[-122.33141312084112,47.830492066451107],[-122.33119204740042,47.83061544343856],[-122.3310055195233,47.830760580991921],[-122.3308551518966,47.83092340002419],[-122.33064617596635,47.831195670199961],[-122.32985036027999,47.832235328177397],[-122.32967320774033,47.832466850485766],[-122.32929574238973,47.832923042863023],[-122.32884076456043,47.833356178635903],[-122.32835928991045,47.833734998444662],[-122.32818404729097,47.83387231993246],[-122.32796251923878,47.834015902565518],[-122.32782183944978,47.834101400595273],[-122.32645291396517,47.834870610618623],[-122.32619198890391,47.835015519116375],[-122.32599896802589,47.835123218901053],[-122.32580976659666,47.835246987521266],[-122.32567592098547,47.835355977928344],[-122.32554651024117,47.835482262749323],[-122.32545094098832,47.835599921912177],[-122.32536710220452,47.835735456276957],[-122.32531267421119,47.835843679852687],[-122.3252742158385,47.835953144084613],[-122.32521736746278,47.836236979756308],[-122.32510351519579,47.838203233738739],[-122.32508329531341,47.838459813175987],[-122.32506096175356,47.838650903375893],[-122.3250012182789,47.838992966772153],[-122.3248931244314,47.839336900484639],[-122.32471460753654,47.839678886284332],[-122.32439775373339,47.840202455539824],[-122.32405399910921,47.840770449843326],[-122.32389905102423,47.8410382247217]],[[-122.35624361744011,47.799431073411199],[-122.35612942134557,47.79943132824009],[-122.34934118619714,47.799446276547698],[-122.33600584138111,47.79949499575276],[-122.33591764589481,47.799495297951879],[-122.33591686203987,47.799440889114123],[-122.33589487414558,47.796931311728258],[-122.33589483669688,47.796927020757082],[-122.33788414761872,47.7969073080207],[-122.33809165143752,47.796905250267514],[-122.33806219376696,47.796251892364154],[-122.33588055795096,47.796273512788957],[-122.3358570986687,47.795110094948427],[-122.33585198813087,47.794856679651893],[-122.33828602819005,47.794838438201019],[-122.33828832214049,47.794830697859084],[-122.33854984419077,47.793948377277147],[-122.33856217354047,47.793915163423939],[-122.33857961772473,47.793883016092892],[-122.33860194151241,47.793852235815883],[-122.3386289135311,47.793823234603238],[-122.33866021396852,47.793796260344195],[-122.33869556683484,47.793771669979989],[-122.33873449392622,47.793749686003309],[-122.33877667677174,47.79373055628249],[-122.3388215544541,47.793714504610563],[-122.33886868656532,47.793701726801814],[-122.33886896664013,47.793701642344651],[-122.33921189549251,47.793633994834259],[-122.33998258657978,47.793481959796978],[-122.34021060699976,47.793427456880757],[-122.34042890531295,47.793357198526031],[-122.34063515064841,47.793271916764759],[-122.34082698289521,47.793172615755296],[-122.34100240318308,47.793060321869582],[-122.34109724549998,47.792985397285989],[-122.34115941632437,47.792936281808721],[-122.34129631609653,47.792801874456991],[-122.3414116380095,47.792658557649474],[-122.34150408418935,47.792507896335692],[-122.3415726785627,47.792351534048343],[-122.34161661171964,47.792191223226155],[-122.3416207641485,47.792168603491199],[-122.33722327098509,47.79217329260662],[-122.33715872760934,47.7921733550521],[-122.33713500002352,47.792173377618859],[-122.33718179975001,47.792108501452603],[-122.33949138827944,47.788914157322075],[-122.33950522580429,47.788914039654124],[-122.34216306296173,47.788891467388503],[-122.34215924739298,47.788716887536545],[-122.34212327926807,47.787071400960642],[-122.34224729936167,47.78707108836992],[-122.34595897819236,47.787061669769045],[-122.34596712647125,47.787606312785499],[-122.35192750977048,47.787574241279934],[-122.35189097034549,47.785156393397727],[-122.35188882498174,47.785014416639363],[-122.35304377987727,47.785008174189997],[-122.35308263652045,47.785155904023945],[-122.35320024808668,47.78560305367634],[-122.35343829536671,47.787110019447539],[-122.35355896154987,47.787584190109598],[-122.35367458982989,47.787814319166444],[-122.35382529546099,47.788035080727965],[-122.35400940534966,47.788243959136345],[-122.35421701253368,47.788431602411812],[-122.35602028485155,47.790002900676022],[-122.35616011525127,47.79012473900346],[-122.35624361744011,47.799431073411199]]]},"properties":{"CityName":"Edmonds"}},{"type":"Feature","geometry":{"type":"MultiPolygon","coordinates":[[[[-122.20608978420665,47.899479872787666],[-122.20609628068806,47.899914016552195],[-122.20583700193332,47.899910064759538],[-122.20585419769363,47.900074625042301],[-122.20585958979936,47.900439896964528],[-122.2056755443686,47.900437688145566],[-122.2056811317029,47.90066093730691],[-122.20614266001117,47.900669212959166],[-122.20614911306821,47.900905839217849],[-122.20644375396195,47.900910768014228],[-122.20643057051186,47.901255553178643],[-122.20643414240564,47.901420139716201],[-122.20642096659184,47.901764876994427],[-122.20609472247054,47.901759077561756],[-122.20570236411349,47.901759266551892],[-122.20570195387288,47.902714208276151],[-122.20570214383812,47.902780496529836],[-122.205610920266,47.9027810757647],[-122.20543777679156,47.902782174288376],[-122.20544049784998,47.90316291943838],[-122.20544064650737,47.903183679533036],[-122.20489370656095,47.90319403003474],[-122.20489646151118,47.903600164329511],[-122.20543462287397,47.903594138227746],[-122.20543479154155,47.9036178913017],[-122.2054401078036,47.904367895570303],[-122.20544033394232,47.90439984062666],[-122.20571793123973,47.904397364364911],[-122.20571693798844,47.904947554778424],[-122.20571683566642,47.905001844423168],[-122.20571601234697,47.905056466544245],[-122.20571157083378,47.905344012156981],[-122.20610261139801,47.905348771517723],[-122.20610681514937,47.905842175819188],[-122.20581850685427,47.905845626237706],[-122.2057668032687,47.905846245058385],[-122.20576703001221,47.905894919304252],[-122.20577062289054,47.906664591037419],[-122.20567039699075,47.906663682182185],[-122.20499274331058,47.906657536621047],[-122.20491101016097,47.906654481213266],[-122.20483068122806,47.906652829120517],[-122.20173487350577,47.906589409524031],[-122.20174972397325,47.903605291651949],[-122.20156978210311,47.903601072150245],[-122.19624413467052,47.903476063783643],[-122.19624360997123,47.903436326022629],[-122.19619613672853,47.899842044241744],[-122.1961947752384,47.899738964152895],[-122.19613973743937,47.89791546176032],[-122.19613573678789,47.897782924068345],[-122.19322089753824,47.897808973648651],[-122.19323410109698,47.899732777269264],[-122.19093183640936,47.899727914637118],[-122.19093235141506,47.899760594839115],[-122.19099840505868,47.90394736561764],[-122.19080592821449,47.903950557833817],[-122.19010795810318,47.903962129548482],[-122.19010939510532,47.904090399988895],[-122.19011527806572,47.904615477939828],[-122.19031730684652,47.904606836376544],[-122.19034965641205,47.905082751971626],[-122.19014808048809,47.905083037746707],[-122.18968160757672,47.905083696611946],[-122.18968327273068,47.905205557125434],[-122.18970946605032,47.907122977756245],[-122.18971077020595,47.907218476948074],[-122.1959909935472,47.907286358520174],[-122.19595894618169,47.910740202844359],[-122.19915248537067,47.910754998334632],[-122.19914355050959,47.908967070767922],[-122.20029621527216,47.908983626721842],[-122.20032043321282,47.908434488707584],[-122.20032435907645,47.908345453279466],[-122.20078546706073,47.908351974377119],[-122.20078342564574,47.908439471485224],[-122.20077079457329,47.908981016067045],[-122.20160943667577,47.908996836786848],[-122.2017468619057,47.908999428363138],[-122.20172791277898,47.909418170930877],[-122.20172660231356,47.909447115217617],[-122.20366077665585,47.909469196189924],[-122.20373964619345,47.909470095940549],[-122.20373745536078,47.909909798416564],[-122.20530660060213,47.909923338741919],[-122.20678447655708,47.909942899993368],[-122.20678500282503,47.910016641972732],[-122.20678957031626,47.91065703346375],[-122.20432966237206,47.91066798068865],[-122.2042486792816,47.910668348715717],[-122.20424935095217,47.910722875150711],[-122.20427294955461,47.912679400588509],[-122.2042745534611,47.912812413601038],[-122.20431248557888,47.914085888382374],[-122.20397683780243,47.914078862302048],[-122.20387736296968,47.914076779660377],[-122.20364930061781,47.914590996909503],[-122.20232465250773,47.914594812369458],[-122.20233339010861,47.916616600338727],[-122.20497438541437,47.916627108745509],[-122.20548784113264,47.918257029555868],[-122.20441668785992,47.92164614097014],[-122.20439945770831,47.921700661790425],[-122.20432525173793,47.92170042480398],[-122.18127307536435,47.921624879075594],[-122.17590436033566,47.921606634493628],[-122.17582322827623,47.92160636059657],[-122.17582255647061,47.921657656964896],[-122.17554101851384,47.942050593469375],[-122.17554028198803,47.942104854537369],[-122.17456143980463,47.94208146541397],[-122.17473973462197,47.936911736382811],[-122.17124632066421,47.936961876209779],[-122.17128597470477,47.937909119758608],[-122.17135213994398,47.938623575324726],[-122.17150997358208,47.939477459678038],[-122.1716699298179,47.940145663883058],[-122.17138668220767,47.940288816024562],[-122.1734479552196,47.942359322215211],[-122.17246920005948,47.942373272451881],[-122.17394916129651,47.943899530937742],[-122.17479806585695,47.944658253359108],[-122.17523172699516,47.945514006787732],[-122.17616556562069,47.946346704339092],[-122.17729080619418,47.947009574331901],[-122.17874833261283,47.947594785547381],[-122.18009066137076,47.94797545738254],[-122.18142906653858,47.948150622255113],[-122.18284759319954,47.948156893886157],[-122.18410305463786,47.948114435651981],[-122.18951168097487,47.948174949884375],[-122.19055676706698,47.948288577517047],[-122.19146310026606,47.948366207551892],[-122.19152889477256,47.948371861952751],[-122.19153995197766,47.948427651264609],[-122.19154359219986,47.948445940164532],[-122.19165277435899,47.949125042949071],[-122.19157616718026,47.949951229376474],[-122.19130926802733,47.95053068957813],[-122.19052593010377,47.951887391530107],[-122.18997020180804,47.952555927073391],[-122.18926272436954,47.953587244216926],[-122.18845083184678,47.954809750923381],[-122.1874973485301,47.956362982046791],[-122.18688696454423,47.957433681842524],[-122.18640835355806,47.958741841627187],[-122.18616687685876,47.959947114423315],[-122.18673719470911,47.961321680785261],[-122.18747294415222,47.962286497529831],[-122.18800942989598,47.963118260779545],[-122.18894317894804,47.964885457421829],[-122.18898774703183,47.96643899100912],[-122.18874143105477,47.967565505204085],[-122.18818846033928,47.968991086975002],[-122.18789705188766,47.970090930322762],[-122.18760392493392,47.971269532186149],[-122.18750202474088,47.972655501704267],[-122.18743687322505,47.974151138428738],[-122.18709149517369,47.975329230819881],[-122.1860974774586,47.976623955448581],[-122.18518988679645,47.977320163385443],[-122.18383129862512,47.978178785453586],[-122.18375097199227,47.978217568683796],[-122.18367074323905,47.978261413943912],[-122.18222948386024,47.978933686813903],[-122.18083525186634,47.979383637912292],[-122.18072195825668,47.979420176418358],[-122.1806739237349,47.979426774422677],[-122.17714376342668,47.979910909871244],[-122.17342350895598,47.980812977789519],[-122.1709875743244,47.981915703798798],[-122.17010304854044,47.982519243714123],[-122.16915901539021,47.983483482611014],[-122.16910516332261,47.983552676382509],[-122.16904081150118,47.983617714922211],[-122.16896671568428,47.983677883268655],[-122.16888363522757,47.983732495188825],[-122.16879253061418,47.983780997397488],[-122.16875493035221,47.983797027688816],[-122.1686750815057,47.983829945709374],[-122.16859395671386,47.983859743895891],[-122.1680938034804,47.984043519383206],[-122.16758199030686,47.984181855661973],[-122.16703829280301,47.98447400887877],[-122.16651924424923,47.985024637332508],[-122.16631435263776,47.985595662371473],[-122.16612751592615,47.985997991667347],[-122.16593583540454,47.986210835728663],[-122.1655202516265,47.986257804348888],[-122.16443598145105,47.986270407851869],[-122.16401988740694,47.98629927499924],[-122.16366218420646,47.986330524509583],[-122.16325577398561,47.986560889031487],[-122.16304446175511,47.986882283545519],[-122.16274358644631,47.98741863207286],[-122.16267329941154,47.987547192113325],[-122.16269972980088,47.987695661394014],[-122.16269062587642,47.987868796855004],[-122.16265492911694,47.988063500424161],[-122.16261839336269,47.988224841252574],[-122.16256602324145,47.988474370425685],[-122.16253001365291,47.988656963842061],[-122.16252517158685,47.988864384746691],[-122.1626530682757,47.989396283519],[-122.16287053574123,47.989874959738124],[-122.1631207126857,47.990365493743177],[-122.16374290018473,47.990854678170336],[-122.1641899724028,47.991505383584013],[-122.1644902922484,47.992199946319346],[-122.1646082375552,47.993134972088683],[-122.1646327170085,47.993552209771053],[-122.16457123586025,47.99447059519111],[-122.16422586054993,47.995332057942171],[-122.16381075011037,47.996095070384207],[-122.16295602880643,47.997371680760807],[-122.16259941634215,47.997971526774393],[-122.16241950339041,47.998470045387428],[-122.1623639285291,47.998922013727132],[-122.16214404824424,47.999686596071271],[-122.16212720929953,48.000137685923349],[-122.16172493182474,48.000548642843754],[-122.16158372172308,48.000777856418573],[-122.16135550577414,48.0010425375851],[-122.16112255400394,48.001304172498706],[-122.16081255058863,48.001622922317722],[-122.16049829789878,48.001954181062366],[-122.16036644694279,48.00218637327891],[-122.160308865603,48.002420627766675],[-122.1603205285007,48.002644566741324],[-122.16047307304056,48.003071943663521],[-122.16059009448601,48.003549622394459],[-122.16062606129633,48.00395685838896],[-122.16063914202509,48.004373754805911],[-122.16063426520742,48.004809580012889],[-122.16057765836884,48.005074946288012],[-122.16044599518425,48.005313359836848],[-122.16026948260803,48.005452805817299],[-122.16000795890412,48.005543651404743],[-122.15956069867906,48.00562778229483],[-122.15925666736906,48.005694325969657],[-122.15902934887485,48.005840711740689],[-122.15891592952738,48.006069528684286],[-122.15885989782565,48.006353560780589],[-122.1588247500262,48.00671199935276],[-122.15877033066016,48.006899520327934],[-122.15864065855318,48.007053864894793],[-122.15845496140095,48.007196549243083],[-122.15825862565229,48.007295808751699],[-122.15799611469583,48.007355537752971],[-122.15771881813787,48.007387462521166],[-122.15739515824329,48.007420040478912],[-122.15721136372574,48.007475544910307],[-122.15707432160019,48.007542840518312],[-122.15700442184202,48.007603129480039],[-122.16185077063287,48.007727808778633],[-122.17071677329108,48.007650009918862],[-122.17072577198876,48.00753098424191],[-122.17074160649273,48.007321556882538],[-122.17474288500054,48.00730446463627],[-122.17482334881143,48.007304120210669],[-122.17482541270547,48.007358537966851],[-122.17483494010561,48.007612711097003],[-122.17487187027261,48.008597951502715],[-122.17495774263216,48.010888782914854],[-122.17496533517077,48.011091313244641],[-122.17520205600971,48.017405314661239],[-122.17540774805569,48.019110558729189],[-122.17555051015735,48.020159296160628],[-122.17602608637149,48.022641532773385],[-122.17634335957132,48.024328413892654],[-122.17635974387539,48.024382705130144],[-122.17637016526272,48.024437047215891],[-122.17771174320964,48.031437303542276],[-122.17821365115823,48.034055738123278],[-122.17832468275587,48.034634875388704],[-122.17842799831647,48.034626709590647],[-122.17863707679203,48.035641307666474],[-122.18281660981042,48.035619826726141],[-122.18313768847314,48.035584569959951],[-122.18447106759768,48.035515323842361],[-122.18548951740317,48.035446799859081],[-122.18707979121137,48.035117708640136],[-122.1949802858737,48.033332230126881],[-122.19652923473205,48.033208453983974],[-122.20983018660787,48.031960211425712],[-122.22220410688851,48.031075272536732],[-122.23884372708984,48.026696139093787],[-122.26216074015971,48.021127334546676],[-122.29106780786179,47.993216246860605],[-122.29102363757127,47.952142804128798],[-122.29105534404647,47.952088056730432],[-122.29103377019932,47.952033818198984],[-122.29104820932311,47.950490310567659],[-122.28863557418624,47.951141905946642],[-122.28829295176156,47.951145713656835],[-122.28637832267748,47.950554262847007],[-122.28628120500451,47.950524261063073],[-122.28621627895306,47.950556510933318],[-122.28577627517114,47.950775070037665],[-122.28569585625048,47.95080670443442],[-122.28569464153207,47.950758668858569],[-122.2856629711135,47.949529878212211],[-122.28176819695167,47.949519580534002],[-122.28173513987755,47.947292056572934],[-122.28736288655045,47.947232107428214],[-122.2874334229611,47.943559161434642],[-122.29309300164469,47.943532016644681],[-122.29321920931724,47.927963300797288],[-122.29201772070523,47.927940701400537],[-122.29202771621277,47.927314990895368],[-122.2877404983074,47.92723920365998],[-122.28765983088931,47.925037788161895],[-122.28767702732328,47.924983175329039],[-122.28759601748978,47.924983239397079],[-122.28408524589517,47.924985616134613],[-122.28385166074396,47.924749312938367],[-122.2826956226338,47.923579780444321],[-122.28262982008904,47.923513187100134],[-122.28262910641624,47.923471512925708],[-122.28248700719358,47.91500493940287],[-122.28249578209984,47.914950405532529],[-122.282493382211,47.914895977597396],[-122.2823489956459,47.91159731929713],[-122.27859957445897,47.911614620201227],[-122.27193086792447,47.911645096086325],[-122.27184294262372,47.911645495097964],[-122.27186456804932,47.914789885290048],[-122.27186616797206,47.915022428286491],[-122.27143981109032,47.91502522450763],[-122.27115866843359,47.915027068044772],[-122.2711638782301,47.915638526763068],[-122.27116522620224,47.915796337821575],[-122.27116570853761,47.915850783941949],[-122.27108471179552,47.915850891490408],[-122.26704659118471,47.915856535612001],[-122.26696559445563,47.915856641215967],[-122.26696470716909,47.915802199444038],[-122.26696105809367,47.915583962542684],[-122.26694582120075,47.91467255563181],[-122.26694497700701,47.914624102487316],[-122.26686402317614,47.914624234386352],[-122.26658357215858,47.914624761392709],[-122.26376835098418,47.914630012613578],[-122.26378580919108,47.910626698324762],[-122.26341055689294,47.910637556872707],[-122.26341257276954,47.910521703931799],[-122.26343626161871,47.909160731429239],[-122.26367187151881,47.909163239560229],[-122.26367027585671,47.909086189301959],[-122.26366877496589,47.909013717530669],[-122.26452003666081,47.909022500494785],[-122.26454722352968,47.907716142043185],[-122.2647232265702,47.907716947096937],[-122.26611481319451,47.907723303531782],[-122.26610541567798,47.905709432155241],[-122.27045015456254,47.905751978695292],[-122.27042103032622,47.905713151593396],[-122.25815563626756,47.889355378606801],[-122.25813029509554,47.889321570780872],[-122.25416441581811,47.893511428426415],[-122.25164652446705,47.896168375960166],[-122.25135214582093,47.896174151580013],[-122.25127159112738,47.896174815837668],[-122.25119022073976,47.896175079379312],[-122.24840247136987,47.89618404280111],[-122.24787049482396,47.896178475198631],[-122.24782223762953,47.896347431284617],[-122.24776813454055,47.896536853876761],[-122.24776155514789,47.896559891149884],[-122.24718652018292,47.898573088942399],[-122.24711021644265,47.898573793087181],[-122.24640453217403,47.898580305128583],[-122.24518973756777,47.900145214770369],[-122.2451472480552,47.900199923677555],[-122.24509008159164,47.900200123136983],[-122.24452583333121,47.900202027465255],[-122.24451287760692,47.901690966841414],[-122.24439626350245,47.901692135630356],[-122.24394399540509,47.901696668805691],[-122.24394097199202,47.901898558955885],[-122.24392921276042,47.902683593470648],[-122.24384954278476,47.902683434333269],[-122.24314460426882,47.902682020527813],[-122.24312840203025,47.903146287929147],[-122.24312568574099,47.903224104825682],[-122.24267664850616,47.903228235917325],[-122.24268623410042,47.90370084795692],[-122.24268750102409,47.903763048167235],[-122.24260652282214,47.903763221501279],[-122.23949542654125,47.903769908343818],[-122.2394943213458,47.903729283984852],[-122.23948806429169,47.903499184714519],[-122.22817604793141,47.903498125278766],[-122.22814970750453,47.903498121245271],[-122.22806872615351,47.903498094816058],[-122.22806883380049,47.903443069858795],[-122.22807404647423,47.90104229636291],[-122.22807704060946,47.900279659778846],[-122.22807724302965,47.900225368155724],[-122.22814344360913,47.900225474694565],[-122.22826723368483,47.90022568593907],[-122.23274384953829,47.900233238483516],[-122.23266139959098,47.896638480383572],[-122.23361580849226,47.896634070104128],[-122.23361475522685,47.896568828257983],[-122.23355491329524,47.892864196829819],[-122.22809538367078,47.892863759794245],[-122.22805486034278,47.892863747168633],[-122.22803468756358,47.89286008604418],[-122.22793300572174,47.892841630525417],[-122.22594847546179,47.89248128063543],[-122.22178475467786,47.892510317613009],[-122.22255025486911,47.89196277163159],[-122.21922370261764,47.890029352184513],[-122.21418777019255,47.889959702816981],[-122.21411745995283,47.889958728548869],[-122.21359215312819,47.88970729502163],[-122.21349500470249,47.889660793055171],[-122.21349504360794,47.889613852982656],[-122.21349509175066,47.889534619602394],[-122.21349531777963,47.889164906033393],[-122.21349604938825,47.887970240697449],[-122.21359951380121,47.88776036892574],[-122.2137350429719,47.887558921052843],[-122.21374889698453,47.887541098684849],[-122.21376783085555,47.887522277449477],[-122.21378374584343,47.88750223123759],[-122.21379648321529,47.887481179133687],[-122.21380584632057,47.887459366859886],[-122.21381179727192,47.88743698744932],[-122.21381421914923,47.887414312441202],[-122.21381308066043,47.887391614821126],[-122.21380846371615,47.887369111953831],[-122.21380033345064,47.887347048994187],[-122.21378885821478,47.887325669925254],[-122.21377412076014,47.887305218182171],[-122.21375625067552,47.887285938314101],[-122.21373553265005,47.887267991654106],[-122.21371209351044,47.887251620093238],[-122.21368625943522,47.887236986156928],[-122.21365827675704,47.887224222957052],[-122.21362847380202,47.887213518172004],[-122.21359717491606,47.887204977690267],[-122.2135647468082,47.887198652815485],[-122.21355634284826,47.887197421092139],[-122.21275581463965,47.887024011108359],[-122.21266051035533,47.887006951416282],[-122.21259319608542,47.886988768664516],[-122.21258744746349,47.886986696693029],[-122.21256273212165,47.886975347088487],[-122.21253996703764,47.886962318535303],[-122.21251931660319,47.886947774128906],[-122.21250102714717,47.886931846986329],[-122.21248534633112,47.886914752952656],[-122.21247239748973,47.886896626041896],[-122.21246234681084,47.886877685087967],[-122.21245527877757,47.88685814472133],[-122.21245487289116,47.886856051374771],[-122.21245205139959,47.886801622071758],[-122.21245404639464,47.886747149403334],[-122.21249728540965,47.885561384188499],[-122.21202249063764,47.885557071630707],[-122.21186856129586,47.878419672668777],[-122.20654723449996,47.8783970267448],[-122.20653480112742,47.880937212317583],[-122.20653473402308,47.880951004312145],[-122.20493697979455,47.880918554702838],[-122.2049368564289,47.880914715916425],[-122.20492539427772,47.880558044075293],[-122.20479390161334,47.880559956290746],[-122.20461916160859,47.880562497196777],[-122.20463107599352,47.880933307848792],[-122.20165861460657,47.880914660076947],[-122.2016738526214,47.881713121344944],[-122.20183210972702,47.887192381679021],[-122.20177817184441,47.88910375652069],[-122.20142051815843,47.889106951911025],[-122.20031205383106,47.889116846704617],[-122.20031200028886,47.889119973892775],[-122.20030191536112,47.889710925500772],[-122.20006923700954,47.889709346168779],[-122.19949064494089,47.889705416041906],[-122.19949009668774,47.88913364974475],[-122.19926378217986,47.889132111526706],[-122.19878168337107,47.889128833844957],[-122.19815437679324,47.889124565947711],[-122.1981543844679,47.889132407944558],[-122.19815769130065,47.892763058884583],[-122.19815783595671,47.892922629270295],[-122.19944053166992,47.892890825959846],[-122.19941056086272,47.893609173756012],[-122.19890146182549,47.893610453413231],[-122.19877999889992,47.896444363389342],[-122.20160759205386,47.896466563146475],[-122.2015850545128,47.898320210005892],[-122.20547132082714,47.898333076716071],[-122.2055378111102,47.89833329609845],[-122.20553956659917,47.898951049167025],[-122.20548135960053,47.898950735398522],[-122.20423662466902,47.898944018816458],[-122.20423554649307,47.899018890832025],[-122.20423078205704,47.899349689866099],[-122.20609983761169,47.899375248536352],[-122.20608978420665,47.899479872787666]]],[[[-121.80967800004623,47.921157441803473],[-121.80972873990918,47.924737001418542],[-121.80119762911428,47.924829946265604],[-121.80131901943143,47.928422379045429],[-121.79864615820519,47.928454676406126],[-121.7987796281307,47.932408352546538],[-121.79899392570732,47.932266997442362],[-121.79954447679299,47.931949536705908],[-121.80051503556003,47.931634893888784],[-121.80160512300016,47.931372808945206],[-121.80258514155997,47.931175288933986],[-121.80351071583833,47.931057956084686],[-121.80427628359016,47.930992102390405],[-121.80433822753209,47.932067512098186],[-121.80989266266171,47.932005305463427],[-121.81005681243117,47.935528696564312],[-121.82113815137501,47.93534075927527],[-121.82148911431506,47.949864144244621],[-121.81840436418707,47.949906377380522],[-121.81821608768479,47.964729509838321],[-121.83980538471762,47.963951715809436],[-121.83975577120327,47.967680641904913],[-121.84738026831907,47.967738824854429],[-121.84757626686348,47.967876712579063],[-121.84772619932667,47.967923706719652],[-121.84804674875329,47.967953597098507],[-121.84831064365794,47.968114911827705],[-121.8484484521435,47.968191903990949],[-121.84871374563561,47.968266319556705],[-121.84939030228941,47.968390122167222],[-121.8498145332029,47.968502023161136],[-121.85009203609719,47.968551050814945],[-121.85045532276841,47.968583576550962],[-121.85045082593537,47.968914618827498],[-121.85116939912734,47.969036492839415],[-121.85152784193377,47.969469796653492],[-121.85186678652741,47.969699301265855],[-121.85211353226821,47.969866375228889],[-121.85302472767584,47.970000330939186],[-121.85334495241167,47.969925961088748],[-121.85367391096992,47.970097461398076],[-121.85391287630227,47.970176285819818],[-121.85405307694435,47.970200324075435],[-121.85421437356162,47.97020188620921],[-121.85432835027871,47.970184849320638],[-121.85441030201309,47.970122517446704],[-121.85484733973152,47.969738055457022],[-121.85506871710906,47.969509751444093],[-121.85580177906755,47.969333475437047],[-121.85578202803585,47.971369370931193],[-121.86146341314979,47.971360616983105],[-121.86133159815957,47.967856682559173],[-121.8718895508003,47.967908557498134],[-121.87214887563944,47.962298662542516],[-121.87652581177653,47.962252713046922],[-121.87652983097328,47.960456007872367],[-121.87215302317621,47.960501956905468],[-121.87216995996384,47.953169400240284],[-121.86143212146293,47.953219318488784],[-121.86144045631642,47.949854186305039],[-121.84832731450048,47.950032309355962],[-121.84873363442367,47.94295558581473],[-121.83668320664289,47.942790782048561],[-121.83225478133576,47.942865965798184],[-121.83207878557303,47.93549817781895],[-121.82634925765277,47.935418747938968],[-121.82613454198081,47.928213070913856],[-121.82088415092522,47.928186614108306],[-121.82075729523453,47.924637365090291],[-121.82075553197714,47.910263085456279],[-121.81541097879102,47.910304849752855],[-121.81549625017584,47.913897897219208],[-121.80987057538496,47.914037401049711],[-121.80967800004623,47.921157441803473]]],[[[-121.88270487329441,47.953131441595112],[-121.87737074544881,47.953152317276],[-121.87740173371184,47.956745193460641],[-121.88273617505625,47.956724316076865],[-121.88270487329441,47.953131441595112]]],[[[-121.79669685627172,47.957396449537612],[-121.79401441868478,47.95744119841001],[-121.79399081213164,47.964415131981021],[-121.79668215298069,47.964395621824771],[-121.79669685627172,47.957396449537612]]],[[[-121.80042669253554,47.957334561587047],[-121.80143554933782,47.956968101501623],[-121.8022188117895,47.956325294997221],[-121.80343834277798,47.955148078222841],[-121.80410528120798,47.952889220356106],[-121.80390464502985,47.95208206031085],[-121.80387122513808,47.951335314387407],[-121.80385613713102,47.950792915178546],[-121.80387598278108,47.949893982250757],[-121.8028706950339,47.949902626700137],[-121.80286678234296,47.950205811210019],[-121.80283680036653,47.950634096513234],[-121.80275177537001,47.951202896197181],[-121.80265740421234,47.951637251034221],[-121.80259313203941,47.951867732119588],[-121.8025261584352,47.952056254389539],[-121.80245849016637,47.952170303579685],[-121.8023561305546,47.952305600604248],[-121.80222022596132,47.95249376941144],[-121.80215049424908,47.952626640404738],[-121.80207805267713,47.95292647364186],[-121.80204932585281,47.953201057744145],[-121.8020710934762,47.953738051037298],[-121.80206775006286,47.953998465496895],[-121.80200639304722,47.954321695071876],[-121.80186636265377,47.954689707374158],[-121.80156284398487,47.955198140203656],[-121.80132380566327,47.955522531992834],[-121.79669507402068,47.955599574165319],[-121.79669685627172,47.957396449537612],[-121.80042669253554,47.957334561587047]]]]},"properties":{"CityName":"Everett"}},{"type":"Feature","geometry":{"type":"Polygon","coordinates":[[[-122.2946501624142,47.351587968566271],[-122.29455090275877,47.351609430824311],[-122.29493288827618,47.352463066194098],[-122.29535331835675,47.35306948250274],[-122.29542836208174,47.353308875128363],[-122.2952068310754,47.353322702712205],[-122.2956113202289,47.355196773947242],[-122.29534089952055,47.355610541034878],[-122.29506014445805,47.356018283643841],[-122.29462469756926,47.356657079687558],[-122.29452703598633,47.357085077980102],[-122.29451417847017,47.357425381329932],[-122.29437569137984,47.357605778619259],[-122.29626165831039,47.357633164133901],[-122.29675953142693,47.357636355280604],[-122.30469829332311,47.357713716613375],[-122.3061442581144,47.357724147100853],[-122.30989806364448,47.357725204277983],[-122.31290543745436,47.357769537997882],[-122.31294086667209,47.354159245218476],[-122.31291322689088,47.353729204922608],[-122.31282078415286,47.353308936296962],[-122.31266420258828,47.352897559736391],[-122.3124452265217,47.352499557932241],[-122.31237865097958,47.352408824381726],[-122.31257193749545,47.35160348755872],[-122.31324211865896,47.351331175803949],[-122.3134386256084,47.351329109178657],[-122.31343013484266,47.3508599617629],[-122.31324808834232,47.350860685925802],[-122.31325541205896,47.34999376537899],[-122.31330529230904,47.349863883223613],[-122.31344823425884,47.349677217243155],[-122.31363217171226,47.349499131311056],[-122.31373380323657,47.349294666804084],[-122.31380207208953,47.348906291384942],[-122.31589116174241,47.348892060788756],[-122.31587514876449,47.346817441835206],[-122.31853590370085,47.346858767058642],[-122.31862425787526,47.343454782916901],[-122.31926249790556,47.343481470573622],[-122.31937735581587,47.343960021807355],[-122.3202988156728,47.34524049381676],[-122.32123020583825,47.344815787177865],[-122.32122783153761,47.345720150963977],[-122.32159061100863,47.346160158198053],[-122.3219116235784,47.346887439939628],[-122.32245475304045,47.346860659390842],[-122.32257588634413,47.346737604188448],[-122.32330561465933,47.346907575874859],[-122.32353942542302,47.346716381787459],[-122.32357790437939,47.346315662686202],[-122.32363877968893,47.346155448314349],[-122.32380999458883,47.345934653843088],[-122.32400802256102,47.346031890848657],[-122.32459844916858,47.346280586960923],[-122.32593417016191,47.34484587398012],[-122.32621045797173,47.344672016708799],[-122.32594646314631,47.344465520936311],[-122.32681729537774,47.343953833182624],[-122.3282370564867,47.343661709550439],[-122.32863550694341,47.343411585135158],[-122.3301751801428,47.343436409136089],[-122.3305390957556,47.34253044282837],[-122.3309117903713,47.342096089372355],[-122.33017238150549,47.341950479159621],[-122.3296739064606,47.341508012877298],[-122.32944207083973,47.341111623882249],[-122.32919652405928,47.341108808865009],[-122.32921081675676,47.340397660606619],[-122.33454797317998,47.340419111376683],[-122.33444210595209,47.343180353353212],[-122.33443995554707,47.343236801468215],[-122.33452414959314,47.343202198333216],[-122.33464847141666,47.343151103344312],[-122.33479664000045,47.342848021748864],[-122.33494445222722,47.342523017050823],[-122.33530254202941,47.342229265255682],[-122.33613585248543,47.341887782943203],[-122.33929113926972,47.340973382667137],[-122.34072282506092,47.340714918049777],[-122.34286432948637,47.340445220410409],[-122.34492510657978,47.340176162928586],[-122.34921924279938,47.339351132108661],[-122.35051198240915,47.338989373159961],[-122.35209184643475,47.338438671814828],[-122.35652776110052,47.337425638598958],[-122.35877115972575,47.336995701427973],[-122.3604608328223,47.336734890045541],[-122.36190970737454,47.336547418894156],[-122.36400940943275,47.336206375361293],[-122.36586802650145,47.335922169787743],[-122.36763749400117,47.33561673253017],[-122.36925873046434,47.335136824559925],[-122.37030023553828,47.334722077036297],[-122.37109265410049,47.334364231170262],[-122.37187256618741,47.334215091785161],[-122.37303537846742,47.333821276326738],[-122.37394318749641,47.333144114104975],[-122.37456872966234,47.332474782768472],[-122.37489596807025,47.331813397816298],[-122.37514597497307,47.331350263483579],[-122.37529977028218,47.330920846183673],[-122.37553990920976,47.330353490210157],[-122.37582890631403,47.329813204136812],[-122.37623543791929,47.329343353510595],[-122.37639859356837,47.32926814469085],[-122.37651184678339,47.329169530586213],[-122.37660079141888,47.329081776084124],[-122.37672232047716,47.328906274535356],[-122.37668257551827,47.328714024775827],[-122.37678015944847,47.328445111994135],[-122.37699070796407,47.328176399995947],[-122.37718484112105,47.328000967238516],[-122.37745971104179,47.327787255992675],[-122.37767828323682,47.327535014354062],[-122.37772754783448,47.327227597315229],[-122.37801826361139,47.327134679239819],[-122.37879353143757,47.326855857737748],[-122.37933441855154,47.326713936303278],[-122.38003695938441,47.32646790353246],[-122.38083628887595,47.326216557652074],[-122.3816111465373,47.326063972484739],[-122.38251480470701,47.325999453754683],[-122.3832814929833,47.325890799197161],[-122.3840155103709,47.325919365167273],[-122.38483809296157,47.326013939571268],[-122.38520067145572,47.326151732751335],[-122.3853693966927,47.326399101662275],[-122.38560226034113,47.326794801527299],[-122.38598819521093,47.327251124057149],[-122.38628564500014,47.327635923993078],[-122.38675304133378,47.32781784512818],[-122.38697049250999,47.327944456334443],[-122.38766408737904,47.328022350318946],[-122.38843018103141,47.328116806915197],[-122.38918036339584,47.3281618411945],[-122.39022893193314,47.328218250238976],[-122.3912777029237,47.328208783116295],[-122.39261716332,47.328089912217003],[-122.39387649755366,47.327767748248853],[-122.39527268041067,47.32755007414638],[-122.3962981698659,47.327183608419404],[-122.39692054191853,47.326706743494427],[-122.39763179025292,47.326164142617124],[-122.39809324778008,47.325522337333517],[-122.39857019277356,47.325122123115001],[-122.39933829618793,47.324425827002635],[-122.39986375657466,47.323965287346063],[-122.40038062887886,47.323724415962474],[-122.40126133358727,47.323138068448152],[-122.4019319453455,47.322694187285812],[-122.40262661369232,47.322299798245133],[-122.40360341114661,47.321999073487277],[-122.40472516018301,47.321747957899056],[-122.40586319884311,47.321463959128579],[-122.40716224872214,47.321295397336968],[-122.40816272494587,47.321192372051343],[-122.40904197582671,47.321171540197724],[-122.40949364365882,47.321194079065201],[-122.41055072672616,47.32101974467848],[-122.41154305414177,47.320922153392978],[-122.41264055118948,47.320698417571144],[-122.41355275990685,47.320381063940005],[-122.41431967248757,47.320096470976281],[-122.41491658135358,47.320086252062602],[-122.41570661672236,47.320273905405514],[-122.41656191529535,47.320143171964204],[-122.4175700321391,47.320210295210423],[-122.4176380427014,47.320199154812492],[-122.41768362945169,47.320191698891442],[-122.41771400436669,47.320186730335585],[-122.41763653170264,47.320133330924342],[-122.41460682605688,47.318045235047734],[-122.41413566992668,47.317720500639176],[-122.39535931648628,47.304772284428736],[-122.37632338894373,47.291659860056612],[-122.37624823009548,47.291586630941993],[-122.36864516830035,47.28641176903848],[-122.36856621413425,47.28635802421087],[-122.36848613127924,47.28630429032939],[-122.35566549514132,47.277449888675385],[-122.35325805972464,47.27581561786824],[-122.33696468497143,47.26458693727372],[-122.33696359653196,47.264586184361391],[-122.3369328236173,47.264564970755913],[-122.33503434630933,47.263256166124378],[-122.33503448608377,47.263242971137409],[-122.33509628247208,47.257407349330379],[-122.33509651214347,47.257385881632672],[-122.33509686493953,47.257352704642564],[-122.33501944837936,47.257352442005832],[-122.33188908563403,47.257339687396943],[-122.33180641931519,47.257339367077009],[-122.33176453119376,47.25739436977392],[-122.32994166432695,47.259786962696644],[-122.32909681238766,47.259212788874621],[-122.32833520064659,47.260087120292191],[-122.32864048601726,47.260269875804724],[-122.32654783885113,47.26231022188361],[-122.32630150029398,47.262213812689097],[-122.32621667992406,47.262180612790026],[-122.32615494498789,47.262237391732285],[-122.32384552668887,47.264360443200999],[-122.32378013186407,47.264420557880428],[-122.32370545290289,47.264419388786322],[-122.3227763504084,47.264404948594809],[-122.32269611420692,47.264400642559416],[-122.32263393918171,47.264455814988864],[-122.32255320170408,47.264527456520277],[-122.31677272922853,47.26448369758522],[-122.31686084040371,47.262683311141934],[-122.31420179587498,47.262658260801551],[-122.31431546824015,47.260925947995268],[-122.31269778468915,47.260919377001748],[-122.31230336880307,47.260917774393718],[-122.31192268897081,47.261204632053996],[-122.31147829940072,47.261535882926495],[-122.31130126547528,47.261666799113293],[-122.31113532381218,47.261818296482126],[-122.3109954684173,47.261978733950073],[-122.31084353215432,47.262211856402963],[-122.31066880956526,47.262579213991728],[-122.3105950500225,47.262728893565573],[-122.31047977479552,47.262924235173983],[-122.31029931505968,47.263159342840709],[-122.31009925754596,47.263347820404874],[-122.30987902359261,47.263522636463001],[-122.30964587806814,47.263638057747464],[-122.30940319491803,47.263744130005307],[-122.30914764549989,47.263830244316281],[-122.30893390810671,47.263884681768886],[-122.30874161800692,47.263921397686076],[-122.30856070346336,47.263946064724173],[-122.30831887353274,47.263964759837421],[-122.3079768151991,47.263963979489588],[-122.30769416352541,47.263939208545551],[-122.30742761984868,47.263896145231556],[-122.30555209140731,47.26345103902289],[-122.30547355900522,47.2644959114632],[-122.30524727401945,47.264498124130618],[-122.30503158575949,47.264500233335525],[-122.30360970176514,47.264514125929516],[-122.30342864335844,47.266641294147107],[-122.3032503182358,47.268736181445703],[-122.30324676006518,47.268777974923971],[-122.30427845965833,47.270112914973744],[-122.30627936921526,47.272701722515706],[-122.30638974788066,47.272844524032585],[-122.3065512439192,47.27306227511955],[-122.31068061248075,47.278629384496917],[-122.3105590342049,47.278819906872847],[-122.30977852174389,47.280241303161965],[-122.30812455027439,47.284073286682037],[-122.30810093431343,47.284127989081135],[-122.30808253160988,47.284182804480835],[-122.30742858902001,47.286128705141117],[-122.30740965688121,47.286184997864069],[-122.30735635044007,47.286238517463865],[-122.30724031792899,47.286355032626417],[-122.3068552471286,47.286683226749624],[-122.3065100814545,47.286921344096363],[-122.30642212969607,47.286982049426697],[-122.30635201097742,47.287023458551801],[-122.30356409289585,47.288670474717946],[-122.30349107969265,47.288713628417597],[-122.30340572839722,47.288764786265823],[-122.30331649749068,47.288818272589786],[-122.30292997884537,47.289016605010971],[-122.30251507384743,47.289186327549984],[-122.30215599957154,47.289300351895228],[-122.30207675349079,47.289325509215224],[-122.30199659576158,47.289345493799431],[-122.30159696405586,47.289410623933023],[-122.30112948591371,47.289478813345795],[-122.3002847697697,47.28965737961218],[-122.29990633184404,47.289764085122385],[-122.29934017655155,47.289763614660558],[-122.29872205045999,47.289763097725789],[-122.2964696428614,47.289761184794955],[-122.29646963689179,47.289749552500311],[-122.29646949801494,47.289488479568952],[-122.2958682026327,47.289487932225768],[-122.29586792531866,47.289017421790881],[-122.29558992153639,47.289017180826718],[-122.29526671415964,47.289016898895518],[-122.29526666695828,47.288939880612936],[-122.29526642903612,47.288547696757966],[-122.29502837770077,47.288550588355115],[-122.29255843028704,47.288580560106546],[-122.29255865935609,47.28851335795644],[-122.29255982167008,47.288171403416989],[-122.29230259534141,47.288174511319546],[-122.29225359085299,47.28817510354677],[-122.29225255533983,47.287853117908462],[-122.29230200822033,47.287852934410466],[-122.29236691542953,47.28785269274541],[-122.29236451179197,47.287185541776843],[-122.29236278250885,47.286705596059221],[-122.29236187956552,47.286454777270137],[-122.2922992697289,47.286437211402976],[-122.29225756500247,47.286425510459303],[-122.29225663648221,47.286158510706969],[-122.29123639230417,47.286159975803926],[-122.29115382042303,47.286160093989842],[-122.28982384716315,47.287525195086786],[-122.28979857935009,47.287574463026289],[-122.28948697949748,47.2881820407123],[-122.28943438483604,47.2888358129049],[-122.28942327517943,47.288851885020399],[-122.28921888370601,47.289147568848399],[-122.28884066129484,47.289694713332324],[-122.2887093446798,47.289695247279788],[-122.28775131107545,47.28969913770645],[-122.28775411146613,47.28997230781448],[-122.28695165773514,47.289978078939384],[-122.2869478314921,47.29638921074438],[-122.28694779049388,47.296458380028568],[-122.28465294749402,47.297704831571764],[-122.2816539466597,47.299333591105004],[-122.28165665065323,47.299399162379544],[-122.28168739094849,47.300144540381517],[-122.28164669663892,47.300166060539595],[-122.27910390356425,47.301510686006289],[-122.27769625965959,47.302274795283246],[-122.27621088252322,47.303070722334319],[-122.27538257665809,47.303433963135383],[-122.27459886202305,47.30374347333602],[-122.27381725049514,47.303981731779878],[-122.27392806319348,47.304122995397407],[-122.2739745225183,47.30426114453816],[-122.27406758857708,47.304702497987371],[-122.27416430346601,47.305086719301492],[-122.2742482976187,47.305396151334385],[-122.27435280654448,47.30559588452823],[-122.27449973101371,47.305782907972414],[-122.2746688822585,47.305939621971014],[-122.2749068960857,47.306102532279596],[-122.27522479119438,47.306284895123738],[-122.275564376612,47.306479698020134],[-122.27585619159099,47.306676962643806],[-122.27609062368037,47.306896838757112],[-122.27629236753702,47.307175370093837],[-122.27662918373319,47.30781576159449],[-122.27839731694192,47.31142614019231],[-122.27859664576023,47.311903233291105],[-122.27876275539874,47.312296569661896],[-122.27889670603501,47.31255268381085],[-122.27904985291821,47.312776801456806],[-122.27921218269876,47.312969872405148],[-122.27945392595302,47.313201878142671],[-122.27982048371092,47.31346993418812],[-122.28032525595962,47.313743872746976],[-122.28072690079888,47.313905583468532],[-122.28240973095308,47.314520717492172],[-122.28317823222952,47.314810494926149],[-122.28358405848874,47.31489188195124],[-122.28388038504494,47.314932943240947],[-122.28418756924913,47.314960154979509],[-122.28447622952589,47.314956425944871],[-122.28588741487893,47.314935049057347],[-122.28695386103608,47.31489565021473],[-122.28695529413075,47.315203940500275],[-122.28662788308179,47.315206921362133],[-122.28659576072306,47.316832326540535],[-122.28818879049359,47.316840105163649],[-122.28820371340095,47.316841595285013],[-122.28817834737916,47.317722709927594],[-122.28980097602421,47.317089670531125],[-122.28980758150331,47.31682591557805],[-122.2922219865299,47.316804902116338],[-122.29220002597086,47.31863978741621],[-122.29509040324467,47.318652218953908],[-122.294683356533,47.319571561479258],[-122.29451651826318,47.320037137717698],[-122.29404328793633,47.321595639326567],[-122.29384268035655,47.321593046296734],[-122.29369745155964,47.322187785840399],[-122.29354436650043,47.322844354245298],[-122.29375154946933,47.322845521809008],[-122.29369644756201,47.323121142458909],[-122.29348596126799,47.323121251253035],[-122.29327038281096,47.324359809620766],[-122.29347153390354,47.324372925478222],[-122.29323848061634,47.326684970051325],[-122.29321311045014,47.329586874859999],[-122.29309724530206,47.330902292705609],[-122.2928914573954,47.330898777116353],[-122.29236850295364,47.336725757843908],[-122.29257142812303,47.336727062496379],[-122.29238538765284,47.338946345280803],[-122.2922935111736,47.338943906787733],[-122.29216025251979,47.340577315327593],[-122.29224843500643,47.340583198377473],[-122.29204560195284,47.343132827033401],[-122.29196209413954,47.343522846005087],[-122.29196055902125,47.34440946778841],[-122.29195775217173,47.346032450660964],[-122.29212655569744,47.346032348349198],[-122.29233994575132,47.346868020848632],[-122.29258080829617,47.347595011249652],[-122.29283009014323,47.348213567070694],[-122.29313518857181,47.348861509174931],[-122.2932255886347,47.348840794037876],[-122.2946501624142,47.351587968566271]]]},"properties":{"CityName":"Federal Way"}},{"type":"Feature","geometry":{"type":"Polygon","coordinates":[[[-122.09985194631761,47.568485043693258],[-122.0997092659519,47.568222093156017],[-122.09970789842792,47.568219571583199],[-122.09967424740259,47.568157553977116],[-122.09966902647241,47.568147931133218],[-122.09965778266678,47.568118602536273],[-122.09962287184263,47.568027539354482],[-122.09953817761496,47.567806615050202],[-122.09953356217201,47.567794574877212],[-122.09915576703712,47.566809083327847],[-122.0991091610768,47.566645288500318],[-122.09906369584432,47.566449152429179],[-122.09897599276644,47.566087604341377],[-122.0989350065624,47.565819288358014],[-122.09888400228358,47.565473863947339],[-122.09884780509219,47.565231129424127],[-122.09877630369422,47.564771226029166],[-122.09873068748537,47.564472417199667],[-122.09870121425932,47.564278191562899],[-122.09866184362316,47.564024896423732],[-122.09823607813112,47.562476177301932],[-122.09872852402124,47.560570429237615],[-122.09823571305125,47.559682988998915],[-122.09798613249798,47.55923465996819],[-122.09888532104911,47.559242676363127],[-122.1000099495166,47.559252693345023],[-122.10039767925629,47.558933605212836],[-122.1004075663196,47.557041494143505],[-122.10043540567771,47.54911503406047],[-122.10043875990216,47.548940355573002],[-122.10043191407102,47.548711959393515],[-122.09481840005432,47.548617581923061],[-122.09481402660838,47.552002140027142],[-122.08419824804392,47.551818533517846],[-122.08417100337338,47.548868995140957],[-122.08413010729583,47.548869062835742],[-122.08412810319544,47.548317252805631],[-122.07882436613657,47.548268893925702],[-122.07879884965881,47.546824305514498],[-122.07072008727712,47.54688590164217],[-122.07051222462933,47.546690285192838],[-122.07009144804761,47.546370833872217],[-122.07005157984358,47.546344336827616],[-122.0699695604179,47.546289831625877],[-122.06988915374484,47.546239878885942],[-122.06968653615772,47.546114027506853],[-122.06839850551378,47.545270582153044],[-122.06825939815198,47.544837453819746],[-122.07354943520356,47.544848508176031],[-122.07355680636056,47.544002209592044],[-122.07356521848779,47.543036466446353],[-122.07360014733672,47.542556149987668],[-122.07095015211654,47.542581237066109],[-122.07095840737874,47.542100860377374],[-122.07363461323131,47.542068980504006],[-122.07358317151292,47.541339167078405],[-122.07361930824075,47.537741515410843],[-122.0737371659926,47.537743076758851],[-122.07627524006141,47.53777666443942],[-122.07627733488482,47.53756728427927],[-122.0763472058142,47.5305811894195],[-122.07900283149837,47.530616284712067],[-122.07909868794106,47.519822638524502],[-122.07113318120189,47.519717187627819],[-122.07110075133134,47.523315099019797],[-122.06977307327836,47.523297479344798],[-122.0697893267627,47.521498545348514],[-122.06942645417362,47.52149372385685],[-122.06971541821257,47.521227895448888],[-122.069957690965,47.52082561864502],[-122.06996685164133,47.520527468761628],[-122.06997335638582,47.520315769076639],[-122.06997542788947,47.520248342711923],[-122.06984379448247,47.519945852767329],[-122.06983649002241,47.519931276583833],[-122.06971982606503,47.519698454191342],[-122.06411548203252,47.519613880228832],[-122.06421315064522,47.516297912793995],[-122.0583083810991,47.516194351175095],[-122.058316532169,47.515955082809725],[-122.03638490529252,47.515645515565929],[-122.03636846343387,47.512085429332544],[-122.03094726332914,47.512095062430944],[-122.03089199124402,47.508667195881145],[-122.02637659876915,47.508661643626787],[-122.02629895334367,47.508661556221952],[-122.02272993712549,47.508661643811763],[-122.02304322493869,47.511648134967253],[-122.02309149949721,47.512154396792013],[-122.02319453072165,47.512606872356464],[-122.02331101504187,47.512960416012426],[-122.02348824165169,47.513340747841767],[-122.02365449794378,47.513666646548145],[-122.02385014697725,47.513944592323078],[-122.02402527681477,47.514195440831216],[-122.02423007490661,47.514418809420825],[-122.02443487307534,47.514642166853925],[-122.02473105963428,47.514919354066933],[-122.02499628360673,47.515149058889151],[-122.02533732549308,47.515402042585166],[-122.02567584349177,47.515635997567252],[-122.02582586043319,47.515752736636024],[-122.02588790300233,47.515827711481592],[-122.02196230543913,47.515827531830553],[-122.02198042951809,47.519056502985414],[-122.0209287476051,47.519047529295186],[-122.02091794326044,47.519252713176812],[-122.0208938986675,47.526381628297656],[-122.02355451516723,47.526374911812887],[-122.02567423824462,47.524672013984897],[-122.02610717025185,47.524671672956437],[-122.02610324894074,47.525132152093683],[-122.02609566453599,47.526022687263804],[-122.02609271905622,47.526368475105436],[-122.02790167644405,47.526373541590154],[-122.02798216602615,47.526373773550482],[-122.02795664131303,47.526428472346971],[-122.02787998643568,47.526592682194519],[-122.02774458357825,47.526803103018359],[-122.02757741930186,47.527002803816032],[-122.02738037007694,47.527189604498147],[-122.02715559251892,47.527361411247128],[-122.02690551101252,47.52751634082631],[-122.02665729248653,47.527641704876075],[-122.02641278605641,47.527784165258659],[-122.02559218090312,47.528397622989381],[-122.02369704526436,47.529977444873822],[-122.01508740569416,47.529937061030424],[-122.01497183763922,47.521353401631252],[-122.01497110459252,47.521298891742994],[-122.01489088656689,47.521299666553659],[-122.00990191345808,47.521348300115356],[-122.0098449023705,47.526305639266013],[-122.0047640207307,47.526341707129006],[-122.00480823507257,47.522830836060066],[-122.00131989390715,47.522854303572679],[-122.00123945898639,47.522857081343595],[-122.00115899735596,47.522857301974199],[-121.9937129607396,47.522877078154814],[-121.99363248311803,47.522877293789108],[-121.9936322418237,47.522931789003565],[-121.99360400691801,47.529682201659355],[-121.98904115517564,47.529621946745053],[-121.98896086267483,47.529620874797466],[-121.98895994317097,47.529681658183343],[-121.98894431151543,47.530715269628374],[-121.98893887624121,47.53107767034065],[-121.98893804111952,47.531131285915833],[-121.98903541757777,47.531135726851033],[-121.99025560096658,47.531190914272777],[-121.99033183097968,47.531194393263178],[-121.99041669664011,47.531198858226787],[-121.99045081479919,47.531200683014156],[-121.99242017535374,47.53137971262634],[-121.99435111720894,47.531697152258609],[-121.99622249796265,47.532149520878754],[-121.99793291755971,47.532705532452525],[-121.99801315752616,47.532731595594576],[-121.99809480993343,47.532761320563466],[-122.00032107357103,47.533571084109063],[-122.00040195798179,47.533594985604601],[-122.00048294845145,47.533626489559879],[-122.00126825675396,47.533931818571986],[-122.00531444866292,47.535543740586427],[-122.00608403745476,47.535789728421371],[-122.0068873866594,47.535979885601975],[-122.00771569164226,47.536112155690873],[-122.00772679172429,47.536113490845899],[-122.0085182754021,47.536171546908321],[-122.0093143908741,47.536173220412138],[-122.0101064007215,47.536118520177368],[-122.01088562380721,47.536008081513081],[-122.01164350421392,47.535843062767988],[-122.01237176321115,47.535625300763193],[-122.01242923318415,47.535605409307671],[-122.0165662628047,47.533829832987813],[-122.01648851655872,47.536135863588001],[-122.01573991447189,47.536620817285844],[-122.01528901389401,47.536847070141583],[-122.01487634707628,47.53700276780885],[-122.01487666472859,47.537132030811065],[-122.01482387361848,47.538919048435133],[-122.01449501215102,47.538942030514647],[-122.01313018146301,47.538701821010534],[-122.01191582400126,47.538690587103488],[-122.01178669557423,47.53878543766298],[-122.01219252269409,47.539652177090232],[-122.01226895593391,47.540197993062606],[-122.0121636930468,47.540984215331513],[-122.01129717232602,47.54103984949446],[-122.01111762002434,47.539791243745334],[-122.01048188204807,47.539833159505861],[-122.01021752334975,47.539965972312295],[-122.00995129912558,47.540054792012796],[-122.00988249497131,47.540071126525838],[-122.00962641926223,47.540109437440137],[-122.00947584129435,47.540189584928278],[-122.00950180900851,47.540318246186551],[-122.00956512698835,47.540432276163322],[-122.00962609883852,47.540521338989741],[-122.00971408733453,47.540604707381675],[-122.00974467448822,47.540639467013392],[-122.00976736517033,47.540676898103236],[-122.00978727508227,47.540756466749187],[-122.00978585319092,47.540958554986808],[-122.00976529808867,47.541038490733889],[-122.00971114381015,47.541110873112217],[-122.00961498195139,47.541199371995255],[-122.0095118448658,47.541320518498033],[-122.00938056185697,47.541553748876538],[-122.00922317126839,47.541790016902013],[-122.00930979487502,47.542114261383773],[-122.00938324857904,47.542872141778943],[-122.00911093751921,47.543297898366887],[-122.00817595827398,47.543298831620774],[-122.00817239173438,47.541654041276175],[-122.00716039202361,47.541643657342661],[-122.005421591781,47.541230538258418],[-122.00410242374883,47.543909089348304],[-122.00367605281993,47.543895999863892],[-122.0053677641735,47.540642255137747],[-122.00099972715299,47.538893839848051],[-122.00098660438088,47.538950624608205],[-121.99363960483262,47.539111001065784],[-121.99328858720801,47.539115917739551],[-121.99262838052414,47.539772390698744],[-121.99140239511726,47.540882283654213],[-121.99322015739389,47.543033947665862],[-121.98573531370975,47.546626452513991],[-121.98573690903578,47.54670503843689],[-121.98577471195129,47.54916924483468],[-121.98578204925673,47.549530625403172],[-121.99120531430641,47.549498895886956],[-121.99128345022783,47.551616446242527],[-121.98845196479928,47.551582122620871],[-121.987544630492,47.5545979533508],[-121.98782798368269,47.554600596735398],[-121.99372209331356,47.554661616326435],[-121.99369467550052,47.555710343106611],[-121.99528952081894,47.555644173989776],[-121.99583418202945,47.555620017243584],[-121.99618087947546,47.555601597366881],[-121.99789291883266,47.556837917409879],[-121.99900853950852,47.556146920929436],[-121.99965143630642,47.556815260460731],[-122.000331851534,47.557484225136278],[-122.00396068230162,47.55547743135083],[-122.00401592097133,47.551484907464399],[-122.00402100987971,47.551389008203621],[-122.00402417582836,47.551272957045853],[-122.00532787921206,47.550939776173749],[-122.00548896785344,47.550871555655341],[-122.00566064086829,47.550778986927924],[-122.00579272237424,47.550702589832426],[-122.00597744142344,47.550568964185445],[-122.00667761274046,47.550012501985329],[-122.00674981154907,47.549973781969243],[-122.00690125210672,47.549904672211781],[-122.00708440761099,47.549839979796467],[-122.00728369439148,47.549787769116449],[-122.00748929813702,47.549748717616581],[-122.00769493223183,47.54972971437288],[-122.00793262842107,47.549724212570212],[-122.00801719318358,47.549737945054083],[-122.01031338161081,47.550063108884238],[-122.01065765517558,47.550124371841072],[-122.01092805953067,47.550205815156374],[-122.0111786924144,47.550306128590975],[-122.01137897509824,47.550406853670587],[-122.01151625208153,47.550494400837451],[-122.01163084252113,47.550582107298766],[-122.01169971389953,47.550642071317142],[-122.01176856058581,47.550699468318236],[-122.01184038880778,47.550785810777903],[-122.01195013689814,47.55088377969539],[-122.01206209247596,47.550964673508084],[-122.01218738434689,47.551034202878817],[-122.01232257872886,47.551098265672266],[-122.01252480026882,47.551170252010735],[-122.01274580271883,47.551216173626081],[-122.01290568588298,47.551234425233972],[-122.01311645504269,47.551243630145699],[-122.01332137028045,47.551226734001361],[-122.01462123233966,47.55110457897964],[-122.01463178995986,47.548986392290843],[-122.01569674831326,47.548076767871798],[-122.02007992880606,47.548119473790699],[-122.02007458230929,47.548655171246857],[-122.02067402862535,47.549328772637828],[-122.02155744695311,47.55029995879287],[-122.02160432923007,47.550301099649097],[-122.02158946766447,47.550464517262441],[-122.0216010785844,47.550556488089811],[-122.02155123490321,47.550628474901821],[-122.02146154510078,47.550742120128604],[-122.02144042686579,47.550782648810454],[-122.02143190532782,47.550798996902898],[-122.02135370325458,47.550948930789978],[-122.0213209197413,47.551061915456422],[-122.02128090531534,47.551251897572101],[-122.02126923042105,47.55129617363356],[-122.02126489571135,47.551312620855768],[-122.02124337874872,47.551356889605323],[-122.02112596349578,47.551451234296771],[-122.0210019321939,47.551537839198325],[-122.02093457812074,47.551577312664591],[-122.02089668162304,47.551660626751413],[-122.02089286795061,47.551669015324045],[-122.02078582806695,47.551740709472931],[-122.02078550210359,47.551740927819971],[-122.02007617509632,47.55173498321242],[-122.02006957534694,47.553515657536359],[-122.0205836346716,47.553529018769247],[-122.02057567860106,47.553605370685545],[-122.01945813257268,47.553609242646459],[-122.02003876598513,47.555303257870285],[-122.02005490933853,47.555669105617504],[-122.02123195769516,47.554969539686958],[-122.02150111170477,47.555320581902855],[-122.02269621132902,47.557124616265121],[-122.02277719188795,47.557125718565324],[-122.02342875322378,47.55811983605043],[-122.02338006212824,47.558118930885392],[-122.02387489744324,47.55887356756439],[-122.03608699961353,47.558960228983715],[-122.03641129401734,47.558983155293937],[-122.03665923847825,47.55906725290297],[-122.03674694034859,47.559177771155959],[-122.04206086184706,47.559287918708932],[-122.04202080067613,47.561543820626675],[-122.04138428445361,47.56287850968053],[-122.03618008569379,47.56276517471192],[-122.03591561642095,47.57738306493814],[-122.04092889811203,47.577418023390578],[-122.04099375895278,47.573822220628536],[-122.0463089738621,47.573862650467042],[-122.04639498992276,47.567763401654069],[-122.04664755071732,47.567905441332286],[-122.0469513174604,47.56811482603851],[-122.04729823508515,47.568434580467404],[-122.04942596576187,47.570213559799249],[-122.05026843678144,47.570710329675293],[-122.05084814198747,47.570824509232196],[-122.05144808244243,47.570777247090838],[-122.05190539038796,47.570584693461122],[-122.05222950841795,47.570301312119895],[-122.05712993414035,47.570341289905215],[-122.05717643285685,47.567597667228483],[-122.05663331113546,47.567295343815466],[-122.05602677144184,47.566947568696932],[-122.05572878826445,47.566627906696652],[-122.05555373939823,47.566435462071475],[-122.0555643739068,47.565870177197112],[-122.05560898572685,47.565651937179034],[-122.05553561504838,47.565399143652989],[-122.05524173819934,47.564838256922179],[-122.05521203224697,47.56454767685468],[-122.05529807249606,47.564312655143432],[-122.05549941292277,47.564005822450937],[-122.05551926719075,47.56387651100269],[-122.05548080190464,47.56364627161463],[-122.05576765199098,47.563190486657341],[-122.05613346624709,47.562729742241018],[-122.05656176030219,47.562352278631941],[-122.05689928941365,47.562105944355444],[-122.05716332673738,47.561987747841407],[-122.05756534984818,47.561880168596566],[-122.05787674474803,47.56195010052199],[-122.05819531849886,47.562174609477857],[-122.05877506404744,47.562603851540196],[-122.05956902537315,47.563068608425887],[-122.05995438422775,47.563255166315862],[-122.06032946633819,47.563384046556365],[-122.06063829800708,47.563394103674547],[-122.06122639293179,47.563350265090662],[-122.06196035566998,47.563307909035544],[-122.06217274594989,47.563255697178164],[-122.06255116998594,47.563053788160154],[-122.06292133292068,47.562946212902936],[-122.06319554877292,47.562881718567006],[-122.06344661839825,47.562863620790068],[-122.06365642948657,47.56283058680274],[-122.06376528047694,47.562756600688843],[-122.06384302741334,47.562584507807159],[-122.06411426043947,47.562265729550177],[-122.06430292477762,47.562171395001926],[-122.06476065484991,47.56211680090442],[-122.06506515273252,47.56217852062025],[-122.06516489415573,47.561915656304322],[-122.06515841477659,47.561829879427997],[-122.06499211911834,47.561716829411644],[-122.0644648460547,47.561394392245134],[-122.06464719473452,47.56096890202523],[-122.06493623547564,47.560442785821159],[-122.06498556359857,47.560286380356644],[-122.06492542510647,47.560113730317042],[-122.06492964097053,47.559907565769024],[-122.06508510362305,47.559498773219595],[-122.06576513453463,47.558861631390592],[-122.06634224298736,47.558207419986992],[-122.06704196600208,47.557752725936275],[-122.0674714004486,47.557591170036325],[-122.06787184365017,47.557548878604898],[-122.06825350005872,47.557544733249514],[-122.0685418455613,47.557502633193863],[-122.06895703026947,47.557422004775965],[-122.06937697955696,47.557393060196773],[-122.06988543821305,47.557497767297924],[-122.07031950214882,47.557659170800427],[-122.07065287832572,47.557790903621999],[-122.0708749257864,47.557763875702349],[-122.07103251211677,47.557644042452083],[-122.07112039109936,47.557510989127515],[-122.07105236798076,47.557389700209761],[-122.07111476787537,47.55721059054401],[-122.07144625143181,47.556689120967512],[-122.07185959379916,47.556425176776081],[-122.07320139442839,47.556377571192577],[-122.07338269933526,47.556409997682621],[-122.07343942836468,47.55643745148911],[-122.0734879978785,47.556486851264083],[-122.0736494128348,47.556881968513594],[-122.07394152548913,47.556843764833992],[-122.07416890236497,47.556734242230178],[-122.07424542549484,47.556734288628029],[-122.07429865440135,47.556734320506742],[-122.07439602328414,47.55669601055876],[-122.07447038260938,47.556581684237237],[-122.07465639647118,47.556295688056466],[-122.07472175647868,47.556081824136591],[-122.07464914956864,47.555873282864283],[-122.07433319020699,47.555692042088715],[-122.07429270971191,47.555653606868496],[-122.07426857112961,47.55556031811242],[-122.07431734024323,47.555494544778583],[-122.07449585553844,47.555489186302538],[-122.07468720306444,47.555517875901742],[-122.07504724274987,47.555571857881652],[-122.07511209559394,47.555582892111715],[-122.07529306026522,47.555540831613285],[-122.07534743300579,47.55552819348042],[-122.07549654711949,47.555522004034621],[-122.07586660678091,47.555506641563838],[-122.07633686022145,47.555594769133712],[-122.07688810525292,47.555765209948156],[-122.07716962555459,47.555872122851824],[-122.07729336925753,47.555919116285033],[-122.07733540457677,47.555954009476807],[-122.07737434831161,47.555995939458462],[-122.07748772800718,47.556083833688895],[-122.07756859889042,47.556210043814033],[-122.07772983349001,47.556714836639259],[-122.07777016893625,47.556813631045017],[-122.07801320823913,47.557039276387108],[-122.07820345678654,47.557242080578099],[-122.07840508171333,47.557492650560881],[-122.07878518024843,47.557907124271715],[-122.07909484057377,47.558241139876415],[-122.07936664406505,47.55846542283178],[-122.07952726485227,47.558611798872711],[-122.0795910397523,47.558975596879733],[-122.07952132722137,47.559462224371366],[-122.07938749431469,47.560026884696256],[-122.07938310194238,47.5605040104317],[-122.07942675529981,47.56077466674428],[-122.07948701746302,47.560917584237792],[-122.07979443860484,47.561329677083968],[-122.07986659084536,47.561562606263401],[-122.07999978961958,47.562682733718731],[-122.0800805611829,47.563041981633702],[-122.08037747428101,47.563731087895498],[-122.08049307814488,47.563918154442462],[-122.08065043839487,47.564172789303228],[-122.08073484325332,47.564344243377533],[-122.08087351898786,47.56463912551812],[-122.08107921433805,47.565079904269631],[-122.08156071416225,47.56578896160427],[-122.08162620850023,47.565872447106578],[-122.08177868338537,47.566073704244168],[-122.08205584231418,47.566427390593923],[-122.08226476951613,47.566678551534686],[-122.08235432198722,47.56678620656281],[-122.08241452855283,47.566866184099851],[-122.08266541324205,47.567239091181918],[-122.0827171324201,47.567282878797378],[-122.08280886575321,47.567362266902315],[-122.08289796546013,47.567455026573441],[-122.08299252354936,47.567563626907351],[-122.08304011193619,47.567742743367916],[-122.08290952357241,47.568241237394979],[-122.08290175783434,47.568270881470013],[-122.0829478671471,47.568366007947397],[-122.08341336716231,47.568609835662457],[-122.08358608028362,47.568772033894767],[-122.08373504088473,47.568978092994243],[-122.08391983491885,47.569176093329474],[-122.08412342149244,47.569333263629247],[-122.08459078116738,47.56958450522859],[-122.08484055977209,47.569671802282841],[-122.08499151001156,47.569740640283385],[-122.08545282418955,47.570160263249996],[-122.08555468989609,47.570231060968183],[-122.08566819002998,47.570295579743018],[-122.08621398260193,47.570422921096068],[-122.08672647157168,47.570483731843126],[-122.08744048023652,47.570474893070944],[-122.08765457527623,47.570464318615855],[-122.08798798877689,47.570403258748016],[-122.08824178207003,47.570199590371523],[-122.08840331221504,47.569950689227632],[-122.08840551106526,47.569948288935805],[-122.08844724553308,47.569902735251929],[-122.088812303303,47.569804132366023],[-122.08922582339792,47.569767167754108],[-122.08966027269037,47.569768275805878],[-122.08980300506622,47.56982173755511],[-122.08989904954699,47.569933256370192],[-122.08992364142907,47.570141734960174],[-122.08984354178915,47.570331248969332],[-122.08983187096659,47.570358860737265],[-122.08984967310646,47.570391701620515],[-122.09010047471814,47.570569751039869],[-122.09048499032109,47.570842724673447],[-122.09074931680365,47.570949627820355],[-122.09131245555925,47.57124107950083],[-122.0915411593766,47.571424786243668],[-122.09200746217323,47.571799341671969],[-122.09237022121047,47.5718700208486],[-122.09243011476805,47.57185803631274],[-122.09269075384449,47.571647349847396],[-122.09284414106402,47.571554478685755],[-122.09317925028867,47.571351577997767],[-122.09333755021375,47.571255729834462],[-122.09367904249608,47.570964502275693],[-122.09386203270208,47.570821534429875],[-122.09394081134049,47.570769610598347],[-122.09439014508582,47.570642712362066],[-122.09467361247086,47.570610664245919],[-122.09501306899041,47.570669794324935],[-122.09527519224324,47.570788796691765],[-122.09541585188791,47.57090968089301],[-122.09559608755714,47.571143857992539],[-122.09573168831923,47.571328891682583],[-122.09586829986962,47.571434515869505],[-122.09657688013635,47.571927239973391],[-122.09680422628193,47.572025090130765],[-122.09715984286609,47.572136034525712],[-122.09776706499773,47.572188919396432],[-122.09781916875826,47.571768286114434],[-122.09783850252961,47.569835270957391],[-122.09892093485358,47.569836153124143],[-122.09892034772732,47.569895045150275],[-122.09915733710697,47.570028831496892],[-122.0994388656746,47.569904111746169],[-122.0996116774659,47.569776472223325],[-122.09925420573732,47.569301745568829],[-122.09910946591974,47.56935103583826],[-122.0987785234211,47.568850595108856],[-122.09985194631761,47.568485043693258]]]},"properties":{"CityName":"Issaquah"}},{"type":"Feature","geometry":{"type":"Polygon","coordinates":[[[-122.26705803892504,47.777098198732801],[-122.27091575041398,47.777103774904262],[-122.27057896455221,47.776997962636543],[-122.27047832654735,47.776899577915181],[-122.27035120640211,47.776745961427551],[-122.26922514557364,47.774244207774238],[-122.26919577465266,47.774113937065792],[-122.26917297321729,47.773941932597758],[-122.26915913886671,47.773740617123558],[-122.26944735887234,47.770219054127388],[-122.26941736001092,47.769968834721922],[-122.26935004156331,47.769773768018347],[-122.26924546013529,47.769595694306723],[-122.26906099823034,47.769358857617682],[-122.26888235794041,47.769203951297285],[-122.26855385457536,47.768992002524456],[-122.26817356142777,47.76883084817166],[-122.26772901142428,47.768717498182959],[-122.26728855810205,47.768323972400033],[-122.26788379848639,47.768353295190678],[-122.27047913984808,47.768320804635366],[-122.270412382636,47.762619792823507],[-122.27040062895144,47.761738619124003],[-122.2698719393854,47.76161168502712],[-122.26992833962053,47.761553573305804],[-122.26945130609461,47.761381126648736],[-122.26932130624374,47.761137672060578],[-122.27008132001119,47.760978990322009],[-122.27015134392776,47.761135439188337],[-122.27039064513721,47.761067104723736],[-122.27032042351907,47.756832710261627],[-122.27017068038478,47.756916298999627],[-122.26995578953766,47.757015918728619],[-122.26980290385876,47.757082431431392],[-122.26953518810444,47.757192299093347],[-122.26929327322492,47.757264417301869],[-122.2690601044316,47.757324465290431],[-122.2688625316969,47.757371078145852],[-122.26869148965804,47.757405618283727],[-122.26846545765804,47.757441439446666],[-122.26845066534948,47.757271556611833],[-122.26838184589428,47.757311524450095],[-122.26819871857514,47.757339859174287],[-122.26812467497331,47.757343714919628],[-122.26803883518681,47.757337298430905],[-122.26801819163376,47.757335754817611],[-122.26787027585259,47.757314756454143],[-122.26779440364756,47.757308306052252],[-122.26760956695732,47.757302880064607],[-122.2675019034979,47.757302312419213],[-122.26740662879774,47.757305006178932],[-122.26735625192286,47.757308693577777],[-122.26713552338177,47.757331470073389],[-122.26706210180922,47.757334175167074],[-122.26698561996297,47.757329527976438],[-122.26691365826913,47.75732080692557],[-122.26682101900751,47.757306424561499],[-122.26678696742191,47.757298681471092],[-122.26675876797422,47.757288732517459],[-122.26673322145676,47.757278131813848],[-122.26666546158371,47.757247961274963],[-122.26664335929814,47.757239888320299],[-122.26662130454264,47.757234049027694],[-122.26658459734448,47.757226793949584],[-122.26653731360203,47.757219829944745],[-122.26647205737981,47.757213060923121],[-122.26641687424889,47.757210882843623],[-122.26637536060265,47.757211490955562],[-122.26633716946725,47.757212530110962],[-122.26628245716141,47.757217539141756],[-122.26623508721116,47.757224003309467],[-122.26617885930443,47.757235753623426],[-122.26613263361395,47.757248717421668],[-122.26608353047828,47.757267101026493],[-122.26604241609134,47.757286963305852],[-122.26602368947917,47.757299477626304],[-122.26601034807339,47.757312596052969],[-122.26599744995089,47.757331511424773],[-122.26598242880968,47.757376676878678],[-122.26597391376687,47.757414182805078],[-122.26596169401324,47.757448345420926],[-122.2659475006632,47.757469071267522],[-122.26592269890362,47.757490577055435],[-122.26589456767978,47.757511242594454],[-122.26587222857333,47.757524880950498],[-122.26585649174943,47.757533554165121],[-122.26583041184068,47.757542079509371],[-122.26581418299661,47.757544492360068],[-122.26577506283235,47.757547529674305],[-122.26573191728133,47.757549296474544],[-122.26567647851863,47.757548427989533],[-122.26564930534791,47.757547048201459],[-122.26562729781811,47.757545484280215],[-122.26560852147584,47.757543890464447],[-122.26556260994991,47.757538846491364],[-122.26552915235412,47.757534448342327],[-122.26545995604984,47.757522676689483],[-122.26541862628332,47.757514566329128],[-122.26537090396089,47.75750403741776],[-122.26527162102208,47.757478984279508],[-122.26515498745472,47.757445050309293],[-122.26512892095147,47.757436660008032],[-122.26508332284536,47.757417503202966],[-122.26506591519505,47.757411729309929],[-122.26505559918336,47.757409020059995],[-122.26503438187962,47.757404616042621],[-122.26493587704684,47.757385955391527],[-122.26478230462232,47.757360920547434],[-122.26463434959359,47.757339864732224],[-122.26454219894364,47.75732961544319],[-122.26428446996786,47.757309424694732],[-122.264230542546,47.757305490586837],[-122.26415830378436,47.757298976726275],[-122.26412927492996,47.75729581746392],[-122.26405133853812,47.757285271525113],[-122.26398814216542,47.757274559882724],[-122.26397231105638,47.75727078594727],[-122.26395597221996,47.757265981633203],[-122.26394059281959,47.75726062403988],[-122.26392061300055,47.757251577677565],[-122.26387359057964,47.757225978012457],[-122.26383170432739,47.757200712842817],[-122.26380060333879,47.757183217780131],[-122.26377882406882,47.757173125416926],[-122.26375702669134,47.757164095643894],[-122.26372711932393,47.757153589742479],[-122.26370604341605,47.757146242856855],[-122.2636793241132,47.757137504076539],[-122.26366615884626,47.757133787045639],[-122.26365300311801,47.757130478246907],[-122.26363526947358,47.757126531466682],[-122.26361411382253,47.757123134615284],[-122.26359452450933,47.75712127478981],[-122.26356937564717,47.757120149141279],[-122.26353227346101,47.757119189340436],[-122.26348555286981,47.7571198992297],[-122.26342933989758,47.75712266008852],[-122.26338900038097,47.757125325505903],[-122.26334221636088,47.757128869749856],[-122.26329821985109,47.757132441209876],[-122.26327389470778,47.757134031291521],[-122.2632402519866,47.757136225992248],[-122.26319420598034,47.757138372905523],[-122.26315547717181,47.757138845240895],[-122.26314137806857,47.75713878614355],[-122.26312052029745,47.757138056256238],[-122.26309601727328,47.757136896482848],[-122.26305201499503,47.757134339577625],[-122.26303293527175,47.757133646735959],[-122.26302762202168,47.757134567873329],[-122.26302348782821,47.757135886810026],[-122.26301528717065,47.757139722708324],[-122.26300536713561,47.75714444625509],[-122.26300071663185,47.757146205638229],[-122.26299730143424,47.757147081970842],[-122.26299375530077,47.757147469144861],[-122.26299055504286,47.757147063134482],[-122.26298697478215,47.757145817313301],[-122.2629825085379,47.757142753446018],[-122.26297656095856,47.757138341955425],[-122.26297114113049,47.757134116803222],[-122.26296715485093,47.757130803732174],[-122.26296074182079,47.75712538910777],[-122.26295732735245,47.757122424522144],[-122.26295168379146,47.757117083751602],[-122.26294710161086,47.757112333251023],[-122.26294396255494,47.757108984920343],[-122.26294123122432,47.757105823838131],[-122.2629362217276,47.757099932903664],[-122.26293186082533,47.757094171616153],[-122.26292799217576,47.757088733028361],[-122.2629223593981,47.757080015334701],[-122.262918118836,47.757072210345783],[-122.2629156742034,47.757067275605841],[-122.26291224407733,47.757059653593906],[-122.2629102284999,47.757053980185496],[-122.26290717917372,47.757045210056106],[-122.26290554897143,47.757038607042112],[-122.2629039546768,47.757031839776126],[-122.2629028989661,47.757025666163571],[-122.26290190187154,47.757018484216609],[-122.26290116205499,47.757011981119334],[-122.26290100097637,47.75700808777097],[-122.26290072453521,47.756996650174898],[-122.26290099868304,47.756988421825469],[-122.2629011516344,47.756984062295032],[-122.26290204476554,47.75697454731143],[-122.26290256443754,47.756968413817042],[-122.26290305287456,47.756964677986829],[-122.26290384256761,47.756959849208783],[-122.26290437782166,47.756956439194887],[-122.26290638582122,47.756946069962318],[-122.26290904187536,47.756933842468598],[-122.26291145756687,47.756923659585468],[-122.26291551433249,47.756908859068261],[-122.26291766381492,47.756901429998855],[-122.26295002115816,47.756799745597633],[-122.26295557247474,47.756779046950733],[-122.26295909065884,47.756765584924239],[-122.2629623863332,47.756747141168304],[-122.26296449680551,47.756731976900788],[-122.26296498775221,47.756724454095547],[-122.26296531989729,47.756703369075801],[-122.26296474625188,47.756693187176161],[-122.26296324620802,47.756681134768101],[-122.26296167183658,47.756673358850797],[-122.26295662628556,47.756653985706699],[-122.26295483872838,47.756645693985618],[-122.26295129805918,47.756626769499341],[-122.26294986058009,47.756619783086762],[-122.2629488872536,47.756615651917862],[-122.2629485785841,47.756614428739837],[-122.26294744300863,47.756610272131923],[-122.26294524192036,47.756603428558492],[-122.26294345001502,47.756598788013179],[-122.26294158767692,47.756594718818846],[-122.26293919083493,47.756590138664407],[-122.26293655396164,47.756585641285071],[-122.26293442626232,47.756582419830963],[-122.26293218263052,47.756579362935661],[-122.26292952770163,47.756576010904389],[-122.26292708593026,47.756573173777639],[-122.26292456827005,47.75657058246145],[-122.2629212310617,47.756567372043158],[-122.26291756802239,47.756564110766689],[-122.26291255773661,47.756560125903682],[-122.26290894742426,47.756557408935151],[-122.26289821791123,47.756550345806524],[-122.26288636026607,47.756543374341334],[-122.26287603263452,47.756538132956955],[-122.26286461553478,47.756532982653091],[-122.26285410794992,47.756528831486797],[-122.262840885575,47.756524270585999],[-122.26282796683823,47.756520660386428],[-122.26281749024319,47.756518007333248],[-122.26280507699799,47.756515481516864],[-122.26279680390591,47.756513870162728],[-122.26278691594887,47.756512355109493],[-122.26277589853873,47.756510851682258],[-122.26276091596905,47.756509085095409],[-122.26274610339087,47.756507698236156],[-122.26271378262659,47.75650549585162],[-122.26269594664149,47.756504409116722],[-122.26268982952077,47.755804765266099],[-122.26025347264361,47.755538752784219],[-122.25759267053377,47.755317772574969],[-122.25761688958038,47.755246236727153],[-122.257637012136,47.755191489710832],[-122.25768878291775,47.755053289101113],[-122.25769837643965,47.755026778496905],[-122.25770480898598,47.755007623913457],[-122.25771098161404,47.754987627697233],[-122.25771556044943,47.754964732029578],[-122.257719570456,47.754937782726678],[-122.25772122613499,47.754920034809075],[-122.25772213245408,47.754891398799082],[-122.25772112200987,47.754865831039822],[-122.25771969354396,47.754847431456838],[-122.25771560177306,47.754819359900075],[-122.25771017610698,47.754789229624848],[-122.2577038104143,47.754762540608404],[-122.25769489330025,47.754733479253424],[-122.25768756795215,47.754711211355755],[-122.25767632706959,47.754681136096437],[-122.25765453078306,47.754628850476813],[-122.25763525862666,47.7545892900566],[-122.2576044778979,47.75453027889715],[-122.25759903026251,47.754522648375428],[-122.25758840572871,47.754510816690122],[-122.25757301469233,47.754495052922003],[-122.257560645105,47.754470980848829],[-122.25754273225269,47.75443464811228],[-122.25753472606557,47.754414620319338],[-122.25752194157438,47.754382189937495],[-122.2575140425337,47.754355514955805],[-122.25750573819822,47.754318956855748],[-122.25750061769938,47.75428013451539],[-122.25749784436989,47.754255264274917],[-122.25749308330849,47.75415918454096],[-122.25749214664157,47.754082161909523],[-122.25748862447676,47.753995276327231],[-122.25748756701746,47.753967393924093],[-122.25748871089446,47.753952320739252],[-122.25748804099385,47.753943310522779],[-122.25748568211222,47.75393663203171],[-122.25754959164487,47.752335218991746],[-122.25755802827723,47.752331027306909],[-122.25756557232083,47.75232662595787],[-122.25757314686872,47.752321815772099],[-122.25757920250491,47.752317701248174],[-122.25758604080221,47.752312407396147],[-122.25759884025656,47.752302400465133],[-122.2576064693598,47.752296254583349],[-122.25761850931838,47.752286554104479],[-122.25762793188818,47.75227930275242],[-122.25763653444476,47.752273311345526],[-122.25764187246519,47.752269721224465],[-122.25764785578583,47.752266042247271],[-122.25765460310939,47.752262193472788],[-122.25766020099728,47.752259444085446],[-122.25766448542598,47.752257633739312],[-122.2576680467667,47.75225602045996],[-122.25767081499927,47.752255068547839],[-122.25767498852875,47.752253777086764],[-122.25768093493254,47.752252250292095],[-122.25768733262504,47.752251019849105],[-122.25769623355255,47.752249819244149],[-122.2577107045521,47.752248377502355],[-122.25772889130745,47.752246927582085],[-122.2577370732505,47.75224608859007],[-122.25774468707333,47.752245090827834],[-122.25775237412839,47.752243766341529],[-122.25776009391167,47.752242059970236],[-122.25776619805026,47.752240341902983],[-122.25777245081848,47.752237995541932],[-122.25777661478588,47.752236213088047],[-122.25778184909463,47.752233440375448],[-122.25780157921162,47.752222551167307],[-122.2578194033176,47.752211380274915],[-122.25783749875522,47.752199581040593],[-122.25785242960188,47.752189090487164],[-122.25786852721154,47.752176410973938],[-122.25788383315266,47.752162539813497],[-122.25789587313164,47.752150905355805],[-122.25790922531617,47.752136316967061],[-122.25792107048585,47.752121089190929],[-122.25793198633119,47.752103935138749],[-122.2579384249964,47.752090991535901],[-122.25794404334573,47.752077401822255],[-122.25794979879487,47.752056782169454],[-122.25795215536694,47.752043658861567],[-122.25795514023221,47.752025816269914],[-122.2579569662625,47.752006568971979],[-122.25795796762281,47.751982589151325],[-122.2579582043048,47.751964609768841],[-122.25795728821971,47.751941656329826],[-122.25795432271183,47.751913355523818],[-122.25794895345854,47.751876170402966],[-122.25793757965104,47.751829752115839],[-122.25792747642949,47.751798086494652],[-122.25790169405008,47.751724727666321],[-122.25788172170459,47.751670736115628],[-122.25786136061785,47.751621406272974],[-122.25783442691431,47.751564782144378],[-122.25781747435603,47.75153584963963],[-122.25777105435267,47.751474396591938],[-122.25767947115705,47.751361501097662],[-122.25761680342728,47.751281813544757],[-122.25759218662998,47.751241566113094],[-122.25757843840775,47.75120154391238],[-122.25757033231052,47.751145099089143],[-122.25757161201585,47.751085543011634],[-122.25757586021662,47.751026939874073],[-122.25758746282547,47.750962602453832],[-122.2576022205825,47.750910275555981],[-122.25762965302893,47.750843774347295],[-122.25765922820104,47.750787304655006],[-122.25771594841967,47.750699474748117],[-122.25775298265241,47.750648192827789],[-122.25779681850838,47.75059180826814],[-122.25784443268795,47.750534570824477],[-122.25789101615005,47.750484124872955],[-122.25793504790659,47.750441221885318],[-122.25799469122815,47.750385642137189],[-122.25805916867249,47.750325441747158],[-122.25811533010675,47.750271420959614],[-122.25817280648566,47.750208643413885],[-122.25820322799872,47.750169734587388],[-122.25822273391225,47.750142123132498],[-122.25827695125953,47.750052464044366],[-122.25834914317993,47.749933382364247],[-122.25839689373835,47.749855333297475],[-122.25850755223131,47.749760460914167],[-122.25858679139293,47.74969331255037],[-122.25859580341574,47.74968568318392],[-122.2586030003353,47.749678179160938],[-122.25860925885212,47.749670248489245],[-122.25861372632815,47.749663533907864],[-122.25861829426842,47.749655864332595],[-122.25862267138305,47.749646779995807],[-122.2586279707179,47.749633437891106],[-122.2586327288507,47.749617321734334],[-122.25864437424778,47.749570743461732],[-122.25864772299414,47.749558753873515],[-122.25865214653822,47.74954599163091],[-122.25865701675937,47.749535323031196],[-122.25866144701327,47.749526837867599],[-122.25866456290694,47.749521278795143],[-122.25867132497474,47.749512281819953],[-122.25868162316297,47.749500391002449],[-122.2586956011064,47.749486804130562],[-122.25873348914942,47.749453491147783],[-122.25874396085699,47.749444186510502],[-122.25875369363662,47.749434316398577],[-122.25876364141368,47.749423082989566],[-122.25877255805112,47.749410796467949],[-122.25877912294686,47.749398096460538],[-122.25879652801339,47.749344844406828],[-122.2588394272193,47.749205469169937],[-122.25884522588323,47.749192831054579],[-122.25885632390724,47.749178672210448],[-122.25887140147434,47.749163494626735],[-122.25890361519048,47.749139087547135],[-122.25894186836919,47.749117674040058],[-122.25898699105484,47.749092492571648],[-122.25902967097569,47.749070356700308],[-122.25910549287221,47.749041401370768],[-122.25925137158175,47.748995857439603],[-122.25929791353011,47.748980849569236],[-122.25934321207407,47.74896421877704],[-122.25937171559706,47.748951885771277],[-122.25939947562189,47.74893876877583],[-122.25942694938745,47.748923449576054],[-122.25946093408079,47.748900740952465],[-122.25950289579352,47.748867226077529],[-122.25953769629729,47.748833096634328],[-122.25956020121883,47.748805947117184],[-122.25958597960205,47.748769096564715],[-122.25961608535701,47.74871678842392],[-122.25966094453213,47.748629721462535],[-122.25968050325376,47.748592901513355],[-122.25969369505322,47.748570523705283],[-122.25970762438985,47.748548629528273],[-122.25971942825915,47.748531467290313],[-122.25974907057582,47.748490032195527],[-122.25977590659241,47.748457503125785],[-122.25980242209712,47.748430968729551],[-122.25982532020896,47.748411197335912],[-122.25984954434432,47.748395063400565],[-122.25987433238078,47.74838279157759],[-122.25990507358135,47.748369293166334],[-122.25998624599178,47.748337427735699],[-122.26000634094585,47.748326698123648],[-122.26003037545789,47.74831309913224],[-122.26004256449794,47.748304840737184],[-122.260067616936,47.748285729491336],[-122.26008953917486,47.748267627835048],[-122.26013060654944,47.748231860298176],[-122.26017432829057,47.748193643893089],[-122.26019066128596,47.748180633940201],[-122.26021902604681,47.748159612604965],[-122.26024644646971,47.748141814041638],[-122.26029692049542,47.74811173278357],[-122.26031011696351,47.748103410618853],[-122.26035278595894,47.748078768353224],[-122.26039540722816,47.74805377328088],[-122.26051313232132,47.74798863286945],[-122.26065618419258,47.74791385769251],[-122.26076299592799,47.747862003441938],[-122.2608276046589,47.747831979853437],[-122.26088587038008,47.747807682703019],[-122.26099194927298,47.747767383627583],[-122.26101803013034,47.747757115985507],[-122.26105418113215,47.747741550558075],[-122.26108166431159,47.747728763832065],[-122.26111798154965,47.747709519568033],[-122.26115671592993,47.747688074656544],[-122.26121784685424,47.747657756911273],[-122.26130232053684,47.74761766062484],[-122.26133397925126,47.747601646452267],[-122.26135654258941,47.74758923240465],[-122.26137394903056,47.747579372394299],[-122.26139331903565,47.747566824739685],[-122.26141526465841,47.74754989453097],[-122.26143672212787,47.747530789450721],[-122.26145759514597,47.747508857003098],[-122.26149359746709,47.74746251320736],[-122.2615183636493,47.747425644138836],[-122.26155784513386,47.747365919808949],[-122.26158847966227,47.747325672792932],[-122.26161640876067,47.747295312606383],[-122.26163541038446,47.747278573324806],[-122.26167157560354,47.747251975840612],[-122.26170217782963,47.747231777646149],[-122.26172296080098,47.747217200028508],[-122.26173834298352,47.747205180140675],[-122.26176802015074,47.747177308617722],[-122.26179477353107,47.747150636115457],[-122.261817299366,47.747124656963869],[-122.26184359844547,47.747089625812301],[-122.26186143173875,47.747063227120279],[-122.26187029130818,47.747048244446653],[-122.26187677751948,47.747037669172499],[-122.26188104710275,47.747029267242027],[-122.26188431276562,47.747019184854004],[-122.2618850858512,47.747007655825328],[-122.26188329105359,47.74696953716952],[-122.26188427493292,47.746956480287722],[-122.26188680721972,47.746948093739753],[-122.261890654195,47.746940703833104],[-122.26189883267627,47.746929922255461],[-122.26191391833346,47.746915235251564],[-122.26193654454823,47.7468941029408],[-122.26194719322831,47.746881637126656],[-122.26195152689158,47.746874405394593],[-122.26195483617003,47.746864513043235],[-122.26195642871834,47.746857471035277],[-122.2619567612612,47.746826523631604],[-122.26195800372771,47.74681430839474],[-122.26196197278865,47.746803075719129],[-122.26201269840713,47.746710804646611],[-122.26204693239441,47.746649277403222],[-122.26206702227455,47.746614794010235],[-122.26209123179724,47.746574470949305],[-122.2621159661261,47.746534088700749],[-122.2621646881681,47.746456354206352],[-122.26222037462084,47.746367713354921],[-122.26228188946681,47.74627179930436],[-122.26234778326511,47.746172848116117],[-122.26240845815786,47.746083315206789],[-122.2624508549506,47.746022038074834],[-122.26248492784487,47.745978217346057],[-122.26252470913981,47.745935051759346],[-122.26259574477429,47.745868140075089],[-122.26261696532197,47.745849363940394],[-122.26269335629674,47.745777771341359],[-122.26275825727524,47.745701219274451],[-122.26279253730776,47.745655734814086],[-122.26281989394795,47.745613339312165],[-122.26284242893034,47.745576000709477],[-122.26286568893835,47.745524926367764],[-122.26287779135849,47.745487004742849],[-122.26288589615673,47.745447132071511],[-122.26289049176894,47.745403587413918],[-122.26289055879873,47.745334344417721],[-122.26288115071407,47.745263827538402],[-122.26283024237139,47.744958866888453],[-122.26280282775481,47.744808271347146],[-122.26280218885969,47.744751728439212],[-122.26281142744028,47.744694438434415],[-122.26283109968912,47.744637732323099],[-122.26286399029695,47.744573846672807],[-122.26325137669888,47.744021256288548],[-122.26339986856242,47.743815131656241],[-122.26351202343203,47.743672270935967],[-122.26373314689876,47.743427982127805],[-122.26387081182675,47.743272814899363],[-122.26404493509762,47.743058412059291],[-122.26411224770101,47.742956095588077],[-122.2641830602351,47.742829638099032],[-122.26423999732988,47.742705980533529],[-122.26431333255267,47.742509928824703],[-122.26435419402856,47.742374408952116],[-122.26437142557413,47.742248454000389],[-122.26438132225226,47.742150679158271],[-122.26439521533605,47.741862842566924],[-122.26441794112353,47.741715424927854],[-122.26445117756622,47.74159602063785],[-122.26450581668253,47.741455005341088],[-122.2645270279875,47.741402614847033],[-122.26457957553976,47.741305093055068],[-122.26466273961607,47.74117653092501],[-122.26475429346067,47.741049441427286],[-122.26479568803238,47.740988825960784],[-122.26485320191925,47.740891257830597],[-122.26497470389293,47.740624473362452],[-122.26505039861327,47.740449101174406],[-122.26513446309697,47.74024289569509],[-122.26517002124072,47.740140166369088],[-122.26519391855254,47.740000773307436],[-122.26519884882366,47.739903044449967],[-122.26521549675988,47.739746966806216],[-122.26522056071489,47.739728177663892],[-122.26522956079511,47.739708372003335],[-122.26523568913629,47.739692242856783],[-122.26524072613289,47.739672119234307],[-122.26524271910462,47.739649354710423],[-122.26524290025691,47.739609201962963],[-122.26523752056036,47.73956575008706],[-122.26521844071654,47.739482601517146],[-122.26517299657324,47.73934685585504],[-122.26514973114574,47.739276168528868],[-122.26513751214293,47.73921439326088],[-122.26513005047813,47.739163933172414],[-122.26512826325695,47.739102714619349],[-122.26512886003832,47.739035780508793],[-122.26513335095672,47.738987223241409],[-122.26513959846804,47.738953387063553],[-122.2651530339259,47.738909758139066],[-122.26516538814171,47.738882211844356],[-122.26518978555295,47.738839488732658],[-122.26523671716799,47.738781162335194],[-122.265279348102,47.738731593805021],[-122.26533275484854,47.738675877144573],[-122.26542095305165,47.738597768679739],[-122.26544148260542,47.738582838784836],[-122.26546651427464,47.738570891169175],[-122.26549611210302,47.73856293142471],[-122.2655351710556,47.73855553671654],[-122.26559060856803,47.738551338905268],[-122.26563376923457,47.738550933550414],[-122.26568094851514,47.73855348627378],[-122.26573018101764,47.738559724781247],[-122.26578393204022,47.738569599242005],[-122.26584232766697,47.738585421309111],[-122.26590179799298,47.738606301302418],[-122.26597492744123,47.73864140772767],[-122.26606381950835,47.738692764185579],[-122.2661144845202,47.738721380722218],[-122.26617907313671,47.73875158233411],[-122.26621209330814,47.738764647343238],[-122.26628001626311,47.73878811689832],[-122.26635890719722,47.738812790672512],[-122.26641767952394,47.738825285740297],[-122.26645004227838,47.738829994187405],[-122.2664813470298,47.738832396952425],[-122.26651009312707,47.738830110496501],[-122.26654518124096,47.738824087850269],[-122.26660487356358,47.738808789967685],[-122.26667392421294,47.738789073423703],[-122.26675224335435,47.738762595411252],[-122.26681464069348,47.738735558291069],[-122.2668465618362,47.73871886024223],[-122.26688571261849,47.738694438489986],[-122.2669380447729,47.738659133914169],[-122.26700238627967,47.738605002562366],[-122.26704129342635,47.738566827184528],[-122.26707663812394,47.738526343499352],[-122.26711240552473,47.738480843088418],[-122.26714659617353,47.738431352841104],[-122.26719267512915,47.738355300867639],[-122.26723305594,47.738269251389042],[-122.26724183018325,47.738250263921948],[-122.26724793031406,47.738232827170407],[-122.26726097530269,47.738191871836449],[-122.26726966626441,47.738155124606486],[-122.26727502054581,47.7381152767963],[-122.26727673659923,47.738094721114201],[-122.26727748389085,47.738080086323528],[-122.2672774409784,47.73806823759724],[-122.2672762471252,47.738059314416901],[-122.26727417205204,47.738048791718462],[-122.26727064262651,47.738038282909137],[-122.26726623249132,47.73803004340882],[-122.26726135858462,47.738022815682591],[-122.26725513974674,47.738015002010386],[-122.2672368697995,47.737994607219171],[-122.26720531962836,47.737956904015853],[-122.26718117746523,47.737927848350559],[-122.26717009599932,47.737915312835888],[-122.26715908472248,47.737904247873793],[-122.26715237266406,47.737897963639092],[-122.26714190791671,47.737889863327489],[-122.26713120600155,47.737882009470283],[-122.26711926012371,47.737874521629692],[-122.26710732161027,47.737867415972552],[-122.26708299490934,47.737854841381584],[-122.2670404548566,47.737836418144489],[-122.26699943823471,47.737821304587783],[-122.26694847923895,47.737803859509988],[-122.26684567235674,47.737766934515875],[-122.26677351887233,47.737734134640526],[-122.26674131586486,47.737711691640278],[-122.26670992732338,47.737679843536483],[-122.26663585199935,47.737600889469611],[-122.26659410422367,47.737548409070854],[-122.26632405784235,47.737201564197619],[-122.26556042151923,47.736210164094899],[-122.26550840535126,47.736141353771046],[-122.26544568242585,47.736058614126648],[-122.26536143008143,47.735942272352695],[-122.26534203836161,47.735916357656649],[-122.26532782420814,47.735898758197827],[-122.26531115018003,47.735885185255441],[-122.26529453628719,47.735872620664544],[-122.26526489384172,47.735854838590726],[-122.26516963633172,47.7358058552309],[-122.26513051720036,47.73578481152957],[-122.26510541162178,47.735769656776739],[-122.26509028587498,47.735758739198047],[-122.26507662616505,47.735746473589437],[-122.26507057026019,47.735740619194466],[-122.26506176285206,47.735728715689746],[-122.26505698658875,47.735720316120272],[-122.26505306065557,47.735710056097084],[-122.26505113574396,47.735700948731129],[-122.26505063993162,47.735694524646135],[-122.26505119710309,47.735686319803762],[-122.26507454179648,47.73546537253295],[-122.26507724844504,47.735428191362885],[-122.26507705643932,47.735395395943442],[-122.26507254807385,47.735345233884928],[-122.2650566937786,47.735275457276146],[-122.26503136812963,47.735200728779674],[-122.2649996114372,47.735129412105557],[-122.26496388376725,47.735055436123169],[-122.26489813583618,47.734921839761228],[-122.26487366901912,47.734865191217246],[-122.26485850301587,47.734826843329813],[-122.26483955383627,47.734767582025313],[-122.26482759703653,47.734716482651066],[-122.2648119607631,47.73453588892626],[-122.26478305579421,47.733950818051461],[-122.26476477804111,47.733738132331169],[-122.26474265385603,47.733579718805188],[-122.26473277993637,47.733533638763312],[-122.26472215888165,47.733500287431809],[-122.26461911733573,47.733314520281453],[-122.26454465172414,47.733167276369294],[-122.26451581379526,47.733116007169883],[-122.26446968741581,47.733044825348102],[-122.26430094918544,47.732800126085962],[-122.26420605378297,47.732672522801273],[-122.26399402383369,47.732398074400358],[-122.26385738953078,47.732219976351296],[-122.26367985708038,47.731983367834381],[-122.26358051230608,47.731831697889845],[-122.26353449808492,47.731765879642523],[-122.2635106419377,47.731715217762989],[-122.26348747830735,47.731651174936587],[-122.26346593263065,47.731567720299104],[-122.26344209890102,47.731494639277798],[-122.26342325492983,47.731446272903902],[-122.26340903468275,47.731418457418187],[-122.26337868184007,47.731366031501622],[-122.26332122293854,47.731271881754196],[-122.26330160886313,47.731235072340652],[-122.26327677384633,47.731185918378735],[-122.26325961427871,47.731146770954986],[-122.26324463110284,47.731105423750513],[-122.263239092335,47.731089403153241],[-122.26323099865451,47.731057199111696],[-122.26322508178644,47.731022768299603],[-122.26322204050339,47.730994684316975],[-122.26322032141989,47.73094651115013],[-122.26322051961898,47.730932616839098],[-122.26322186619505,47.73090195790116],[-122.26322471426865,47.730871667606202],[-122.26324019122059,47.730772257322613],[-122.26325992749136,47.730695443548278],[-122.26328093780474,47.730607912528662],[-122.26329188801353,47.730561283418858],[-122.2633004729613,47.730519361206113],[-122.26330963372021,47.730458364927223],[-122.26331358584738,47.730409131114925],[-122.26331264913327,47.730363647397724],[-122.2633063230079,47.730321211603602],[-122.2632948324007,47.730269098391851],[-122.2632672306782,47.730179653352273],[-122.26323703575953,47.730085900926873],[-122.26321469728882,47.730014822087291],[-122.26320538419458,47.729970397517079],[-122.26319516882378,47.729884139860381],[-122.26318906794394,47.729709529278942],[-122.26318644543025,47.729654690750685],[-122.26318325939293,47.729619580060493],[-122.26317911178126,47.729586793848675],[-122.26317401760916,47.729557066798968],[-122.26316793353656,47.729526314831908],[-122.26316142032384,47.729498263408239],[-122.26315274434607,47.729463204041096],[-122.26313357793109,47.729399122384919],[-122.26311617546571,47.729350089222265],[-122.2630848870819,47.729275742438602],[-122.26306621135352,47.729235437653109],[-122.2630352465024,47.729176806037749],[-122.2629947120586,47.729112270355337],[-122.26293750592995,47.729032174288072],[-122.26285850221473,47.728928799850841],[-122.26274947458207,47.728788932029289],[-122.2627214882833,47.728753345266654],[-122.26264848149999,47.72865296561298],[-122.26260353519142,47.72858980602593],[-122.26258665064009,47.728565883250198],[-122.26248657856527,47.728425576995456],[-122.26235880810201,47.728244015162453],[-122.26229895519528,47.728156887528691],[-122.26217879930083,47.727982308826434],[-122.26204629975898,47.727786707113438],[-122.26200381791315,47.727723524529637],[-122.26192999930264,47.727607079469955],[-122.26189352358277,47.72754348697736],[-122.26184287745596,47.727444585884086],[-122.26181784306561,47.727385571290903],[-122.26177014619641,47.727237744697298],[-122.26175226294114,47.727163298914505],[-122.26174482668232,47.727115833393903],[-122.26174329657448,47.727064988394005],[-122.26174879517016,47.726996671248102],[-122.26175578343519,47.726949751105018],[-122.26176728368419,47.726882712567871],[-122.26178049233312,47.726800592946589],[-122.26178601078456,47.72673126712278],[-122.26178540820489,47.726678398595844],[-122.26177602789713,47.726560015119837],[-122.26177221457954,47.726519897160863],[-122.26176065933998,47.726434635446445],[-122.26175817365598,47.726416294738506],[-122.26175195928185,47.72637919578839],[-122.26174490423155,47.726345415259331],[-122.25975434593825,47.726338413000164],[-122.25989215510914,47.72618738689993],[-122.25955793124263,47.726191750451349],[-122.25980512426834,47.725963088658574],[-122.2598966939036,47.725800561149391],[-122.25982735457903,47.725629713370381],[-122.25079719410276,47.725561204806922],[-122.2507576856716,47.726306342168812],[-122.25075682318182,47.726323200421774],[-122.25080095525213,47.726626770023756],[-122.25077128539969,47.726810443281352],[-122.25072495739545,47.727097246921993],[-122.25062345347946,47.727394025913632],[-122.25045010160962,47.727755024385679],[-122.2502984621547,47.727953356446442],[-122.25010635367319,47.728093577124689],[-122.24999239870273,47.728137846767034],[-122.24968667368668,47.728264456952097],[-122.24943015903951,47.728275497984193],[-122.2491761880915,47.728239007534391],[-122.24896976439813,47.728168134276572],[-122.24872207588156,47.728049480252238],[-122.24853498298883,47.727920566957579],[-122.24836568691373,47.727785332500012],[-122.24817044817159,47.727702503244508],[-122.24796149381064,47.727689592468515],[-122.24776992681291,47.727741571754223],[-122.24767559865606,47.727798398890997],[-122.24744063339861,47.728190441325012],[-122.24733337367677,47.7283694030288],[-122.24724481168089,47.728499399532602],[-122.24712205114636,47.72863131846686],[-122.24698123615288,47.728707343815465],[-122.24679608307767,47.728763312962641],[-122.24656779394928,47.728782513566678],[-122.24633064985589,47.728759482272459],[-122.24615003755609,47.728701432386856],[-122.24590019306478,47.728621130483766],[-122.24563758364489,47.728483322648238],[-122.24526894770868,47.728347229605937],[-122.24489385309465,47.728256878817596],[-122.24454274194073,47.728227533161359],[-122.24542205182884,47.731446969724217],[-122.24558831349653,47.731786258702876],[-122.24436624498077,47.731977087121095],[-122.24362834231707,47.732092698135936],[-122.24355959076438,47.732099674816659],[-122.24316379988272,47.73213983741924],[-122.2429353615663,47.732163017743183],[-122.24284313957449,47.732161122100074],[-122.24233104145736,47.732921332573177],[-122.24189268188508,47.733205466721223],[-122.24135976306714,47.733395645590988],[-122.24092354440411,47.733473650659157],[-122.24044390222736,47.733543406183209],[-122.22927309265745,47.733426480867351],[-122.21921602122153,47.733249948470153],[-122.2188104420233,47.733249248958288],[-122.21875558509032,47.733276994046257],[-122.21874604295942,47.733313578884911],[-122.21874205627797,47.733842875758114],[-122.21871050176451,47.73401261119772],[-122.21864278849353,47.734118554286589],[-122.21853116751585,47.734195311475993],[-122.2189725652462,47.734869019995251],[-122.21900702599248,47.734916016352066],[-122.22241403566878,47.738630767445862],[-122.2180771041303,47.738599407097446],[-122.21807123080681,47.74764616104904],[-122.22370875063478,47.747686922196344],[-122.2236671321497,47.749790127511886],[-122.22367136915628,47.749844566858314],[-122.22366991406264,47.74989905772356],[-122.22363120622661,47.751360904816408],[-122.22092258110078,47.751348856986567],[-122.22082429209199,47.752030169208211],[-122.22080290326309,47.75263443341742],[-122.22504974331173,47.752964280586205],[-122.22661332705715,47.753316475282745],[-122.22830202260273,47.753825821644099],[-122.22791269177918,47.762314930584466],[-122.22782660955332,47.765495878206252],[-122.22863441925396,47.765503826438625],[-122.22862048982478,47.765952828127986],[-122.22882242517927,47.765955918073772],[-122.2288014367729,47.766634786007685],[-122.22779595263776,47.76661752548015],[-122.22775387559609,47.768110353849089],[-122.22774342101981,47.769872457083558],[-122.2276446012245,47.772180804730006],[-122.22751780814488,47.776833079183511],[-122.23284325682043,47.776880690886507],[-122.2328325854247,47.776818794752309],[-122.23283767891489,47.776737410587835],[-122.24330660788819,47.776882866968322],[-122.24330741901814,47.776963592659925],[-122.24331314777073,47.777046929166914],[-122.24378962270538,47.777054913983626],[-122.24616287743015,47.777077141391032],[-122.24616333758735,47.777037037702499],[-122.24616530888883,47.776865245065707],[-122.24832250946469,47.776896225307901],[-122.24878432699393,47.777078188815899],[-122.24888105610216,47.777116301006217],[-122.25092907153311,47.777146398989693],[-122.25196189983915,47.777147355318263],[-122.25880315210959,47.777117252458893],[-122.26039834287043,47.777110175620322],[-122.26045512871102,47.776906840277185],[-122.26518018512843,47.77694485273036],[-122.26518371738334,47.777124288478603],[-122.26518418541164,47.777148028230862],[-122.26705803892504,47.777098198732801]]]},"properties":{"CityName":"Kenmore"}},{"type":"Feature","geometry":{"type":"MultiPolygon","coordinates":[[[[-122.28851308133859,47.403785387875629],[-122.2885218379284,47.403604610328358],[-122.28849136924022,47.403422534816528],[-122.28843880878097,47.403244250552703],[-122.28835903690141,47.403070644234958],[-122.28825297785991,47.402903671858589],[-122.28815877179426,47.402785038775704],[-122.28818016349221,47.40195506409399],[-122.28996502846779,47.401961052552501],[-122.28998230710185,47.401145520524565],[-122.28992515731879,47.401100607991118],[-122.28986572179012,47.401054662743498],[-122.28979951304028,47.401013172638926],[-122.28972730250842,47.400976620598307],[-122.28964982229029,47.400945383088647],[-122.28956800214297,47.400919803843522],[-122.28948269280554,47.400900201725435],[-122.28939478068877,47.400886734008289],[-122.28933832457436,47.400881469769182],[-122.28392480273484,47.400898710478977],[-122.28277890830987,47.400899389071164],[-122.28273080580126,47.397330701607778],[-122.28296747215103,47.397329360234203],[-122.28346331244632,47.396649732577409],[-122.28382520216717,47.396594944148468],[-122.28382336881114,47.396458568772204],[-122.28394169149239,47.396457461273542],[-122.28659215432637,47.396441962808424],[-122.28660389580038,47.39587822629268],[-122.28748321005617,47.395869770808488],[-122.28748828774681,47.396113222965006],[-122.29041910566255,47.396112511810948],[-122.2904920650351,47.396335022215091],[-122.29087375242773,47.396328586842465],[-122.2917850361158,47.396306570589097],[-122.29147340291689,47.394225634652514],[-122.29146556205576,47.39417335592691],[-122.29147353007923,47.394116561696073],[-122.29153477342393,47.393679193498983],[-122.29167903702294,47.393194803214925],[-122.29189701394192,47.392723308405074],[-122.29218639979798,47.392269856144587],[-122.29231654772907,47.392103218038905],[-122.29236707543932,47.392048194163422],[-122.29244822771849,47.39208842205371],[-122.29352359319925,47.392621648523452],[-122.29431387351907,47.393093762165819],[-122.29484868616201,47.393487028212427],[-122.29496015268336,47.393569008512664],[-122.29498839987939,47.393594748864338],[-122.29594442168347,47.394466195163815],[-122.29615567255804,47.394631928497041],[-122.29639128768893,47.394781746329635],[-122.29664866033154,47.394914011848549],[-122.29692503188166,47.395027303821422],[-122.29717131702665,47.395105711602774],[-122.29724849973962,47.395128713993998],[-122.29724918436733,47.395075289726819],[-122.2972643967444,47.393880726253549],[-122.29646299144734,47.393863241792126],[-122.29645805655338,47.393119718853683],[-122.29531775520526,47.393098855789304],[-122.29535118908247,47.392860837396206],[-122.29618218638001,47.392865416525829],[-122.29618427388219,47.392687527475601],[-122.29584687213347,47.392679206112795],[-122.29585615031984,47.392510980848826],[-122.29541199841219,47.39250366475153],[-122.29564662014229,47.391275146562592],[-122.29698679022961,47.391262165984287],[-122.29696797686798,47.390825457502565],[-122.2957473645473,47.3907871620886],[-122.2961464065958,47.388952588127054],[-122.29718648104991,47.388940574849443],[-122.29724840992297,47.387359061890969],[-122.29649679125001,47.387343167520719],[-122.29663039283187,47.386693946432622],[-122.29857717725221,47.386706945695252],[-122.29862698058942,47.384949710686335],[-122.2977543630181,47.384938897470263],[-122.29777351114173,47.384621658671101],[-122.29717554914724,47.384604278186849],[-122.29763634363353,47.382970557599435],[-122.2986697016822,47.382989519181443],[-122.29874847362636,47.381052199685008],[-122.30051160361158,47.381057517195877],[-122.30056093388968,47.379421713447528],[-122.30246762877127,47.379415846417899],[-122.30249722994556,47.379290829531691],[-122.3073554744997,47.379337881074612],[-122.30742861033896,47.376155987406904],[-122.30743094159608,47.376053731682966],[-122.30238164902042,47.376036305265906],[-122.30238767932666,47.374647332800251],[-122.3009612125696,47.374653166795824],[-122.3010531376701,47.374479629552638],[-122.30989806364448,47.357725204277983],[-122.3061442581144,47.357724147100853],[-122.30469829332311,47.357713716613375],[-122.29675953142693,47.357636355280604],[-122.29626165831039,47.357633164133901],[-122.2944706743863,47.357607150361702],[-122.29437569137984,47.357605778619259],[-122.29437007656621,47.357683448206167],[-122.29434675513814,47.358006066112701],[-122.28728440911104,47.357928136022579],[-122.28123614649272,47.357861053848126],[-122.2809945357255,47.357858367705347],[-122.28099394039316,47.357853880219267],[-122.28096538055983,47.357638763127596],[-122.2743624292261,47.357591178107683],[-122.27265130930331,47.357617016471416],[-122.27254678873064,47.357620110816917],[-122.27244330225381,47.35763061255274],[-122.2723419735228,47.357648429847856],[-122.27224396044909,47.357673305710279],[-122.2721503420408,47.357705039236969],[-122.27206207452562,47.3577432397705],[-122.27202235949278,47.357763497911705],[-122.27192388795437,47.357857727080216],[-122.27187270269098,47.357918183535645],[-122.27182158865456,47.357978555207367],[-122.27173844962093,47.358106017387087],[-122.27167540273314,47.358238661744437],[-122.27165970889671,47.358289276289767],[-122.27163310098307,47.358375090136711],[-122.27161199611544,47.358513743741931],[-122.27161233744297,47.358653147788665],[-122.27163413420509,47.358791774479052],[-122.27167711286839,47.358928073329558],[-122.27174084459094,47.359060602378854],[-122.27182461457421,47.359187841249955],[-122.27196036815036,47.359358518357233],[-122.27209535071547,47.359575481288459],[-122.272196233724,47.359800866638579],[-122.27226192040882,47.360032150535858],[-122.27229163771808,47.360266830227417],[-122.27228509132549,47.360502346136229],[-122.27224234597044,47.360736106178962],[-122.2721638723533,47.36096554173065],[-122.27211105178289,47.361131058171679],[-122.27204898344978,47.361445803641288],[-122.27203565400882,47.361763248004614],[-122.27206532108639,47.362609409563291],[-122.2722472572579,47.363903289245677],[-122.27244448377986,47.365142177422577],[-122.27067624956153,47.365135342866807],[-122.27066228265042,47.366826432523837],[-122.26788525060438,47.366856374978667],[-122.26786284540978,47.36506022955399],[-122.26689146665963,47.365064652908138],[-122.26692211569967,47.365198834864081],[-122.26695133832881,47.365311923080696],[-122.26698265663613,47.36544338229487],[-122.26702234767268,47.365577240333884],[-122.26705964221577,47.365683476943722],[-122.26709071653973,47.365762673952098],[-122.26713643581583,47.365867380581605],[-122.26720059048272,47.365997448239604],[-122.26762968699074,47.36683421586828],[-122.26806650655197,47.367684741714903],[-122.26853910427738,47.368604900958218],[-122.26957748644348,47.370619140771936],[-122.2703419933775,47.372102029776457],[-122.27061136626183,47.372098588284651],[-122.27061611114863,47.372416107917381],[-122.27063707507442,47.374826089576167],[-122.27061410007258,47.375738520674901],[-122.27052388091343,47.375739439530626],[-122.26446771871153,47.375800950950207],[-122.26437993444245,47.377170066070278],[-122.26437518766842,47.377244064316855],[-122.26433002926285,47.377279613786271],[-122.26425595083495,47.377337933475623],[-122.2639406899584,47.377579378017693],[-122.26394061371771,47.377579435855388],[-122.26393819411004,47.377580609802258],[-122.26393814978077,47.377580631168243],[-122.26371427283381,47.377689204892526],[-122.26299495304231,47.3779526254798],[-122.26183125022038,47.37824346728366],[-122.26145141508067,47.378358716015498],[-122.26086145919356,47.378523309817055],[-122.25989689205785,47.378709677229821],[-122.2598675454704,47.378715347343004],[-122.2597543873824,47.378731791891916],[-122.25946485284744,47.378748510747599],[-122.25937465039554,47.378753719234375],[-122.25895445479483,47.378846979589007],[-122.25892977268745,47.378851066450764],[-122.258291828046,47.37895669790344],[-122.25806564289071,47.378956670955333],[-122.25784757241568,47.378901728980772],[-122.25713695139153,47.378616220575267],[-122.25692713007155,47.378424063882548],[-122.25687884323357,47.378292317190315],[-122.25669353520682,47.377858626167708],[-122.25658100140633,47.377408489915702],[-122.25650050740097,47.377183430640692],[-122.25654135826893,47.37681564973478],[-122.25670331062365,47.37650827838744],[-122.25674378632472,47.376425927230926],[-122.25705122688591,47.37606368613649],[-122.25722932637281,47.375772768310036],[-122.25724624580303,47.375686875191953],[-122.25718137144915,47.375355563404234],[-122.25715753377978,47.375020730814008],[-122.25712147718711,47.374860616746261],[-122.25711397541662,47.374827337166472],[-122.25711656867109,47.374751586035678],[-122.25713170350217,47.37431183574747],[-122.25743611195661,47.373645538957909],[-122.25755535127726,47.373013513280291],[-122.2572136427239,47.372324517452967],[-122.25645471896881,47.37179776510694],[-122.25570403070864,47.371797832446042],[-122.25518669025324,47.372268149911143],[-122.25474042648474,47.373155020937602],[-122.25463183701207,47.373957103674456],[-122.254477457866,47.374752033750099],[-122.25446321215342,47.374825466969959],[-122.25443419852193,47.374861516203502],[-122.25415208990376,47.375212415949939],[-122.25388480599318,47.375755833696815],[-122.25344801380236,47.376183935098062],[-122.25295480254637,47.376496749917955],[-122.25219502870634,47.376782063129617],[-122.25126328996899,47.376912045338528],[-122.25078663307539,47.376797243505798],[-122.25077293619452,47.376793944938747],[-122.25037705984981,47.376734079740395],[-122.24992654892503,47.376681881375724],[-122.24965746354115,47.376650703081758],[-122.24957694443793,47.37664139305366],[-122.2495773608004,47.376607099485632],[-122.24957762263035,47.376585593445341],[-122.24959893137077,47.374831414186296],[-122.24951562137804,47.368446031542604],[-122.24949869876995,47.366700812901193],[-122.24947349069819,47.366521386888898],[-122.24933252342325,47.365517976416001],[-122.24921552847758,47.364948689837988],[-122.24919282030305,47.364736795455606],[-122.24912728768861,47.364314584602738],[-122.24912151324094,47.364122357358511],[-122.249121276385,47.364114614736472],[-122.2491208737829,47.364013283345578],[-122.24934847903185,47.358049728746451],[-122.24963583101218,47.358051349454456],[-122.25115638329773,47.358059916244017],[-122.25124681278461,47.358060433899446],[-122.25131690815168,47.358059614613744],[-122.2546578788013,47.35802226039403],[-122.25470347099964,47.353987453606209],[-122.25368491492979,47.354002786832169],[-122.25123320005339,47.354039656623279],[-122.24304549650869,47.354015346718697],[-122.23902951745407,47.354003236557787],[-122.23894925066655,47.354002997148669],[-122.23894823921646,47.354013605977258],[-122.23894404502096,47.354057588256389],[-122.23894220951982,47.354231672266508],[-122.23888521712168,47.359636883341892],[-122.23890228265354,47.360424985678712],[-122.23892597999951,47.361519276420161],[-122.23943834527365,47.364568443413887],[-122.23948690263079,47.364857399055204],[-122.23949401389285,47.364899711078046],[-122.23950197286889,47.364966340200169],[-122.23960398130866,47.365817281136117],[-122.24024759210566,47.370119844431798],[-122.24027162610318,47.370280497049777],[-122.23732644553026,47.370289079499685],[-122.23555588285278,47.37031100052436],[-122.23552453560609,47.369879749029039],[-122.23494897066685,47.369843965522158],[-122.23456117754273,47.36973961061036],[-122.23412352960777,47.369034555784175],[-122.23425349829265,47.368725073384319],[-122.23431269454666,47.368675456663595],[-122.23462542169791,47.368413331317406],[-122.23506571274132,47.368116419159051],[-122.2358961642925,47.36728662360597],[-122.23624002703841,47.366865622202802],[-122.23633175018303,47.366753320981132],[-122.23683380795018,47.366142363727946],[-122.23713467231624,47.365494703642149],[-122.23713693943556,47.364852393238969],[-122.23699636640316,47.364252497648842],[-122.23708259196185,47.363082741696296],[-122.23680217094604,47.362674263380761],[-122.23639175879474,47.362327774969202],[-122.23624829305066,47.36220665355841],[-122.23567024764756,47.36204896591849],[-122.23528911183504,47.36194499209671],[-122.23243870362462,47.361167347853367],[-122.23211910497029,47.361022158890705],[-122.23127876722383,47.360947592277682],[-122.23027500854283,47.3611231189522],[-122.22958461155294,47.361294395039778],[-122.22931047910929,47.36136233467041],[-122.22876065285448,47.361555644926518],[-122.22860658177176,47.361609813658468],[-122.22785721986304,47.361581323051617],[-122.22704025057372,47.361620110432149],[-122.22703494909226,47.36162036205188],[-122.22632292370039,47.361982574710112],[-122.22559200592542,47.362495487348518],[-122.22524685896605,47.362843753350191],[-122.2249116389501,47.363181996831223],[-122.22423501612661,47.363999472044476],[-122.22385047661837,47.364692593335299],[-122.2236452986641,47.365237713978374],[-122.22359075259831,47.3656251809645],[-122.22358301982129,47.36568010978435],[-122.22388048008656,47.365990038830432],[-122.22461705917024,47.366575053035675],[-122.22462120530504,47.366578345393144],[-122.22538742251281,47.367026923547961],[-122.22582569588802,47.367283503308904],[-122.22655171858865,47.36761071539464],[-122.22713551539589,47.368054086388604],[-122.22731081222481,47.368500329942599],[-122.22736347648713,47.368634394628884],[-122.22728668529314,47.368718768134144],[-122.22707165158181,47.368955034249403],[-122.2264603766408,47.369226462468532],[-122.22573404272845,47.369458854700703],[-122.22542098005336,47.369418389130296],[-122.2250929693827,47.369375989258685],[-122.22439739996631,47.369070806443347],[-122.22435220804311,47.369050977959667],[-122.22434277314238,47.369046838397551],[-122.22390925003606,47.368918731305286],[-122.22357037870182,47.368818593190952],[-122.22272915045853,47.368605494607209],[-122.2224510558603,47.368535046231536],[-122.22202926213879,47.368360118625866],[-122.22203761221138,47.369684827270255],[-122.22192681252935,47.369683733150303],[-122.21842129045835,47.369649053037101],[-122.21841774540938,47.368539540625328],[-122.21597706075237,47.368536787576907],[-122.21597625859154,47.367564384992811],[-122.21349893230514,47.3675619206291],[-122.21354524662121,47.361514963766389],[-122.20742503776931,47.361464356094658],[-122.20742960111538,47.360773860356616],[-122.20745571415556,47.355570040841471],[-122.20747663191308,47.354950299100139],[-122.208353280686,47.355324320316853],[-122.21031738801977,47.35516345089291],[-122.21075830443738,47.35505960276393],[-122.20893885995662,47.353726761496951],[-122.21014767172078,47.353720966955699],[-122.21014771279935,47.35372096814973],[-122.2111775885805,47.354357749624739],[-122.21226542758555,47.354219976719151],[-122.21322407496037,47.354163151068953],[-122.21318578526224,47.353769253941181],[-122.21302672438263,47.353775353554568],[-122.21270094119699,47.353796169760528],[-122.21268999547074,47.35371361127774],[-122.21268273060643,47.35365882251854],[-122.21200800591082,47.35366077558939],[-122.20969743820838,47.353395204103748],[-122.2095011696864,47.353208777419937],[-122.20863240450667,47.353430237000943],[-122.2085337895666,47.352538988149306],[-122.20861025276278,47.351842508938674],[-122.20846731936717,47.350892775009868],[-122.20763174980806,47.350896359431985],[-122.20415487645455,47.350867239763019],[-122.20418097739102,47.346104570050478],[-122.20240219623817,47.346096226444708],[-122.20237603885288,47.350852299722696],[-122.18678842739205,47.350720160438705],[-122.18678728228655,47.350268862769241],[-122.18146595373862,47.350272064953096],[-122.18146509653309,47.349818768176149],[-122.18080302682485,47.349816911458795],[-122.18079735978111,47.348913972807082],[-122.17615246461106,47.34890709939117],[-122.17615272976168,47.348815001726784],[-122.17077343070531,47.348817240475512],[-122.17049729014197,47.348893963448639],[-122.1657063619559,47.348887489442653],[-122.16558666773697,47.343560286997331],[-122.14622826378358,47.343601581442471],[-122.14594613519849,47.343929872106024],[-122.14517710124123,47.344671550844751],[-122.14532058396323,47.344754353888192],[-122.14494261572028,47.345096021023465],[-122.14422965507335,47.345630312734329],[-122.14289297346498,47.346418625943294],[-122.1378652717888,47.349131348282441],[-122.13773976881815,47.349024043089116],[-122.13474550749787,47.350612165207053],[-122.12771625254699,47.354442305829984],[-122.13071149144341,47.354468678613664],[-122.13071356107437,47.355368640553024],[-122.1320377915952,47.355380268795756],[-122.13203992052988,47.356280228054587],[-122.12991669620097,47.35626154962705],[-122.12982200249743,47.356415908600994],[-122.12981039900262,47.356898282554354],[-122.12963755289437,47.357211986706844],[-122.12952765044682,47.357618859502963],[-122.12915062721213,47.357850129259603],[-122.127952337651,47.357839564368724],[-122.12797083570585,47.359025960874234],[-122.13061993632211,47.359049309620858],[-122.1306464724257,47.360746483187455],[-122.13172854523491,47.360747916865982],[-122.13330276797961,47.361649828314626],[-122.13595828129786,47.361653301447099],[-122.13601401932874,47.365198202036758],[-122.14155289274711,47.365205254267188],[-122.14157876158866,47.366841319698196],[-122.14265985804596,47.366842674227598],[-122.14371996339216,47.368989569803986],[-122.14377087887759,47.372202053379461],[-122.14384175936929,47.375445313845219],[-122.14378250123015,47.379605444088],[-122.14374897657051,47.379843703095617],[-122.14369707590511,47.38005651403396],[-122.14364401551993,47.380208880009505],[-122.14349358709399,47.38051671751429],[-122.14225756047419,47.382302852822249],[-122.14213220413252,47.38250603545864],[-122.14204904411454,47.382709267166199],[-122.14197488013122,47.382951823511718],[-122.14193258631632,47.383126619836901],[-122.14192487377871,47.383243611967224],[-122.14191881843034,47.383268049054671],[-122.14191665427946,47.383276785475196],[-122.14192409014771,47.383561538825532],[-122.14196220730564,47.383827215062482],[-122.14206828269332,47.384122443367716],[-122.14242581251949,47.384721418738422],[-122.14266222331206,47.384980111908085],[-122.14316741404235,47.385397963259408],[-122.14345967388844,47.385582717525082],[-122.14399411719161,47.385843087723451],[-122.14413073250137,47.385898610845906],[-122.14449656450665,47.38601897992006],[-122.1451353196971,47.38621192048975],[-122.14581407072762,47.386402769459785],[-122.14638283933523,47.386610181653424],[-122.14657665522419,47.386692779807035],[-122.14682611169462,47.386777082398133],[-122.14711478923306,47.386858812968491],[-122.14722895261164,47.386885073486567],[-122.14734632469562,47.386912072861911],[-122.14778610645969,47.386983889752621],[-122.14811438559774,47.387010087904805],[-122.14953962680325,47.387016836255725],[-122.14953178319045,47.387850457448906],[-122.15016191796578,47.388065833111362],[-122.1504800345855,47.38829615806609],[-122.15129636639172,47.388378306472198],[-122.15152138564807,47.389073991457394],[-122.15242379487272,47.389382996516574],[-122.15308728466781,47.390428210512617],[-122.15301463810448,47.391924680997548],[-122.1545212664774,47.391949889464087],[-122.15455516552439,47.392115534948566],[-122.15462145399979,47.392397987028104],[-122.15471482562444,47.392647604067513],[-122.15476155311823,47.39415988370267],[-122.15732125724122,47.397765662006371],[-122.15872416398652,47.397764314040408],[-122.15872292324978,47.401216756209202],[-122.15904493443054,47.401217038900541],[-122.15960458707008,47.401319296601521],[-122.15999014345688,47.401332465607773],[-122.16007667443189,47.405010852619853],[-122.15945074103425,47.404975193697716],[-122.15927262079863,47.405097586670514],[-122.15949381501231,47.405806346819823],[-122.15963330042091,47.406286033587271],[-122.15975318053013,47.406588860171176],[-122.159744129199,47.406917533724702],[-122.15982316601304,47.407406421546412],[-122.15994483154306,47.408104938584508],[-122.16004218859393,47.40848593105828],[-122.16034753843481,47.408480719964395],[-122.1603382524154,47.411358471460986],[-122.15993441935642,47.411355257320011],[-122.15994038030709,47.413529855293163],[-122.15950426334513,47.413527174433696],[-122.15949602208315,47.414075441147119],[-122.15861398428625,47.414065860965039],[-122.15861169512971,47.414982255577733],[-122.15883404500116,47.414979081273053],[-122.15884409139797,47.416114982372079],[-122.15992938836501,47.416110158552009],[-122.15991493783031,47.417346469926919],[-122.16058970848697,47.4173567317888],[-122.16057996568763,47.418277533285597],[-122.16191119908757,47.418892802103585],[-122.16190258459386,47.419029751158526],[-122.16281360361184,47.418710694572873],[-122.16301163581564,47.418949632927784],[-122.16478858655591,47.420893327708235],[-122.16523100141734,47.421061973105395],[-122.16522985716172,47.421350621835728],[-122.16789797424038,47.421332259329638],[-122.16787610018415,47.421571414773588],[-122.16802948669972,47.42178815020015],[-122.16863250010988,47.422316885120459],[-122.17002389880363,47.422734772228658],[-122.17058024158756,47.422706872047343],[-122.17059266064886,47.423104761780294],[-122.17235088340999,47.423059568565009],[-122.17241003589861,47.424014081688426],[-122.17249797980644,47.424012816008364],[-122.17435630641025,47.429041521390005],[-122.17419347181892,47.429461838203146],[-122.17415661909095,47.4301589878106],[-122.17565183324623,47.430137439826751],[-122.17566334236911,47.430435695675747],[-122.17580211710239,47.430643137701857],[-122.17713176074973,47.430444636526516],[-122.19737826435335,47.43046165939856],[-122.19737856987776,47.430308650308085],[-122.19737883521826,47.430175232261448],[-122.19739274358173,47.423195886782544],[-122.20102908245751,47.423182523607984],[-122.20281492359246,47.423175918614817],[-122.20747792960563,47.423155365609965],[-122.2074799031405,47.423246730231405],[-122.21787625490057,47.423232762404297],[-122.21787479107819,47.430013078335676],[-122.21787476354558,47.43007074391965],[-122.21795520871862,47.430070939365223],[-122.22004976448086,47.430075899712726],[-122.22012755922457,47.430076086999435],[-122.22011634615137,47.430130750532633],[-122.21857274844635,47.436255545768525],[-122.21819065800946,47.437660020335841],[-122.21817552527888,47.437705583074212],[-122.21814668594129,47.437769478813955],[-122.21807183221794,47.437910458215818],[-122.21747985292015,47.438837234388579],[-122.21679428761408,47.439661628585696],[-122.21675185084327,47.439716543013958],[-122.21669177382641,47.439771618081359],[-122.21648288676819,47.439963050712265],[-122.21593100259456,47.440394662074603],[-122.2158604831381,47.440449830542462],[-122.21578116260737,47.440503219842078],[-122.21571042722782,47.440569900444316],[-122.215640724499,47.440652704330176],[-122.21558417451141,47.440739973270034],[-122.21554135805947,47.440830795477211],[-122.21552950766089,47.440869478384656],[-122.21551299489549,47.440933266065549],[-122.21559331399864,47.440932372188442],[-122.22274501196412,47.440852761777826],[-122.22983680881507,47.440933383916615],[-122.23269618258367,47.441001547584889],[-122.23277633129504,47.440994321702512],[-122.2328568021865,47.44099507886768],[-122.24092811638459,47.441072340311244],[-122.24575930558123,47.441118322073613],[-122.24583627808697,47.441119051727469],[-122.24581982412543,47.441074464210253],[-122.24578250078537,47.440973471188542],[-122.24567917598675,47.440571278157577],[-122.24563839886812,47.440163950671938],[-122.24566054007265,47.439755983226448],[-122.24574544792237,47.439351793494595],[-122.24576001080354,47.439310844292891],[-122.24583437161316,47.439148585005711],[-122.24593337059238,47.438992504098337],[-122.24605583430211,47.438844275378308],[-122.24620047045539,47.438705545641078],[-122.24636570229428,47.43857785709352],[-122.24654970957208,47.438462562175836],[-122.24662297724568,47.438421284030397],[-122.24687578428075,47.438258481795657],[-122.24710208516703,47.438078639559492],[-122.24729946789769,47.437883744161752],[-122.24739244954748,47.437744348035146],[-122.24757285100205,47.437409307837669],[-122.24770062984129,47.437063279457114],[-122.24792290945443,47.436285782910424],[-122.24862650238674,47.433587048867068],[-122.24864078528891,47.433532331558368],[-122.2487080625606,47.433533013389173],[-122.25118344369029,47.433548332423229],[-122.25126381348205,47.433548590599834],[-122.25134404957171,47.433542332786899],[-122.25643716193996,47.4334519874986],[-122.25721210369646,47.433378762183843],[-122.25758038715932,47.433371679486967],[-122.25799939438441,47.433390946544591],[-122.2583870924398,47.43354961147287],[-122.25873303280633,47.433755071629982],[-122.25906367540225,47.434047621677252],[-122.25961711660943,47.434372838882027],[-122.26004887359026,47.434594882813677],[-122.26045223692373,47.434683841824814],[-122.2609308376083,47.434690925027503],[-122.26141704759986,47.43465155717373],[-122.26185944374588,47.434560444114879],[-122.26225798658383,47.434411749996393],[-122.26258637059321,47.434176770473414],[-122.26282720584184,47.433838272552777],[-122.26300446114432,47.433314864309125],[-122.26285264418279,47.433047411244246],[-122.26243598663162,47.432726698020076],[-122.26181764717121,47.432570217707308],[-122.26126812066335,47.432436261330842],[-122.26121000703317,47.432422679182963],[-122.26046727522601,47.432249090462378],[-122.26040968576463,47.432235630429176],[-122.26008656559215,47.432163413316118],[-122.25941407553421,47.432013108637101],[-122.25889859891625,47.43176728230933],[-122.25844225341234,47.431280203985871],[-122.25840913972237,47.431156011626136],[-122.25829423651719,47.430725064856702],[-122.25837512183953,47.430398244007442],[-122.25899235733922,47.429767749565919],[-122.25953664795122,47.429646701271515],[-122.26038841033896,47.429522730667038],[-122.26178876159044,47.429486370506822],[-122.26301873623902,47.429474777992347],[-122.26407548468188,47.429348849833573],[-122.2648560915907,47.429086416207035],[-122.26556645668833,47.428731858237455],[-122.265899548872,47.428311309527444],[-122.26612678944014,47.427729450979797],[-122.26621835951205,47.427195223961753],[-122.26651534977704,47.426682256779742],[-122.26714973140832,47.425957380157264],[-122.26727781437326,47.42553876350717],[-122.2672028197278,47.425214825317653],[-122.26712081864761,47.425107300388454],[-122.26671120068687,47.424570178189491],[-122.26594724199322,47.423974481601526],[-122.26554628290138,47.42344870605865],[-122.26542051268133,47.423283782074471],[-122.26516665682266,47.422567324798749],[-122.26528761512959,47.421800919333329],[-122.2657511329228,47.421077653284314],[-122.26622035080301,47.42063263142304],[-122.2668574880777,47.420046853448888],[-122.26713380106146,47.419626763459448],[-122.26726489844431,47.419427446885145],[-122.27635492904362,47.419376995010253],[-122.27641305845206,47.419304206424869],[-122.27954038540271,47.415387895753113],[-122.28215488244868,47.415375362532842],[-122.28229446447081,47.415374691484118],[-122.28236559954033,47.415374337977262],[-122.28235755995556,47.415319937242153],[-122.28230009771634,47.414930553053047],[-122.28209775652037,47.414369660753486],[-122.2818101811928,47.413826189103368],[-122.28144046861004,47.413306105182023],[-122.28103538253444,47.412861913669509],[-122.28097391319433,47.412795589931413],[-122.28098681272654,47.412753312229327],[-122.28137539982551,47.411478378004801],[-122.28154334327512,47.410702865210311],[-122.28159098285427,47.409919666673808],[-122.28158241071502,47.409696407768251],[-122.2814981208152,47.408612301314221],[-122.28149267615338,47.40841968640764],[-122.28151688667134,47.408227742198079],[-122.28157055559117,47.408038569699919],[-122.28157253352019,47.408033451758442],[-122.28159502385103,47.407975131504173],[-122.28166693212648,47.407923480982532],[-122.28189409158257,47.407760323323231],[-122.28266244731992,47.407207300634724],[-122.28275754099188,47.407138849497962],[-122.28281422239004,47.407096778521222],[-122.28287572991556,47.407051117550921],[-122.2830420595881,47.406951035486316],[-122.28322282576987,47.40686333049117],[-122.28325391912784,47.406850107617139],[-122.28334600357179,47.406828257197397],[-122.28344099882108,47.406813031242727],[-122.28353778213815,47.406804659305571],[-122.28363531053411,47.406803178988156],[-122.28373254324464,47.406808654851908],[-122.28382843044504,47.406820959072277],[-122.28392184872588,47.40684002253667],[-122.28401186877254,47.406865635506016],[-122.28409743882499,47.406897453375194],[-122.28417762947788,47.40693518454178],[-122.28425154923845,47.406978402772687],[-122.28427525614957,47.406994344206169],[-122.28462297393943,47.407239873157458],[-122.28493101377272,47.407508712933961],[-122.28495624246585,47.407534073749339],[-122.28500489602837,47.407582959871441],[-122.28505978917919,47.407642147541772],[-122.28537673095987,47.408057458118904],[-122.28640510472341,47.408050552859834],[-122.28641455719374,47.40379395542049],[-122.28851308133859,47.403785387875629]],[[-122.28326154700741,47.391538068358294],[-122.28297407534724,47.3915997238445],[-122.28267866472298,47.391640648774512],[-122.28237855599738,47.391660403796415],[-122.28207707890057,47.391658711067549],[-122.28177752729117,47.391635647800456],[-122.28148315947332,47.391591457325625],[-122.28119719714549,47.391526597688568],[-122.2810749249756,47.391491719586384],[-122.28084904364663,47.391380909994375],[-122.28081753047289,47.388557574226411],[-122.28081482043369,47.3883147104427],[-122.2783700151891,47.388324263778465],[-122.27805627948014,47.388325486331418],[-122.27802451205248,47.388257263873705],[-122.27769498425005,47.387380542848511],[-122.27750219945916,47.386485252862457],[-122.27746331214381,47.382983628758574],[-122.28127704704663,47.382968707869907],[-122.28127794681954,47.383049258155822],[-122.28129770991058,47.38481950732794],[-122.28129834777685,47.384877283618231],[-122.28137868133462,47.384876950023482],[-122.28138577408444,47.384876922184034],[-122.28252126719887,47.384872467565735],[-122.28258301334913,47.384872229536938],[-122.28258362639288,47.384926869955841],[-122.28258604715246,47.385143850473618],[-122.28254241720384,47.385144408683196],[-122.28230510726706,47.385147442293231],[-122.28230962499107,47.385554382902569],[-122.28200703493857,47.385420339437395],[-122.28200844436769,47.385548105727104],[-122.28159215676057,47.386019884859934],[-122.281530218822,47.386001253725311],[-122.28146572279893,47.385987119686696],[-122.28139939802992,47.385977664980935],[-122.281332006498,47.385972938193795],[-122.28126423383139,47.385973042164743],[-122.2811968815692,47.385977940306759],[-122.28113063217759,47.385987600560036],[-122.28106620638819,47.386001906609813],[-122.28100440212584,47.386020713068916],[-122.28094577858164,47.386043826032221],[-122.28089105406929,47.386070936695852],[-122.28084078193152,47.386101794566848],[-122.28079556049001,47.386136067492302],[-122.28075582200648,47.386173369186992],[-122.28072207907346,47.386213259052845],[-122.28070193629227,47.386242928785911],[-122.28041772019874,47.387184500783796],[-122.28063740248139,47.387212056862595],[-122.2808026934778,47.387232790432115],[-122.28080499328418,47.38743861747546],[-122.28081295249682,47.388151118291439],[-122.28103393262266,47.388150251096775],[-122.28215442361021,47.388145848590348],[-122.28233862248479,47.388145124130936],[-122.28232896750903,47.387282118456113],[-122.28232440376809,47.387197684861896],[-122.28233318908295,47.387100661469333],[-122.28234558265969,47.387050363920984],[-122.28235681489002,47.387004777792789],[-122.28239510060133,47.386911098209033],[-122.28244758708341,47.386820636485176],[-122.28251369204767,47.386734407375023],[-122.28319784340481,47.386114744025193],[-122.28380496783089,47.386433225485703],[-122.28380565048191,47.386495009125618],[-122.28657545417823,47.38648528763683],[-122.28657585273044,47.386550769744538],[-122.28659535949076,47.389750307165009],[-122.28659725393396,47.390061021708803],[-122.28655103493294,47.390082102262816],[-122.28644531104058,47.39013032366757],[-122.28353795919806,47.391456313279917],[-122.28326154700741,47.391538068358294]]],[[[-122.26518956746486,47.372167727884396],[-122.26970220279226,47.372110199358012],[-122.26793807929519,47.368686613229436],[-122.2677416260486,47.368303966629838],[-122.26702852377021,47.366914946128794],[-122.26669475782492,47.366263790992221],[-122.26659658744313,47.366071423494979],[-122.26652888077147,47.365925353939431],[-122.26648044598144,47.365807210346169],[-122.26642713656754,47.365658365639376],[-122.26639034401175,47.365538276066431],[-122.26634505793071,47.36535728159145],[-122.26629211681281,47.365127916341606],[-122.266277874588,47.365067442597784],[-122.26523596933853,47.365072173121646],[-122.26518956746486,47.372167727884396]]],[[[-122.01463222856678,47.358044748920634],[-121.99499767969527,47.358061093534587],[-121.99507466490483,47.365262003846496],[-122.01627402306977,47.365242638031567],[-122.01619411015605,47.358039771950146],[-122.01463222856678,47.358044748920634]]],[[[-122.05396222520302,47.344505508618255],[-122.05388283111792,47.344495041244976],[-122.05399112978984,47.343671200751032],[-122.04318095773132,47.343647535864108],[-122.04311903358547,47.347159719821285],[-122.05137959421995,47.34719521980972],[-122.05348296806888,47.347686361825637],[-122.05390234573258,47.347786831465243],[-122.05396222520302,47.344505508618255]]],[[[-122.10195399606583,47.356240207889662],[-122.10482204331625,47.356248464871541],[-122.10720344171627,47.356255261137292],[-122.10722434406192,47.355123171969325],[-122.10905642648108,47.355140960448836],[-122.11248115036265,47.352371862500974],[-122.11246956576211,47.351538563483267],[-122.11178391290882,47.35191877457725],[-122.11071631017204,47.352429829607367],[-122.10957596889452,47.352862230611017],[-122.1083753260408,47.353211262666292],[-122.1071275608887,47.353473081741619],[-122.10609993256691,47.353618287042273],[-122.10191448879971,47.354394876222159],[-122.10195399606583,47.356240207889662]]]]},"properties":{"CityName":"Kent"}},{"type":"Feature","geometry":{"type":"Polygon","coordinates":[[[-122.16460746841261,47.687648317557091],[-122.16484385452151,47.689332109800574],[-122.16485884725525,47.690148060360471],[-122.16453432356177,47.696944737335627],[-122.16430597917855,47.704323420058891],[-122.16423653414674,47.707903975270149],[-122.16308187693923,47.707897363978255],[-122.16304957864342,47.711335661038582],[-122.15898725289168,47.711387206745989],[-122.15890443201698,47.711415160838989],[-122.15882688938741,47.711444758896903],[-122.1587016415516,47.711487352811318],[-122.15855245343747,47.711525467738909],[-122.15839822117702,47.711552864493143],[-122.15824059040007,47.711569230061855],[-122.15808129406307,47.711574359042459],[-122.15792206840105,47.711568236690148],[-122.15776465083725,47.711550929207988],[-122.15752976551613,47.71150739973946],[-122.15647776669471,47.711334760794074],[-122.15640092064707,47.71132215426902],[-122.156315937551,47.711314711055387],[-122.15595342969972,47.711283006054259],[-122.1553469843704,47.711259033018322],[-122.15465171883849,47.711254932546659],[-122.15415800835741,47.711251155530398],[-122.15380740263076,47.711246946863362],[-122.15328942010593,47.711498426513387],[-122.1532253834684,47.711877747604987],[-122.15347299461521,47.712379657440998],[-122.14890533517543,47.725826896339214],[-122.14890544316665,47.725826896614763],[-122.15243662182765,47.725838584542444],[-122.15256235069812,47.725838999073744],[-122.15256235145978,47.725839066525289],[-122.15257496976298,47.727099911847844],[-122.15257596449256,47.727199249890255],[-122.15444901187206,47.726880314239082],[-122.1544358678226,47.726812120501513],[-122.15425224237768,47.725844621313236],[-122.15303527132266,47.725840538555566],[-122.15303505534007,47.725840538012122],[-122.15308123450777,47.724042936496012],[-122.15326692298953,47.724043545581033],[-122.15574571852069,47.724051650727972],[-122.15574571662134,47.724051718217311],[-122.15569961952113,47.725849280411524],[-122.15569983550377,47.725849280950037],[-122.15913122012684,47.725860443337233],[-122.15913121823174,47.72586051082655],[-122.15903633748572,47.729568476369046],[-122.1590365533994,47.729568474204108],[-122.15913217808721,47.729567652180577],[-122.15980207851152,47.72956188743337],[-122.16125500040491,47.729606691647191],[-122.16135914637822,47.729609902378456],[-122.16153413725942,47.729620978680238],[-122.1622338893319,47.729696557124321],[-122.16291809907125,47.729821053126777],[-122.16291831689652,47.729821112093347],[-122.16357926974247,47.729993088595755],[-122.163864209813,47.730091436449243],[-122.16416844577886,47.730196442242956],[-122.16407328046012,47.733927044561987],[-122.16970296140786,47.733944570662501],[-122.17584438041725,47.73397714475518],[-122.1756576599077,47.737159365892332],[-122.18418803407957,47.740019581216437],[-122.18665696881064,47.740849606027133],[-122.18666222477231,47.740740734970409],[-122.18668698045954,47.740310411231683],[-122.18674659702066,47.739664630288964],[-122.18687345994613,47.738603946292308],[-122.18698070361856,47.737969084525304],[-122.1877535338147,47.733129911658516],[-122.18776514575553,47.733070313889144],[-122.18885326812554,47.733054598837093],[-122.18884170783616,47.733130235017455],[-122.18953383100974,47.733144163408397],[-122.19028454015374,47.733141287928945],[-122.1922120447816,47.733149296461526],[-122.19403382149444,47.733178747410534],[-122.19523323927767,47.733157371716175],[-122.19677125534292,47.73318690626899],[-122.19823041745742,47.733153752594191],[-122.19922879817105,47.733131267812418],[-122.20084248570589,47.733123754094741],[-122.20197150062828,47.73311928716398],[-122.20398173355682,47.733125897183591],[-122.20605619974749,47.733107604752227],[-122.20720644207761,47.733106713702824],[-122.20722007338011,47.732964627270121],[-122.20754656444433,47.732967777933354],[-122.21322434770453,47.732992615928588],[-122.21315466138292,47.732404027181808],[-122.21357897980819,47.732639540205795],[-122.21382370913496,47.732731957124159],[-122.21460619970753,47.732938265424792],[-122.21528694996987,47.733101220024629],[-122.2158639824881,47.733231401142945],[-122.21680832082711,47.733451837744227],[-122.21706222172101,47.733520270891439],[-122.21732829771763,47.733591710698668],[-122.21771114704848,47.733737899623456],[-122.21853116751585,47.734195311475993],[-122.21864278849353,47.734118554286589],[-122.21871050176451,47.73401261119772],[-122.21874205627797,47.733842875758114],[-122.21874604295942,47.733313578884911],[-122.21875558509032,47.733276994046257],[-122.2188104420233,47.733249248958288],[-122.21921602122153,47.733249948470153],[-122.22927309265745,47.733426480867351],[-122.24044390222736,47.733543406183209],[-122.24092354440411,47.733473650659157],[-122.24135976306714,47.733395645590988],[-122.24189268188508,47.733205466721223],[-122.24233104145736,47.732921332573177],[-122.24284313957449,47.732161122100074],[-122.2429353615663,47.732163017743183],[-122.24316379988272,47.73213983741924],[-122.24355959076438,47.732099674816659],[-122.24362834231707,47.732092698135936],[-122.24436624498077,47.731977087121095],[-122.24558831349653,47.731786258702876],[-122.24542205182884,47.731446969724217],[-122.24454274194073,47.728227533161359],[-122.24489385309465,47.728256878817596],[-122.24526894770868,47.728347229605937],[-122.24563758364489,47.728483322648238],[-122.24590019306478,47.728621130483766],[-122.24615003755609,47.728701432386856],[-122.24633064985589,47.728759482272459],[-122.24656779394928,47.728782513566678],[-122.24679608307767,47.728763312962641],[-122.24698123615288,47.728707343815465],[-122.24712205114636,47.72863131846686],[-122.24724481168089,47.728499399532602],[-122.24733337367677,47.7283694030288],[-122.24744063339861,47.728190441325012],[-122.24767559865606,47.727798398890997],[-122.24776992681291,47.727741571754223],[-122.24796149381064,47.727689592468515],[-122.24817044817159,47.727702503244508],[-122.24836568691373,47.727785332500012],[-122.24853498298883,47.727920566957579],[-122.24872207588156,47.728049480252238],[-122.24896976439813,47.728168134276572],[-122.2491761880915,47.728239007534391],[-122.24943015903951,47.728275497984193],[-122.24968667368668,47.728264456952097],[-122.24999239870273,47.728137846767034],[-122.25010635367319,47.728093577124689],[-122.2502984621547,47.727953356446442],[-122.25045010160962,47.727755024385679],[-122.25062345347946,47.727394025913632],[-122.25072495739545,47.727097246921993],[-122.25077128539969,47.726810443281352],[-122.25080095525213,47.726626770023756],[-122.25075682318182,47.726323200421774],[-122.2507576856716,47.726306342168812],[-122.25079719410276,47.725561204806922],[-122.25982735457903,47.725629713370381],[-122.2598966939036,47.725800561149391],[-122.25980512426834,47.725963088658574],[-122.25955793124263,47.726191750451349],[-122.25989215510914,47.72618738689993],[-122.25975434593825,47.726338413000164],[-122.26174490423155,47.726345415259331],[-122.27332021254122,47.725920264902051],[-122.27193701876347,47.720441372895166],[-122.26915189026815,47.714131811751322],[-122.26527691355336,47.708075505922515],[-122.26073889070054,47.702271712017762],[-122.25507509249404,47.69687336631776],[-122.25106421054986,47.693622856413107],[-122.24755030224786,47.692683528154376],[-122.24556826891066,47.692069265008826],[-122.24398959515923,47.691693680935927],[-122.24140154479117,47.69124571448922],[-122.23955272452197,47.690653736557955],[-122.23888588709593,47.690510641502897],[-122.23576895069667,47.689671530011161],[-122.2308868255955,47.689019596322765],[-122.22783771351121,47.689205693569285],[-122.22561996687749,47.689453173045472],[-122.22070348435159,47.689533271847822],[-122.21643292859125,47.677317431181365],[-122.2095558275562,47.672256332862496],[-122.20961027624024,47.666838623583907],[-122.20747245907239,47.666821696222932],[-122.20738964079605,47.666821049866499],[-122.20740054689509,47.666766488111044],[-122.20742327174656,47.666652478446466],[-122.20749452715121,47.666231301621245],[-122.2075571488415,47.666062279110406],[-122.20765987219082,47.665910279355707],[-122.20786306425293,47.665672125444345],[-122.20800251934246,47.665394574587175],[-122.20802237621649,47.66529064371251],[-122.20797772074192,47.665169337539304],[-122.20784601146406,47.664739626867224],[-122.20787615367286,47.664570104947821],[-122.20790145264847,47.664537864170647],[-122.20793340482658,47.664493220357066],[-122.20799962514681,47.664536028535117],[-122.20840805044988,47.664535031433907],[-122.20840640926707,47.664263104910177],[-122.20795564319066,47.664264373362698],[-122.20795530389148,47.664085153205605],[-122.20840709001045,47.664084556153661],[-122.20840646854546,47.663706606595724],[-122.2081886419476,47.663706846253902],[-122.2081855671928,47.662201776469367],[-122.20817536384824,47.662201786339949],[-122.20817479427571,47.661933009312911],[-122.20857067135566,47.661932641131841],[-122.20857087239284,47.662022824321809],[-122.20879038841356,47.66202262298777],[-122.20878977845322,47.661723248609256],[-122.2084979139412,47.661723554407921],[-122.20849807577083,47.66179736294302],[-122.2073023807251,47.661798452063898],[-122.20730046515038,47.660839404396491],[-122.20838083963565,47.66083842489958],[-122.20838058677022,47.660710778333744],[-122.20726665952338,47.660711760128883],[-122.20726622485167,47.660480416282446],[-122.20821286400431,47.660479575169703],[-122.20821254238687,47.660321821949537],[-122.20736793854753,47.660322565069777],[-122.20727913421727,47.660322654001632],[-122.20728100829386,47.660268198967891],[-122.20728512058649,47.660147134368948],[-122.2072204981614,47.659658099426075],[-122.20717118100582,47.659196744286966],[-122.20704125917547,47.658953483241206],[-122.20700419644415,47.658848753678775],[-122.20705172157989,47.658646567675042],[-122.20729761081741,47.65810744466399],[-122.20738801328076,47.657840108934245],[-122.20747351401202,47.657715288193877],[-122.20770563572201,47.657581740509038],[-122.20776286308174,47.657571636195435],[-122.20785798670249,47.657403052843122],[-122.20789693588735,47.657279630660724],[-122.20791743805231,47.657214818195492],[-122.20799466514993,47.657214833336056],[-122.2099169635909,47.657215433131768],[-122.209906647766,47.657039812634657],[-122.20813234984696,47.657040962809141],[-122.20805189746906,47.657041004852992],[-122.20804729374885,47.656983282900484],[-122.20803852867429,47.656873912526486],[-122.20796084335693,47.656768539790896],[-122.20795403754174,47.656730047191438],[-122.20790071627241,47.656625054641388],[-122.20770134134094,47.656512381294405],[-122.20761519997973,47.656417846492268],[-122.20756510183446,47.6559783736732],[-122.20753671181214,47.655857326390525],[-122.20686984395122,47.655392080700508],[-122.20657714163555,47.655157333061084],[-122.20649928477634,47.655057409481955],[-122.20642092521531,47.654732705445916],[-122.20628549998223,47.653935537134799],[-122.20604659950847,47.653076463068558],[-122.20571341765405,47.652358552596333],[-122.20567453172859,47.652308603368702],[-122.20554117319745,47.651928233262701],[-122.20518961035792,47.651275822853982],[-122.20477768642603,47.650485426656623],[-122.2046945154755,47.650303208089127],[-122.20475977582254,47.650057427546741],[-122.20482890826722,47.650017300129825],[-122.20489744279729,47.649977586199078],[-122.20498939577605,47.649976381471454],[-122.20588433117074,47.6499648462067],[-122.2058625646219,47.649410671964901],[-122.20628218490769,47.649258031680532],[-122.20658831468252,47.649098151995744],[-122.20699058895293,47.648978142773338],[-122.2073707140292,47.648791985093538],[-122.20750344911755,47.648711749400142],[-122.20773328192342,47.648643965619918],[-122.20684091703897,47.647777776074449],[-122.20679995308771,47.647730705495732],[-122.20677270108735,47.64766939874945],[-122.20676328895645,47.647639783893943],[-122.20675643229015,47.647596522425566],[-122.20675626209473,47.647553009348677],[-122.20675726418838,47.647546516159181],[-122.20676759918925,47.647491765235756],[-122.20679144556593,47.647437219708209],[-122.20679985734515,47.647417935445219],[-122.20801918701845,47.645737926616512],[-122.20805899201659,47.64568310130884],[-122.20813899590571,47.645646633888084],[-122.20814686246904,47.645644792515085],[-122.20816527216327,47.645641929658872],[-122.20818399038347,47.64564034503897],[-122.20820289595831,47.645640120488594],[-122.20822170592731,47.645641232263586],[-122.20824026190358,47.645643680883268],[-122.20825835723157,47.645647414500296],[-122.20827575196422,47.64565238085526],[-122.20829228508175,47.645658581405947],[-122.20830775077344,47.645665907621492],[-122.20832202672875,47.645674281232957],[-122.20833491109897,47.645683592752015],[-122.20834627974764,47.645693790023451],[-122.20835601120849,47.645704738094537],[-122.20836402077451,47.645716327561132],[-122.2083682146169,47.645724573493133],[-122.20837541311629,47.645778922242876],[-122.20833625328339,47.645833850658853],[-122.20717198457035,47.647467428812689],[-122.20716909593156,47.647476363986378],[-122.20715161392842,47.647530606905015],[-122.20714567747305,47.647585563390763],[-122.20714866797378,47.647620740496912],[-122.20715722418504,47.647656084463755],[-122.20716277557818,47.647669767222567],[-122.20719053701296,47.647724148918833],[-122.2072355476825,47.647778103769092],[-122.20726577514341,47.64781434329867],[-122.20806457172512,47.648519223341609],[-122.2081241930361,47.648571819796253],[-122.20820603464362,47.648556834605117],[-122.208698160914,47.648466693281698],[-122.20916556891414,47.648282283121013],[-122.20962196941473,47.648374215685621],[-122.21047966249391,47.648339275854454],[-122.21092265217926,47.648310946044163],[-122.21196889027873,47.646402639925519],[-122.21248202042644,47.646400034757441],[-122.21248391341912,47.645220952186072],[-122.21312806261719,47.645219908005807],[-122.21313670125535,47.644583618085086],[-122.21354336839677,47.644583518028206],[-122.21354143860667,47.644568872011106],[-122.21383377234257,47.644567357026261],[-122.21383337040898,47.644465115611304],[-122.21374640762907,47.644463040978529],[-122.21376417356058,47.642798423509888],[-122.21347883788742,47.642707038988782],[-122.21316559815178,47.642616047241297],[-122.21304288978538,47.642535898674893],[-122.21286210076781,47.642445841187666],[-122.2127606764637,47.6424180360005],[-122.21265553331259,47.642397190254137],[-122.21248630847829,47.642366668330119],[-122.21233991855289,47.642346435682775],[-122.21215420286639,47.642349907287191],[-122.21190766988308,47.642364690287366],[-122.2117014598204,47.642404259416999],[-122.2107032940043,47.642660984141536],[-122.20970503151985,47.642860421863119],[-122.2096933241543,47.643173393684563],[-122.20904995212149,47.643318264680907],[-122.20859341920468,47.643395496912824],[-122.20843978232691,47.643417016380631],[-122.20813068553237,47.643453479599259],[-122.20781961868876,47.643481354946005],[-122.20750711530586,47.64350046368714],[-122.20724820303496,47.643499936641234],[-122.20698006098428,47.643484819319923],[-122.20670460269766,47.643461239286779],[-122.20635063511399,47.643405485525676],[-122.20508860982925,47.643235431734233],[-122.204256334665,47.643149520615097],[-122.20410073434533,47.643134470323218],[-122.20365749420617,47.643107817975952],[-122.20343419062006,47.6431291658782],[-122.2031439172696,47.6431897287382],[-122.20306714972743,47.643189918070924],[-122.20295696160782,47.643190190267113],[-122.20283013371238,47.643190502767979],[-122.20279393918564,47.643290200629558],[-122.20274297927368,47.643329956678507],[-122.2027123297843,47.643353867681014],[-122.20265740679196,47.643426070619398],[-122.20263369130321,47.643471788906488],[-122.20260764480078,47.643521999353204],[-122.2025733439535,47.643606077638054],[-122.20254905878016,47.643644967653465],[-122.20252476972368,47.643683862216939],[-122.20246497135471,47.643741261258249],[-122.2024033517385,47.643772942692181],[-122.20236968503795,47.643790251753927],[-122.2022875892395,47.643818017445682],[-122.2022239418032,47.643830390795713],[-122.20211599033719,47.643841553653765],[-122.20203903176062,47.643833455756251],[-122.2019895650531,47.644028919254644],[-122.20195691262784,47.644157947025946],[-122.20194373849459,47.644210000737175],[-122.2019136912825,47.644237834642645],[-122.20187241022248,47.644479699623957],[-122.20170264512856,47.644480364450715],[-122.20166197567215,47.644480523898402],[-122.20151015031945,47.644481119358218],[-122.20150424274301,47.64439885289103],[-122.20148797441061,47.644317227734362],[-122.20146146279825,47.644236836772293],[-122.20142490373341,47.644158267246262],[-122.20137856176443,47.644082091000712],[-122.20132277409311,47.64400886262694],[-122.20125794918562,47.643939117684646],[-122.20118455714204,47.643873362947851],[-122.20110313504703,47.643812077226833],[-122.20076451972896,47.643578111946681],[-122.20078096814949,47.643569860860275],[-122.20073252555554,47.643536389477767],[-122.20059956704972,47.643435199458501],[-122.20048163424261,47.643325832948491],[-122.20037982167136,47.643209304923829],[-122.20016469458263,47.642933555463067],[-122.20018752952676,47.642933446763188],[-122.20006288496916,47.642773676143918],[-122.2000283945867,47.642730821334098],[-122.19999227083794,47.642688585808507],[-122.19995453859103,47.642646997989061],[-122.19970919663378,47.642421192606285],[-122.19846283493642,47.642420373594284],[-122.19846424386256,47.642823336547238],[-122.19646092170017,47.642817422407944],[-122.1963440673814,47.642984522451535],[-122.19630032370981,47.642984745424897],[-122.19627916454404,47.642984853292766],[-122.19627965227859,47.643080978890247],[-122.19463357562977,47.644166837258297],[-122.19442333420733,47.644311769002883],[-122.19445250042781,47.644332301320738],[-122.1943859315796,47.644384407897242],[-122.19629299167245,47.645721395221777],[-122.1963111589213,47.646437712950842],[-122.18630577538183,47.646437451307122],[-122.18556651617612,47.646432571394833],[-122.18024081821773,47.646377694110448],[-122.18029752262726,47.653560885080338],[-122.18031166914402,47.653560923403639],[-122.18564479644157,47.653575275947631],[-122.18564190454529,47.661082985679478],[-122.18048486927653,47.660932705432288],[-122.18048607846944,47.660860396966029],[-122.18055299624659,47.656859423409166],[-122.1749270725971,47.656780043644517],[-122.17484639618213,47.6567788957313],[-122.1747657303042,47.656778209971911],[-122.16951046625509,47.656732585568747],[-122.16952528316597,47.658578311481207],[-122.16954129386816,47.660572451231324],[-122.16947284039833,47.66057185603546],[-122.16433053312507,47.660516246947253],[-122.16432420422599,47.660720537761527],[-122.15876714763684,47.660657764980279],[-122.15865705979208,47.665463195700454],[-122.16174248643668,47.665495127467871],[-122.16169932151004,47.666467206109814],[-122.16390934851614,47.666500836005156],[-122.16387331572051,47.668183181084814],[-122.16382889592012,47.671952403997423],[-122.16379047426486,47.675196072102857],[-122.16378962800179,47.675483223752231],[-122.16380465346627,47.678444359083151],[-122.16376092255604,47.678879893809224],[-122.16373889678457,47.679390395651275],[-122.16381140692603,47.679777441368223],[-122.163856859989,47.682605925268902],[-122.16407928852263,47.684240980549482],[-122.16429298317652,47.685424309671362],[-122.16458164699057,47.687481555107588],[-122.16460746841261,47.687648317557091]]]},"properties":{"CityName":"Kirkland"}},{"type":"Feature","geometry":{"type":"Polygon","coordinates":[[[-122.27091575041398,47.777103774904262],[-122.2812761638415,47.777283058412976],[-122.28127189289084,47.777079176957031],[-122.28997662014372,47.777170703619781],[-122.28992482884637,47.777360869146975],[-122.29772915420935,47.777456636126111],[-122.29758462493585,47.770266230015181],[-122.3025653239264,47.77030687696999],[-122.3053565170969,47.77030941170392],[-122.30538216127823,47.77093551488489],[-122.30595263489953,47.770939933201205],[-122.30594142822551,47.771105781394859],[-122.3063325231858,47.771107031933269],[-122.30632383024358,47.771464334377008],[-122.30714883287001,47.771462032551511],[-122.30719538045329,47.770628362319819],[-122.30778347896918,47.770625764716179],[-122.30790625669546,47.770740632407843],[-122.30813549518311,47.770964915788539],[-122.30835588742185,47.771074015002107],[-122.30941538610975,47.771339645382866],[-122.3095341223116,47.771129608894185],[-122.3096016613966,47.771070338557266],[-122.310542439279,47.771076724469772],[-122.31163512124274,47.770643293576008],[-122.31276558282099,47.770190038607034],[-122.31326004192007,47.769947468401185],[-122.31333697343834,47.769887395346416],[-122.3136235930493,47.769505457283195],[-122.31237438931467,47.769494686882574],[-122.31237908969685,47.769926601378252],[-122.31136898349978,47.76991959498698],[-122.31136747741449,47.769783395605586],[-122.31076219111033,47.769779202734448],[-122.31025497382208,47.769649115820194],[-122.31025034046776,47.769230927918613],[-122.3096463926624,47.769226744639816],[-122.30922189545242,47.767564143447537],[-122.30921615490321,47.767044830623597],[-122.30820613732249,47.76703779999584],[-122.30820160078096,47.76662919633111],[-122.30678752108867,47.766619348047563],[-122.30676339725282,47.764440255126061],[-122.30635836466588,47.764344298657427],[-122.30634757344959,47.76336974625648],[-122.30634432145965,47.763075498512244],[-122.30816220223429,47.763088161806216],[-122.30733932454257,47.761738269302484],[-122.30679159449501,47.761313760948553],[-122.304086206382,47.759789120068127],[-122.30385339747676,47.759455251000666],[-122.30387124039592,47.75892393025898],[-122.30395364920828,47.758687057974186],[-122.30410934022517,47.758628542617792],[-122.30464665695118,47.758426546743991],[-122.30386215631157,47.758230310570802],[-122.30363789870651,47.758174243520308],[-122.30297487572467,47.757885197381825],[-122.30224076725841,47.757195802682148],[-122.30203441050656,47.756680400323759],[-122.30171294644369,47.755698448313701],[-122.3015056193175,47.754986878794213],[-122.30149394943631,47.754438240280244],[-122.30214553520513,47.753098582599016],[-122.30230499722157,47.752897109507977],[-122.30261450895956,47.752676534614153],[-122.30287150953062,47.752564032824658],[-122.30273917763483,47.752440285522262],[-122.30258924842515,47.752245014864386],[-122.30249603717182,47.752038790637172],[-122.3024453069321,47.751826245461409],[-122.30242406413115,47.751608157151118],[-122.30250161738601,47.751361576520843],[-122.30267074879244,47.751058706014526],[-122.30269679499322,47.750946501903009],[-122.3026569568961,47.750376637667927],[-122.30263226601561,47.750334301738988],[-122.30204479900711,47.75012585079461],[-122.30190307028623,47.750015675399169],[-122.30180020376329,47.749883115482206],[-122.30179884754328,47.749773709388805],[-122.30161839043994,47.749730125708396],[-122.30153444676448,47.74971233111814],[-122.30115923311421,47.749668883868971],[-122.30094354632465,47.749666689139673],[-122.30064581364029,47.749686668651492],[-122.30034880696151,47.749740908043393],[-122.30014073152755,47.749798564925619],[-122.29989389905407,47.749826631811253],[-122.29906915761561,47.749821725248729],[-122.29889766808361,47.749810548653635],[-122.29882434291187,47.749792541103886],[-122.29875054114073,47.749752039287578],[-122.29869060796324,47.7496932347048],[-122.2986725178565,47.749662901317947],[-122.29865873956238,47.749611143344602],[-122.29866108995748,47.74957151471115],[-122.29866671438171,47.749388984346012],[-122.29872370938416,47.74920426951072],[-122.29872014763092,47.748325043407654],[-122.29702395431188,47.748310376432883],[-122.29700963787528,47.744714672150948],[-122.29640385228792,47.744709414046056],[-122.29640224014663,47.744300860490313],[-122.29571571218479,47.744294904513815],[-122.29571142070014,47.743191734239971],[-122.29568842316345,47.743179424833727],[-122.29568262345802,47.742904984334665],[-122.29437758843579,47.742894016191073],[-122.29436986966736,47.740932950670491],[-122.2993590684849,47.740931740362953],[-122.29929516639699,47.737430221583715],[-122.29381500315304,47.73735445259188],[-122.29380810268435,47.737027444541575],[-122.2930021779034,47.737016165569372],[-122.29296664853362,47.737014518333019],[-122.29293484126623,47.737009402096177],[-122.29289662904154,47.737001188059153],[-122.292865977584,47.736991512366458],[-122.29283911515125,47.73698150060482],[-122.29281368533317,47.736968614467436],[-122.29224999852663,47.736554492457053],[-122.29244428457807,47.736250451008324],[-122.29266596829449,47.735405397271087],[-122.29274657829669,47.734438648340195],[-122.29271929932727,47.733952938226871],[-122.29267346801217,47.733769427546797],[-122.29254011376091,47.733767535250855],[-122.29108769306329,47.733722679461636],[-122.28370837886827,47.733612600800022],[-122.28387837852551,47.733963855130533],[-122.28394192177214,47.73425442363061],[-122.28394086404712,47.734402540416369],[-122.2839568982136,47.734435512520946],[-122.28398013150922,47.734600150795544],[-122.28415546739213,47.735099922118422],[-122.28441254074924,47.735528607229774],[-122.28477558605644,47.735919233246136],[-122.28510686340995,47.736194525747734],[-122.28556705865266,47.736640310735609],[-122.28570377259075,47.736843717284984],[-122.28575946137759,47.737024906245694],[-122.2857889377261,47.737463874851045],[-122.28576344547594,47.737617398459371],[-122.28565582679552,47.737902323303317],[-122.28538493631761,47.738291009973011],[-122.28522866835365,47.738559318185736],[-122.28481030110113,47.739112114594953],[-122.28449907062058,47.739451278760434],[-122.28422825829541,47.739828983206309],[-122.28398943433366,47.740272601580685],[-122.28386489539892,47.740650735430961],[-122.28383934412015,47.740815236030109],[-122.28384300987481,47.741457083057846],[-122.28385754298579,47.741709485899364],[-122.28383193831895,47.741884937095833],[-122.2838860434304,47.742285610630326],[-122.28385793007625,47.74281765525447],[-122.28388189215006,47.742878062255059],[-122.28379734474427,47.743349598741375],[-122.28372173867928,47.743700459159498],[-122.28368081550872,47.743744213713896],[-122.28350621288799,47.744308703738476],[-122.28338906046173,47.744785614924034],[-122.28320725986995,47.745212965038057],[-122.28309956837208,47.745503384018178],[-122.28306386202645,47.745958598235447],[-122.2830867578662,47.746172619117118],[-122.28313360913405,47.746452549488446],[-122.28310046930631,47.746540221936705],[-122.28292021517248,47.746742638792782],[-122.28276494104675,47.746857350907156],[-122.2824055363085,47.747108594956408],[-122.28184930280185,47.747600600061197],[-122.28180036405219,47.747622394550007],[-122.28154719585042,47.747791670005661],[-122.28144886813703,47.747906574908356],[-122.2813982295675,47.74816972519173],[-122.28126701162864,47.748328415795719],[-122.2812585513061,47.748377745639296],[-122.28114374398412,47.748525520496301],[-122.28076805129523,47.748771221399906],[-122.28065388634315,47.748820246723355],[-122.28036858359084,47.748934557026637],[-122.28009976574303,47.749010519275288],[-122.27961169953193,47.749052907011411],[-122.27865931436759,47.749236412263663],[-122.27845547713994,47.749318074649366],[-122.27775338330528,47.749738278299084],[-122.27773044837339,47.74982380852871],[-122.27777348865729,47.749935325752404],[-122.27765718805227,47.750108524620167],[-122.27741396431288,47.750251872695316],[-122.27713029131807,47.750444688600638],[-122.2769124445531,47.750774572983644],[-122.27683985533471,47.750884516541106],[-122.27655604245585,47.751055377644143],[-122.27617432716708,47.751160674274303],[-122.27585725219826,47.751183451401666],[-122.27568630863611,47.75116744527427],[-122.2754507374172,47.751222925978752],[-122.27542634177593,47.751222994130977],[-122.27540224296446,47.751277944416628],[-122.27553184785256,47.751424788913461],[-122.27363500343144,47.75230883720846],[-122.268403050968,47.754731008900393],[-122.27010726010209,47.756599079151393],[-122.26995578137077,47.756676882153897],[-122.26978917748919,47.756773268368214],[-122.26960289318419,47.756888770796941],[-122.26943279423699,47.757009567224543],[-122.26924611518866,47.757106115120621],[-122.269094627375,47.757156297592623],[-122.26887871577929,47.757198969185389],[-122.26855471108509,47.757253471859677],[-122.26845066534948,47.757271556611833],[-122.26846545765804,47.757441439446666],[-122.26869148965804,47.757405618283727],[-122.2688625316969,47.757371078145852],[-122.2690601044316,47.757324465290431],[-122.26929327322492,47.757264417301869],[-122.26953518810444,47.757192299093347],[-122.26980290385876,47.757082431431392],[-122.26995578953766,47.757015918728619],[-122.27017068038478,47.756916298999627],[-122.27032042351907,47.756832710261627],[-122.27039064513721,47.761067104723736],[-122.27015134392776,47.761135439188337],[-122.27008132001119,47.760978990322009],[-122.26932130624374,47.761137672060578],[-122.26945130609461,47.761381126648736],[-122.26992833962053,47.761553573305804],[-122.2698719393854,47.76161168502712],[-122.27040062895144,47.761738619124003],[-122.270412382636,47.762619792823507],[-122.27047913984808,47.768320804635366],[-122.26788379848639,47.768353295190678],[-122.26728855810205,47.768323972400033],[-122.26772901142428,47.768717498182959],[-122.26817356142777,47.76883084817166],[-122.26855385457536,47.768992002524456],[-122.26888235794041,47.769203951297285],[-122.26906099823034,47.769358857617682],[-122.26924546013529,47.769595694306723],[-122.26935004156331,47.769773768018347],[-122.26941736001092,47.769968834721922],[-122.26944735887234,47.770219054127388],[-122.26915913886671,47.773740617123558],[-122.26917297321729,47.773941932597758],[-122.26919577465266,47.774113937065792],[-122.26922514557364,47.774244207774238],[-122.27035120640211,47.776745961427551],[-122.27047832654735,47.776899577915181],[-122.27057896455221,47.776997962636543],[-122.27091575041398,47.777103774904262]]]},"properties":{"CityName":"Lake Forest Park"}},{"type":"Feature","geometry":{"type":"MultiPolygon","coordinates":[[[[-122.32864369448627,47.802265053530533],[-122.3281333310448,47.802609125315932],[-122.32655771779106,47.803234304886516],[-122.32485991468513,47.803859874226518],[-122.31728615558943,47.806706429174071],[-122.31721180510672,47.80673436235957],[-122.31712503265727,47.806733629677041],[-122.31479978083919,47.806713549141485],[-122.31418606875025,47.806780178970151],[-122.31306702555452,47.807173443180467],[-122.31278454869157,47.807260390784251],[-122.31257926275681,47.807305416858618],[-122.31225620855855,47.807351704478911],[-122.31185021959294,47.807367904846679],[-122.31155597042783,47.807350593659699],[-122.31132987036867,47.807334271854522],[-122.31110755644397,47.807302144435283],[-122.31089759341228,47.80725586983597],[-122.31073483402696,47.80720698568819],[-122.30935071657039,47.806780724028705],[-122.30917090865371,47.806734127808632],[-122.30908927716011,47.806712968488405],[-122.30900843573787,47.806698501755982],[-122.30880224645688,47.806680232146213],[-122.30858286004974,47.806673138133029],[-122.30810372203146,47.806669402046559],[-122.30709193800539,47.806659770866133],[-122.29847324005931,47.806579762703976],[-122.2922040570339,47.80653840114784],[-122.29223347582973,47.808258647733815],[-122.29220906839608,47.808712700904842],[-122.28712286283886,47.808677001534299],[-122.28712462695097,47.810041624643389],[-122.29003221604948,47.810061123217594],[-122.29007107009731,47.811851154338193],[-122.29210606304629,47.811862396032573],[-122.29204509494932,47.812232403612427],[-122.29188443232114,47.81225188644801],[-122.29171115441372,47.812319348430684],[-122.29161556894785,47.812395477867426],[-122.2915593888319,47.812480344533739],[-122.29153919244476,47.812579117144075],[-122.29154730441425,47.812764414743384],[-122.29154972361259,47.813113788989611],[-122.29149288230821,47.813237797087154],[-122.29139222177467,47.813342040115828],[-122.29127880102826,47.813412532444396],[-122.29114138570837,47.813465034961126],[-122.29116667096906,47.813508203203405],[-122.2910437004674,47.813550539856529],[-122.29091805486649,47.813573027791158],[-122.29092833749695,47.813603454933634],[-122.29064664504281,47.813632357372541],[-122.28937716141789,47.813625454400551],[-122.28937656892521,47.81359803354524],[-122.28615357994664,47.813574189994902],[-122.28616468562873,47.813605625876505],[-122.28561228946954,47.813606085127844],[-122.28520509858727,47.813560475086753],[-122.28472172448605,47.813554220815313],[-122.28473249190154,47.814601110333598],[-122.28473979834651,47.815401414570552],[-122.28314484683837,47.816250628287463],[-122.28419335023554,47.817141217735511],[-122.28452490617127,47.817422964220164],[-122.28380052937314,47.817817165725238],[-122.28279099736125,47.818250498419438],[-122.28231731608557,47.818657066357304],[-122.28176699688414,47.81892144579556],[-122.28181686619357,47.81896150282774],[-122.28167316279158,47.819023205669545],[-122.28139708011246,47.819138288298532],[-122.28119061741668,47.819226355722016],[-122.28059899414626,47.819280193131],[-122.27939850618338,47.818266275970778],[-122.27926066559232,47.818340642346413],[-122.27841839309053,47.817630696594925],[-122.27834498635491,47.817568711815731],[-122.27808383645223,47.817560407097858],[-122.27813387181642,47.817440426962236],[-122.27693158600599,47.817437173169324],[-122.27687228142619,47.81756830039528],[-122.27631627060777,47.817566329722361],[-122.27616056313741,47.817439929843736],[-122.27602614477296,47.81739180730947],[-122.27595606411307,47.817354035986966],[-122.27595750889806,47.817245066833323],[-122.27486978188175,47.817238468509167],[-122.27484743607434,47.814985863863996],[-122.27199700895544,47.814969418712117],[-122.27199064627752,47.816509629121718],[-122.27109456732096,47.816511071797727],[-122.27110290422918,47.81698472112528],[-122.27243278776713,47.816989570648524],[-122.2724406689504,47.817537891078196],[-122.27254356844088,47.817538265478106],[-122.27254249902008,47.818422747088839],[-122.2721959719639,47.818420350349122],[-122.27218885326354,47.81888681514593],[-122.27200609682656,47.818966880672804],[-122.27098973039834,47.81895594299926],[-122.27086042472506,47.818956711323175],[-122.27086160776382,47.819051160559347],[-122.2709027076523,47.819050472412762],[-122.27091138113212,47.819961176485151],[-122.26583954354943,47.819837533186245],[-122.26581378963878,47.81802052025553],[-122.2630471141912,47.817971057836445],[-122.26305922540648,47.818872633491502],[-122.2618885319836,47.818847986422774],[-122.26190799275911,47.820064674053697],[-122.26249852315047,47.820079552096431],[-122.26251773064595,47.820795949458706],[-122.26280399974222,47.820822763995302],[-122.26321144209975,47.820833451599846],[-122.26338691926557,47.820838474539634],[-122.26406658747966,47.820859531062723],[-122.26484057484726,47.820866543356352],[-122.26484029039689,47.820852837786468],[-122.26560036300748,47.82087600523834],[-122.26560490491002,47.820999580041693],[-122.26560332541406,47.821270465746679],[-122.2670431159282,47.821312750146049],[-122.26703452181806,47.822604557596229],[-122.26836508168844,47.822634417442309],[-122.26839632387369,47.827306287194695],[-122.26705372348766,47.828107052525212],[-122.26688132752454,47.828226211243056],[-122.26566155293742,47.829739507993693],[-122.26520179574183,47.830309872756345],[-122.2643344529175,47.830980764186407],[-122.26426266898038,47.832138788666221],[-122.26453198105726,47.832426968606875],[-122.26468327001176,47.83263675889544],[-122.26521212921723,47.832966889668675],[-122.26619438234788,47.833568252248703],[-122.26825647140657,47.834832315328399],[-122.26856407999846,47.835029622472021],[-122.26945064810731,47.835646118981884],[-122.27014747882431,47.83618786454354],[-122.2706983665971,47.836658633944445],[-122.27100818182615,47.836942491817936],[-122.27121501773253,47.837140561042887],[-122.27187259722443,47.837522422322735],[-122.27221453394947,47.837726704142554],[-122.272659534341,47.837535009366924],[-122.27261298628501,47.837375052707081],[-122.27257255715641,47.837273681418701],[-122.27252407148288,47.837173925153351],[-122.27246766988661,47.83707607320305],[-122.27230103300394,47.836850688041437],[-122.27306001348796,47.836553614515424],[-122.27330798975548,47.837495765207244],[-122.27333547689385,47.83760019610704],[-122.27336357664819,47.837674565441695],[-122.27341836116959,47.837759092372146],[-122.27345512276068,47.837799837780693],[-122.27369615058461,47.838037327019208],[-122.27369650498568,47.838066013027166],[-122.27411552713023,47.838884610378592],[-122.2739022901156,47.839233625622605],[-122.27386337429313,47.839465110281161],[-122.27384494493067,47.840792159306467],[-122.27402981022222,47.84113275089814],[-122.27424124644597,47.841655919094329],[-122.27432594456874,47.841897203727719],[-122.27447332605561,47.842349203110921],[-122.27454135874274,47.842863596103868],[-122.27458225184994,47.843084776119134],[-122.27489763371895,47.843081055068197],[-122.2749077361494,47.843791328685228],[-122.27496793503961,47.844870675185732],[-122.27507245057929,47.844869881349624],[-122.2750934154371,47.846394788857893],[-122.27496626282095,47.84639949022862],[-122.27495933254133,47.846538463282798],[-122.27658470817053,47.846541664378947],[-122.27739030017659,47.847097523851893],[-122.27738776298003,47.847330525672405],[-122.27738551105887,47.847549818829471],[-122.27770972555085,47.847548302432905],[-122.27771029909135,47.84750717181732],[-122.28023518913093,47.847494976581963],[-122.28031079450987,47.847499575321997],[-122.28038488761189,47.84751430343367],[-122.28045321218355,47.847538590577734],[-122.28051248535478,47.847572124170064],[-122.28067135703752,47.847680196821422],[-122.28080770190306,47.847768194615796],[-122.28167849846004,47.847760973539302],[-122.28169877243739,47.849134074822651],[-122.28473874465475,47.849117651789221],[-122.28457055494921,47.850199406184302],[-122.28525439026478,47.850198520023341],[-122.28583086294985,47.850198995629988],[-122.28604614055847,47.850215660750536],[-122.28621430888933,47.850279830501961],[-122.28640329896655,47.850353386024118],[-122.28645464512857,47.850302052941146],[-122.28678125836139,47.850466524417953],[-122.28676728663791,47.850501797016072],[-122.28712055956873,47.850707216808075],[-122.2874908677574,47.850906163923625],[-122.28772336222615,47.851023385788992],[-122.28812712564478,47.850948567876308],[-122.28859808458085,47.85082092951022],[-122.28879049406538,47.850758698125617],[-122.28896819032832,47.850668273214481],[-122.28937108716649,47.850432416713616],[-122.29005408526254,47.850049545302461],[-122.29028895810973,47.849918544760875],[-122.29050883320288,47.849832683504992],[-122.29110414305026,47.849673234987776],[-122.29248481250205,47.849308448935503],[-122.2924891842722,47.849781338584982],[-122.29223510351564,47.849982058658277],[-122.29292139460892,47.850373799334022],[-122.29306471562104,47.85032308675968],[-122.29322067150062,47.850286627933365],[-122.29344407324469,47.850261732702123],[-122.29440077222007,47.847804595181806],[-122.29543913847576,47.847800757737133],[-122.2954689780577,47.847754456989577],[-122.29580074591257,47.847252739511696],[-122.29795110849095,47.847229546511819],[-122.29797608787723,47.848383387804795],[-122.30368879064267,47.848430911620319],[-122.30894669516368,47.848402059505787],[-122.30895405786941,47.850311245405599],[-122.31171202171642,47.850334919590431],[-122.31172346304074,47.850197956626161],[-122.31428248475913,47.850221434352989],[-122.31431136428729,47.851941009216873],[-122.31435209305847,47.851940918213991],[-122.31436651722487,47.853911955768638],[-122.31553443088663,47.853893738219291],[-122.32220045278129,47.853832215188831],[-122.32204778017345,47.851986003792085],[-122.32481613850919,47.851956456711342],[-122.32467252726691,47.850239156258787],[-122.32474507308012,47.848807271250692],[-122.32700321646858,47.849274745799462],[-122.32722920431044,47.849352326789912],[-122.32737804574728,47.849441386315277],[-122.32749572552316,47.8495528862505],[-122.32763814658215,47.849735314547949],[-122.32767305037818,47.848347506787512],[-122.33041332471929,47.84841155320435],[-122.33045481753409,47.846759253596566],[-122.3303457590149,47.844878185932288],[-122.32494510223808,47.844749351750316],[-122.32494631125398,47.844733369800899],[-122.31950642945873,47.844758973908299],[-122.3198836091812,47.844228848005969],[-122.32016176450718,47.843981561330956],[-122.32050724141551,47.843784574662443],[-122.32083850770991,47.843656867318707],[-122.32117116550445,47.843530312995213],[-122.3213086504402,47.843466134690004],[-122.32143978173323,47.843396231756941],[-122.32168002944606,47.843241013335557],[-122.32194259541934,47.843016053099973],[-122.3221671846662,47.842804115587555],[-122.32242392399219,47.842561921643338],[-122.32355251696913,47.841489703496052],[-122.32389905102423,47.8410382247217],[-122.32405399910921,47.840770449843326],[-122.32439775373339,47.840202455539824],[-122.32471460753654,47.839678886284332],[-122.3248931244314,47.839336900484639],[-122.3250012182789,47.838992966772153],[-122.32506096175356,47.838650903375893],[-122.32508329531341,47.838459813175987],[-122.32510351519579,47.838203233738739],[-122.32521736746278,47.836236979756308],[-122.3252742158385,47.835953144084613],[-122.32531267421119,47.835843679852687],[-122.32536710220452,47.835735456276957],[-122.32545094098832,47.835599921912177],[-122.32554651024117,47.835482262749323],[-122.32567592098547,47.835355977928344],[-122.32580976659666,47.835246987521266],[-122.32599896802589,47.835123218901053],[-122.32619198890391,47.835015519116375],[-122.32645291396517,47.834870610618623],[-122.32782183944978,47.834101400595273],[-122.32796251923878,47.834015902565518],[-122.32818404729097,47.83387231993246],[-122.32835928991045,47.833734998444662],[-122.32884076456043,47.833356178635903],[-122.32929574238973,47.832923042863023],[-122.32967320774033,47.832466850485766],[-122.32985036027999,47.832235328177397],[-122.33064617596635,47.831195670199961],[-122.3308551518966,47.83092340002419],[-122.3310055195233,47.830760580991921],[-122.33119204740042,47.83061544343856],[-122.33141312084112,47.830492066451107],[-122.33162643268095,47.830406696089319],[-122.33173979287486,47.830374488868188],[-122.33186297790017,47.830350454455065],[-122.33198559861674,47.83033813831905],[-122.33216856513747,47.830335751078628],[-122.33233460332154,47.830352074278991],[-122.33247741805066,47.83038111963085],[-122.33256309444612,47.830405972258127],[-122.33310622738389,47.830640341528174],[-122.33340810343854,47.830780739326428],[-122.33374449061459,47.830935172281876],[-122.33398874382209,47.831033839397577],[-122.33429411071781,47.831124262992098],[-122.33445293034201,47.831158791364487],[-122.33461749332228,47.831184824705026],[-122.33491038935652,47.83121539918158],[-122.33511824209533,47.831222383267665],[-122.33548621889273,47.83121279137486],[-122.33570801126903,47.831213209136187],[-122.33593139224548,47.831227389890948],[-122.336159616236,47.831257887540112],[-122.33690362449582,47.831416478528674],[-122.33764235360601,47.831576560781627],[-122.33764308551766,47.831514523893823],[-122.33770972769946,47.831527946574177],[-122.33770956754596,47.831504713396356],[-122.33769998367585,47.83011472812678],[-122.33769853385468,47.829904533901704],[-122.33770957301078,47.829856440174893],[-122.33770876390808,47.82979550140135],[-122.33768534143204,47.82799401638875],[-122.33768493266544,47.827932910261246],[-122.33765629209147,47.827856806416072],[-122.33759563806797,47.827738944846764],[-122.33751705545041,47.827625971761833],[-122.33742133865806,47.827519187025736],[-122.33737007185132,47.827473562168123],[-122.33730779113166,47.827418106804942],[-122.33725039397183,47.827365816572694],[-122.33694912545234,47.82709127111336],[-122.33689148017763,47.827038738137148],[-122.33682156450067,47.826983602861418],[-122.33617021593567,47.826472899291439],[-122.3359654375157,47.826181192578062],[-122.33595026214039,47.826097492339592],[-122.33592553820635,47.82580272241038],[-122.33593336450515,47.825748178472196],[-122.33593278014924,47.825693718716664],[-122.33589120877676,47.821736936400207],[-122.33589062879798,47.82168263926475],[-122.33597151525453,47.821683145778188],[-122.33709636072298,47.821690416350073],[-122.3370879609547,47.818541578132781],[-122.33561061947803,47.818536244295395],[-122.33552416195543,47.818535928382431],[-122.33552353948483,47.818481549067442],[-122.33547486570133,47.814362872553701],[-122.33572914829089,47.81436299750095],[-122.33581009572174,47.814363040653852],[-122.33580951472851,47.814327179479136],[-122.33574791759634,47.810705684612905],[-122.32917659894099,47.810662887910553],[-122.32914750116326,47.80977836140751],[-122.32862600790931,47.809776852093272],[-122.32858747766365,47.808869075575238],[-122.32705719213631,47.808851889062311],[-122.32702388621681,47.80940158740988],[-122.32621721142603,47.809409518033483],[-122.32618020477503,47.808568476578245],[-122.3253123395847,47.80852825373762],[-122.32795963404777,47.804853863710647],[-122.32803369183456,47.804781180524046],[-122.32958987622177,47.802620244392273],[-122.32864369448627,47.802265053530533]]],[[[-122.3370877672136,47.84623757469604],[-122.33698145670327,47.846239233619137],[-122.3374502033062,47.846651819769946],[-122.33947993101293,47.84665904590446],[-122.33921852378111,47.846919568124413],[-122.34134924670673,47.846933322206397],[-122.34157412994837,47.846679192480302],[-122.34073507813434,47.846670112897876],[-122.34132994220674,47.846131866153243],[-122.34133793230886,47.845241639468071],[-122.34046261959894,47.845818457162402],[-122.34007651043909,47.846235158292409],[-122.33865781638409,47.846236522262501],[-122.33806874999267,47.846234961276139],[-122.33776995332242,47.845906505629067],[-122.3372448406182,47.845906114950672],[-122.33724272350882,47.845834593208373],[-122.33723831015872,47.845761006276689],[-122.33719868152545,47.845566574370572],[-122.33715551177595,47.845446301168742],[-122.33708270995206,47.845313104679796],[-122.3369779029514,47.845168983839073],[-122.33683849766247,47.845019656773935],[-122.33599673361971,47.844706976619541],[-122.33599293727224,47.84483288401649],[-122.33672564437964,47.845102981630376],[-122.33684713248232,47.845234965236159],[-122.33694398170229,47.845371231629997],[-122.33699956916401,47.845478018495918],[-122.33706404014363,47.845676867763395],[-122.33708152838346,47.845886115103887],[-122.33706146517737,47.845928934884654],[-122.33704724666255,47.845972801758982],[-122.33703898867761,47.846017355917645],[-122.33703676137597,47.846062230171604],[-122.3370405813988,47.84610705547172],[-122.33705041730983,47.846151463521615],[-122.33706618968797,47.846195089475202],[-122.3370877672136,47.84623757469604]]]]},"properties":{"CityName":"Lynnwood"}},{"type":"Feature","geometry":{"type":"Polygon","coordinates":[[[-122.23294909118488,47.593912252415528],[-122.23370695022592,47.593568736991543],[-122.23419830642503,47.593303261197505],[-122.23457610574457,47.593016344679796],[-122.23465632677703,47.592944697966288],[-122.23505129062369,47.592756409594728],[-122.23542267022096,47.592639545662585],[-122.23624715573385,47.592487636223346],[-122.23683805682623,47.592457480323858],[-122.2369432821236,47.592451497504982],[-122.23743732250674,47.592454659998168],[-122.23764817349752,47.592486592051223],[-122.23773771630364,47.592530051913208],[-122.23781932129666,47.592595467304164],[-122.23815982905928,47.592632280873978],[-122.23863016190495,47.592690407028954],[-122.2390933716683,47.592852753021056],[-122.23963949420143,47.593201144256511],[-122.23998120037034,47.593353108679267],[-122.24011952702475,47.593418271451654],[-122.24030738602471,47.593576396620925],[-122.24061949096129,47.594008152685198],[-122.2408084797745,47.594275981803989],[-122.24108680590174,47.594570781741346],[-122.24110344132401,47.594614585676126],[-122.24122721587541,47.59483881386992],[-122.24135350639902,47.595315313607706],[-122.2414120243879,47.595495996079109],[-122.24147745384612,47.595555999401327],[-122.24169901982427,47.595668980882479],[-122.24182726388614,47.595713387896161],[-122.24206290307414,47.595789067931761],[-122.24257466470399,47.5959401876624],[-122.24296418909015,47.59601515086532],[-122.24399322803525,47.596059640483176],[-122.24407426832867,47.59606474957009],[-122.24425260531902,47.596085853061695],[-122.24454414880555,47.596078983030601],[-122.24466584666241,47.596100338750176],[-122.24484481090249,47.596176265786603],[-122.24503913961168,47.596175337358048],[-122.24531434709877,47.596157580319577],[-122.24608145816478,47.595934608759372],[-122.24621845998951,47.595868179408484],[-122.24634701821498,47.595768853701081],[-122.24639450435319,47.595658943363084],[-122.24643083299046,47.595252992847335],[-122.24642870449271,47.59504461909362],[-122.24650580084148,47.594660390704682],[-122.24677053070191,47.594412369503708],[-122.24692333604779,47.594312926219693],[-122.24710610177,47.593966604506662],[-122.24724233490269,47.593828862973403],[-122.24728275632299,47.593817669115147],[-122.24745186420421,47.593723660691637],[-122.2478528188646,47.5933379218854],[-122.2480279880768,47.593046416736499],[-122.24809149072968,47.592920004496108],[-122.24853519675239,47.592753406809543],[-122.24877689347743,47.592631579241107],[-122.24922046220958,47.59244851947102],[-122.24965689158586,47.592364176355133],[-122.25000470603318,47.592324151029636],[-122.2502233525346,47.592323097896376],[-122.25048307297976,47.592376710543661],[-122.25061331071328,47.592441883553029],[-122.25067887909023,47.592518314276589],[-122.25073732018492,47.5926880405855],[-122.25117600410195,47.592868995934495],[-122.25124986303562,47.592899457315795],[-122.25133806774686,47.592914224040008],[-122.25166667462778,47.592969237116144],[-122.25195841103798,47.593007969473028],[-122.2521286835741,47.59299719918944],[-122.2524851704941,47.593079938891357],[-122.2529553643127,47.593080487643746],[-122.25316615685026,47.593075251624967],[-122.2536691221743,47.592916696590116],[-122.25382352954574,47.592752261873478],[-122.25394566305049,47.592516456506829],[-122.25401911106287,47.592291541562602],[-122.25397115584811,47.591978700824285],[-122.2540856684013,47.59152339639553],[-122.25414340715247,47.591073498796028],[-122.2540882673263,47.590349081459372],[-122.25409659879912,47.590255828486619],[-122.25415417837898,47.589877249299995],[-122.25441078377891,47.589422768114872],[-122.25444830752143,47.589372328640508],[-122.25447477591349,47.589313162246761],[-122.25455494305314,47.589133612187915],[-122.25458422316029,47.589068124340486],[-122.25457978570658,47.589024371470948],[-122.25456176760257,47.588846092231911],[-122.25457903133697,47.588385177587092],[-122.25452304278944,47.588033900294157],[-122.2543376313313,47.587578229001217],[-122.254313777646,47.587358715899136],[-122.25425756300949,47.58712269031286],[-122.25401591613236,47.586447451852727],[-122.25376684626706,47.585437456349723],[-122.25366212814595,47.585157460539726],[-122.2536217610165,47.585086081168122],[-122.25337978383183,47.584548030142223],[-122.25318663633323,47.583933214691584],[-122.25300145985399,47.583373265254821],[-122.25275142491367,47.58281874279821],[-122.25248497511028,47.582351990039449],[-122.25233186360865,47.581967681036353],[-122.25226761020177,47.581704200807309],[-122.25222752822157,47.581512088427779],[-122.25204990909836,47.581188099481679],[-122.2517500629348,47.58099947032774],[-122.2515125149356,47.580901147599434],[-122.25134220293678,47.580862835841415],[-122.25124169253112,47.580840225410505],[-122.25118707677703,47.580790806748723],[-122.25109159375363,47.580704432583872],[-122.25099379144972,47.580644569834391],[-122.25075830204521,47.580579884419478],[-122.25051593245388,47.580630405835706],[-122.25021599982148,47.580593435492595],[-122.25010245663015,47.580577540899014],[-122.24999660031401,47.580517725395204],[-122.24979211619795,47.580315803815132],[-122.2496031629741,47.580053481663889],[-122.2492671288929,47.579654789816203],[-122.24897336371234,47.579431350021778],[-122.24879427974632,47.57933348672897],[-122.24781837204169,47.578910406201203],[-122.24732203453716,47.578671483739399],[-122.24679235835606,47.578339473022822],[-122.24675143856071,47.578295811318398],[-122.24597405822797,47.577487913041416],[-122.24585990514659,47.577411682830572],[-122.24565603229736,47.577264581094326],[-122.24556534292007,47.577105990979433],[-122.24548172625209,47.576843173919492],[-122.244981096872,47.576181993723466],[-122.24474341842286,47.575892478175618],[-122.2444082854814,47.57558149036538],[-122.24395267153848,47.575358799892946],[-122.24322963692875,47.575109968210178],[-122.24248990612125,47.574811849558067],[-122.24226175726115,47.57467033515298],[-122.241372803069,47.574021967474174],[-122.24133191999043,47.573983754845187],[-122.24096430924301,47.573656486880779],[-122.24085027835001,47.573585727617619],[-122.24075195424565,47.573471000179104],[-122.24056456723902,47.573351262587181],[-122.23972373053995,47.572658750679636],[-122.23961724652779,47.572538618840589],[-122.23907838974,47.572085978881844],[-122.23873590429532,47.571835325672417],[-122.23794496287908,47.571268714164091],[-122.23706500423643,47.570702535527694],[-122.2364871007685,47.570387164514102],[-122.23595718485889,47.570016732629583],[-122.23481709727729,47.569331080435603],[-122.23436085883415,47.569037091737449],[-122.23414118067791,47.568928406462312],[-122.23393719623149,47.56876485078579],[-122.23386391733754,47.568721317976653],[-122.23354507799516,47.568404751275061],[-122.23351212739915,47.568350056232049],[-122.23350231707106,47.568180109852435],[-122.23346071030836,47.568065154209037],[-122.23332123739472,47.567879365214573],[-122.23320558054291,47.567644081806897],[-122.23304817773845,47.567282887545694],[-122.232987936059,47.566921236730252],[-122.23299196477032,47.566515416456944],[-122.23294045082811,47.566219530584114],[-122.23285693238932,47.565962202009096],[-122.23266693778174,47.565573724120355],[-122.23265038440033,47.565535393187609],[-122.23250978221078,47.565234464425203],[-122.23224750833101,47.564912139454307],[-122.23207356690182,47.564512637592379],[-122.23190681986209,47.564019859812426],[-122.23138906069549,47.563232603397061],[-122.23132358809478,47.563156128791135],[-122.23119111742616,47.562860600056652],[-122.23119640324309,47.562575418089907],[-122.23121174882486,47.562493133083038],[-122.2311498815364,47.561966957274876],[-122.23109038798552,47.56168209535479],[-122.23115335936755,47.561500822462222],[-122.23115913821633,47.561270470227875],[-122.23108226458096,47.560859552234682],[-122.2310701900124,47.56045929590163],[-122.23107767947995,47.560398940825813],[-122.23104654491829,47.559708163077858],[-122.23101895851721,47.559373757685613],[-122.23094224583322,47.558984777031426],[-122.23095799544865,47.55894083459016],[-122.23120517494972,47.558566788413614],[-122.23125998254112,47.558380110251299],[-122.231242157872,47.558215683251426],[-122.23112100179125,47.557426573961749],[-122.2310342035881,47.556829238988136],[-122.2310792367889,47.556478085041029],[-122.23122830824381,47.556000332641233],[-122.23136428557478,47.555846158374969],[-122.23170137155226,47.555559453349701],[-122.23175760743344,47.555520807525419],[-122.2322713009153,47.555090700673873],[-122.23275153918721,47.554556539067697],[-122.23311146765269,47.554132662450222],[-122.23316565977419,47.553885616628051],[-122.23313990840832,47.553737695341184],[-122.23302199947868,47.553272119208813],[-122.23299923418783,47.552614174185138],[-122.23306984672023,47.552389025662919],[-122.2331814781728,47.552223978649202],[-122.23338983982869,47.552020132029973],[-122.23371154578747,47.551821238989234],[-122.23462789300268,47.551208268200504],[-122.23529195796239,47.550448443162317],[-122.23554750816031,47.550107254136414],[-122.23562525358113,47.549788851296341],[-122.23564099792965,47.54974490711249],[-122.23567976060262,47.54958022873636],[-122.2359325762291,47.548964847159375],[-122.23635089918864,47.547915531966424],[-122.23643517222818,47.547443536979877],[-122.23662486342232,47.54699299986769],[-122.23672012494151,47.546811581695515],[-122.23698380227118,47.546481322526361],[-122.23711765987355,47.546113311227742],[-122.23716353914631,47.545844392804902],[-122.23718802884397,47.545060104622983],[-122.23732019529155,47.544522085662564],[-122.23746189846972,47.544132085438221],[-122.23760993023733,47.543566553309795],[-122.2379039326637,47.543027774857052],[-122.23792786370517,47.542994764993999],[-122.23816649852495,47.542593347724463],[-122.23820542933304,47.5424396196846],[-122.23827750072593,47.542362528742629],[-122.23848644929551,47.542224430429542],[-122.23880872830078,47.542091336456018],[-122.23912359527665,47.542024051872978],[-122.23924494488065,47.542023476767518],[-122.239811311305,47.542026313199806],[-122.24033651436129,47.541958035880292],[-122.24110346245124,47.541795424073989],[-122.24133688436116,47.541673665606886],[-122.24153763433466,47.541524681170209],[-122.24176214134538,47.54132619764237],[-122.24203395809454,47.541006858804515],[-122.2423371553602,47.540583192528366],[-122.24237705156951,47.540533652820571],[-122.242839923677,47.539900842301485],[-122.2432232105182,47.539405509782227],[-122.24336742235668,47.539267729703766],[-122.24402052075132,47.538255650384627],[-122.24418613089702,47.537832624427125],[-122.24423998171079,47.537563651417202],[-122.24417267510646,47.537306239254605],[-122.24390013064887,47.536753690798299],[-122.24378448245437,47.53652390130496],[-122.2435100305799,47.535784906824141],[-122.2433764439335,47.535374244678643],[-122.24314547738565,47.534936628697004],[-122.24309629942485,47.534871069344696],[-122.24277704409106,47.534499685079062],[-122.24255680128631,47.534319760226424],[-122.24213259748709,47.533970769538051],[-122.24201065125878,47.53391103385308],[-122.24200219084427,47.533872707704958],[-122.24163502689007,47.533561837337359],[-122.24137492942575,47.533436954932561],[-122.24114636396764,47.533235134985794],[-122.24067177807844,47.532699951763291],[-122.24007397684333,47.531973443781823],[-122.23987801667629,47.531793397575193],[-122.23957602451925,47.531526073890184],[-122.23928953140604,47.531192916919288],[-122.23896250110671,47.530848984620178],[-122.23862021524258,47.530592850376983],[-122.23854691006463,47.53054383775266],[-122.23818019261526,47.530271355940648],[-122.23782115831256,47.529960478321009],[-122.2374221545948,47.52969913993303],[-122.23712035266439,47.529448270821369],[-122.23682766014899,47.529296094821568],[-122.23660048109487,47.529225876573527],[-122.23598418951575,47.529069702668259],[-122.23523710897463,47.528777056025696],[-122.23457863827558,47.528445620640341],[-122.23417177856737,47.528200752186436],[-122.23404176270735,47.528141001666697],[-122.23371585828394,47.527901247536342],[-122.23308985545145,47.527580599709061],[-122.23304108866421,47.527558887605629],[-122.23282123547195,47.527411866229443],[-122.2323010293502,47.527151025186171],[-122.23190300788058,47.526982878835284],[-122.23180511152476,47.526901079173257],[-122.23125997872832,47.52657458228768],[-122.23068353567862,47.52635241041348],[-122.23061014276098,47.526292409117879],[-122.23029293987253,47.526118391650193],[-122.23005659800413,47.525933029723895],[-122.22953594380753,47.525628350862092],[-122.2291203360966,47.525312187090421],[-122.22894939092899,47.525203333837915],[-122.22872190201811,47.525100177753679],[-122.22851874503409,47.525002385096599],[-122.22811955829309,47.524708090831844],[-122.22796541948796,47.524664936769163],[-122.22773787654829,47.524550821510729],[-122.22764841125441,47.524501868339151],[-122.22752626082386,47.524420177649546],[-122.22723461709103,47.524366695899516],[-122.22700806471175,47.524356747808604],[-122.22641733430078,47.524326551209448],[-122.22602130465559,47.524355764873221],[-122.22542355505944,47.52442977854141],[-122.22484319952987,47.524629858383591],[-122.22432922086557,47.525005083934445],[-122.2241289121412,47.52519793060786],[-122.22403360473025,47.525379324735702],[-122.22397233812259,47.52573054661152],[-122.22390915812554,47.525884390402588],[-122.2238612556079,47.525950408156412],[-122.22362961497431,47.526247578702531],[-122.22300958614959,47.526530055044105],[-122.22251067686572,47.526790083131104],[-122.22189171530879,47.527187704606277],[-122.22118490598686,47.527695395686337],[-122.22062166184433,47.527999557011618],[-122.22020318537699,47.528215286158854],[-122.21946189520638,47.528509286699105],[-122.21914799545709,47.528669738868075],[-122.21894765734616,47.528862547468549],[-122.21884535506345,47.5291591322027],[-122.21876601051339,47.529318515338609],[-122.21828751912356,47.530022597729833],[-122.21824762756275,47.530083088078079],[-122.21818400393468,47.530193047673471],[-122.21798365969471,47.53038590840999],[-122.21767851956972,47.530617580595518],[-122.21727595937622,47.530811321271528],[-122.21706650783528,47.530900006903231],[-122.21674492605537,47.531104322807742],[-122.21645647452931,47.531390762341921],[-122.21620827267488,47.531655084967092],[-122.21597660206528,47.531957742698943],[-122.2155675939831,47.532326987613615],[-122.21476405880371,47.532884437481535],[-122.21457954460902,47.533044277324024],[-122.21438729582898,47.533242564393547],[-122.2139855817443,47.533529503176716],[-122.21376026448057,47.533651142501881],[-122.21368784602203,47.533695326851785],[-122.21333430411148,47.533943667765861],[-122.2129981072983,47.534312571019832],[-122.21289482803276,47.534510458793982],[-122.21276887198212,47.534872935615198],[-122.21236193145481,47.535461506186643],[-122.21216190433205,47.535692702775165],[-122.21184351258128,47.536237024309109],[-122.21173265263532,47.536489764414547],[-122.2115492868284,47.536770251104642],[-122.21134097365179,47.536979551085771],[-122.21096325831124,47.537244456173177],[-122.21081919505885,47.537409592803378],[-122.21070804456639,47.537629435052857],[-122.21066820745621,47.537695427104737],[-122.21038158048539,47.53817376773172],[-122.21014184795234,47.538492863480414],[-122.20956530239965,47.539115083749493],[-122.20949426769086,47.539301854918875],[-122.20918562602031,47.540027056056751],[-122.20914839444035,47.540367218955474],[-122.20910295148913,47.540690965047744],[-122.20911278478968,47.540871854987415],[-122.20918829656922,47.541156679997897],[-122.20942996145249,47.541895915921721],[-122.20945621932071,47.54210966431986],[-122.20942595472063,47.542329127970156],[-122.20925928265589,47.54266985433626],[-122.20882875626998,47.543340788949571],[-122.20881415695864,47.543505381186407],[-122.20880641837557,47.543543799368955],[-122.20901749769325,47.544469598045367],[-122.20920949511229,47.545093901670811],[-122.20921219902269,47.545379024516727],[-122.20913702707614,47.545982566117303],[-122.20915591117314,47.546267651132496],[-122.20911038982936,47.54743587324743],[-122.20923013593541,47.548115333113209],[-122.2093560953989,47.548602830561322],[-122.2095659421425,47.549397038121455],[-122.20964082949011,47.549610534479662],[-122.20981857680557,47.550432310772877],[-122.20990322320087,47.550826773549304],[-122.20984896836653,47.551079263395025],[-122.20974527215985,47.551233262224294],[-122.20971361104014,47.55131018841643],[-122.20965088388054,47.551518818818032],[-122.20963227950692,47.552116634075261],[-122.20967572745414,47.552434498613579],[-122.20975103944969,47.552691897363793],[-122.20975558729411,47.553168980579272],[-122.20971853991018,47.55353104195526],[-122.20956254309954,47.554145926639912],[-122.20946957002796,47.554579543017248],[-122.20927842710063,47.554903907126238],[-122.20911769031913,47.555019796921421],[-122.20864261894368,47.555274136826398],[-122.20853852074995,47.555389734817332],[-122.2084994128037,47.555532492629659],[-122.20849171207031,47.555570909090221],[-122.20850162921191,47.55576830761968],[-122.20856859092265,47.555998306303657],[-122.20878155842955,47.556266073678422],[-122.20921425263387,47.556669961483735],[-122.20927998927604,47.556773863699746],[-122.20932189469816,47.556927201489749],[-122.20934492366642,47.557640001139347],[-122.20929448641039,47.558298242598781],[-122.20931386328466,47.558632670978447],[-122.20930917956277,47.558994625201379],[-122.20920352945788,47.559795710875562],[-122.20914175402704,47.560108575400498],[-122.20921747815041,47.560415321592366],[-122.20924436678585,47.560689394228092],[-122.20907996820891,47.561271363589562],[-122.20906406845207,47.561304348006345],[-122.20903423963307,47.561573179408875],[-122.20906800260738,47.561715605710731],[-122.20916704732733,47.561918057239609],[-122.20937987441674,47.56216935922162],[-122.20953627378179,47.562448368332767],[-122.20954632882639,47.562656717523666],[-122.20951896500139,47.56317776248995],[-122.20944089267321,47.563485183069893],[-122.20937106051815,47.563798061873669],[-122.20921944859396,47.564029069956611],[-122.20905903726943,47.564183300548642],[-122.20864835593537,47.564404485025051],[-122.20827951249971,47.564773497563024],[-122.20756664445238,47.565566294946066],[-122.20751876101642,47.565637803697435],[-122.20731899610364,47.56591287441055],[-122.20725592249552,47.566088602738148],[-122.20725724405615,47.566225704933878],[-122.20734831817445,47.566444660270321],[-122.20791373658122,47.567171476085868],[-122.20797148296923,47.567286376232751],[-122.20798188419467,47.567533120389271],[-122.20790201846086,47.567643153002408],[-122.20770389468879,47.568088216440778],[-122.20758621619754,47.568483526802005],[-122.20730280715249,47.569329274650272],[-122.20715123977847,47.569565726282683],[-122.20707100583741,47.569642866768952],[-122.20691848090595,47.569775163301507],[-122.20677356379687,47.569858035869792],[-122.2061040801746,47.570113228808879],[-122.20576500798708,47.570207927450554],[-122.20494211269219,47.570507661752792],[-122.20453105198816,47.570695910119881],[-122.20441043780993,47.570784175159055],[-122.20420217205171,47.57101538052224],[-122.20398739403298,47.571422128364013],[-122.20392481534046,47.571652708679096],[-122.20388811224636,47.572053171251817],[-122.20384082360357,47.57219048891875],[-122.20358516708801,47.572548054240194],[-122.20329778707588,47.572982512549821],[-122.20316429841066,47.573421777364061],[-122.2031906566895,47.573641011603485],[-122.20319900587218,47.573668407683023],[-122.20330015242169,47.574095704373988],[-122.20322237075372,47.574430552208781],[-122.20313514186731,47.574628319084304],[-122.20267760866069,47.575047073090424],[-122.20237221669328,47.575284183989694],[-122.20194753291455,47.575752160226848],[-122.20158854601465,47.57632403380768],[-122.20149332097678,47.576527347528405],[-122.20138338904084,47.576895238349302],[-122.20133854526203,47.577290261837824],[-122.20138936941804,47.577531322400802],[-122.20145479262011,47.577602302843303],[-122.20152910030116,47.577761040330039],[-122.20161632376599,47.577838720907593],[-122.2020128639803,47.578120483016832],[-122.2022866504598,47.57824579411497],[-122.2024894331167,47.578288755563563],[-122.20329249851088,47.578449767892451],[-122.20352787695384,47.578520042702017],[-122.20374756054458,47.578634252382713],[-122.20405730825115,47.57885770192987],[-122.20458783190701,47.579310546146381],[-122.20489013560476,47.579599875792724],[-122.20507123207564,47.579917107839471],[-122.20510404282032,47.579955349200461],[-122.20535818440864,47.580294245361571],[-122.20583053259944,47.580582808088607],[-122.20624499413856,47.580745492175197],[-122.20665904103041,47.580864328353137],[-122.20691051245069,47.580912567704225],[-122.20798159851924,47.581160096081035],[-122.20851647041306,47.58121259707795],[-122.20880812426971,47.581233246185171],[-122.20928546449836,47.581192757681379],[-122.20968255682466,47.58122938028594],[-122.21025842038186,47.581336500659198],[-122.21067238360551,47.581444369828809],[-122.21075359248543,47.581471435440875],[-122.21107827941353,47.58155770666005],[-122.21133034224192,47.581666269700037],[-122.21143625829835,47.581737098129686],[-122.21152614779582,47.581824449533599],[-122.21161652548916,47.58196112379126],[-122.21191890160556,47.582255885092444],[-122.21220364934705,47.582391731669887],[-122.21231717280241,47.582413163353785],[-122.21288460342674,47.58248194962556],[-122.21346773398545,47.582501264917326],[-122.21461002454532,47.582561988457236],[-122.21505589339434,47.58262033697148],[-122.21534827896427,47.582712257789971],[-122.21562485946532,47.582848089495904],[-122.21577149148975,47.582940674669963],[-122.21662074680154,47.583682647124846],[-122.21666988050997,47.583737279011238],[-122.21698015255372,47.584010045182843],[-122.2173403576252,47.584414232667207],[-122.21779754901786,47.584801514395586],[-122.21805828202595,47.584970350071941],[-122.21848168452368,47.585215215860401],[-122.21879027953212,47.58530703589085],[-122.218976752811,47.585328126766107],[-122.21921978685083,47.585343499351964],[-122.22006975614438,47.585317713960357],[-122.2202721594907,47.585311351888926],[-122.22074112651953,47.585243429655812],[-122.2210002948968,47.585247723146352],[-122.22116270442868,47.585296364543915],[-122.22169150251034,47.585551707075155],[-122.22197679945654,47.585747809079265],[-122.22202570462453,47.58578050323851],[-122.22242571129736,47.586107733974742],[-122.22289659221317,47.586237174623925],[-122.22349718445923,47.586377042366614],[-122.22408885280072,47.586434660193028],[-122.22432423936779,47.586488436664993],[-122.22449468122943,47.586531550011486],[-122.22461675519827,47.58659131833511],[-122.22474757901428,47.586722299003057],[-122.22478122697497,47.586848306995478],[-122.22476781295853,47.587133514221378],[-122.22464075313897,47.587391825034466],[-122.22420743368446,47.58779409232482],[-122.22415921870612,47.587832684859784],[-122.2239749950102,47.588036411006591],[-122.22387255026518,47.588327525058055],[-122.22386015974737,47.588716961533073],[-122.22410143704629,47.589373881530932],[-122.22428690760817,47.590118842086035],[-122.22429675248641,47.59029973260963],[-122.22440922311263,47.591034047350703],[-122.22453795690464,47.591773770530516],[-122.22468909590596,47.592321463269833],[-122.22482083445455,47.592540183758125],[-122.22491902092794,47.592643935516811],[-122.22523280521567,47.59325669173252],[-122.22584100116769,47.594164212273476],[-122.2259881353777,47.594306104674146],[-122.22627539286164,47.594688658107764],[-122.22648760927034,47.59485769702917],[-122.22654464996347,47.594895819215616],[-122.22710658028592,47.595211303670119],[-122.22734219888505,47.595287008934889],[-122.22767511911324,47.595373216464132],[-122.22810429842754,47.595371256607123],[-122.228184944196,47.595332503975179],[-122.22830490211193,47.595178389040328],[-122.22834985158055,47.594810790452122],[-122.22865580998626,47.594628431710674],[-122.22910757937656,47.594450870598578],[-122.22952799582848,47.594377668404775],[-122.22975387905119,47.594288886359195],[-122.23035012118545,47.593979080914217],[-122.2305751627346,47.593882565254845],[-122.23068248411289,47.593832256491901],[-122.23079378394007,47.593801532613007],[-122.23093123195139,47.593778989774613],[-122.2315309756162,47.593825572492008],[-122.23223672275259,47.593942959822854],[-122.2325528451121,47.593968920013936],[-122.23280361745321,47.593940348569291],[-122.23294909118488,47.593912252415528]]]},"properties":{"CityName":"Mercer Island"}},{"type":"Feature","geometry":{"type":"Polygon","coordinates":[[[-122.21186856129586,47.878419672668777],[-122.21225826157712,47.878421326109482],[-122.21486965792472,47.87843234397608],[-122.21533756889349,47.878444573522323],[-122.21577811467449,47.87849623730731],[-122.21636649548552,47.878614856834005],[-122.21663463564396,47.878689947135548],[-122.21669893495819,47.878707954007098],[-122.21692224056089,47.87879189587877],[-122.21721011897353,47.87891068638389],[-122.21747179271372,47.879034776430586],[-122.21778132511147,47.879205186328115],[-122.21799491128004,47.879367639288041],[-122.21882250948224,47.880023788306588],[-122.2195370453129,47.880590279984204],[-122.21988513537624,47.880446179280355],[-122.22023646935081,47.880264497276592],[-122.22037019995813,47.880100683789372],[-122.22048098773639,47.879852429425227],[-122.22047968795226,47.87966536723323],[-122.22047893030607,47.879556206379533],[-122.2204788950156,47.879551160151266],[-122.22047824083107,47.879549622718784],[-122.22037110730614,47.879297642492261],[-122.22016204563155,47.879082299766566],[-122.22005118645582,47.87899628964157],[-122.21957033271201,47.878623214437923],[-122.21962443770306,47.878262774095177],[-122.22254088691014,47.878268274232909],[-122.22262616710282,47.878268434122482],[-122.22259116825889,47.871083943291382],[-122.22315955823309,47.87108116698564],[-122.2261971187181,47.871066283794605],[-122.22619674822273,47.871045813414689],[-122.22614292257725,47.868076787065121],[-122.22566571452997,47.868065683181378],[-122.22567034257767,47.867608355969956],[-122.22643729447439,47.867606154524935],[-122.2264375433876,47.867338769062457],[-122.22590940372568,47.867341624846318],[-122.2258981353955,47.866780326198707],[-122.2276141064975,47.866784690282543],[-122.22760360880905,47.863762579771738],[-122.2279117560373,47.863765142530347],[-122.22783640138201,47.856600193939805],[-122.22753341565229,47.856598699593846],[-122.2275220659443,47.855510383733467],[-122.22752148982025,47.855453673683208],[-122.22744054416688,47.8554540521272],[-122.22487550186445,47.85546604940685],[-122.22487488638119,47.854567620567224],[-122.22504194078616,47.854566311708986],[-122.2275119676071,47.85454693774097],[-122.22750912939595,47.854275116454772],[-122.22749543405887,47.852963133446821],[-122.2249762202684,47.852966125615332],[-122.22434666397625,47.852966864480933],[-122.22431798909597,47.849218800786105],[-122.22349304032308,47.84923257055285],[-122.22277431526366,47.849256772238142],[-122.22269270475577,47.849257410964718],[-122.22267308411722,47.849205222611488],[-122.2226430706564,47.847522524775691],[-122.22264063988192,47.847386259825129],[-122.22263967501337,47.847331447738043],[-122.22273436784577,47.847332988500234],[-122.2231669915994,47.847340044310968],[-122.22310990434433,47.842571741173074],[-122.22309939656033,47.841693947693607],[-122.22309788145833,47.841567399160169],[-122.22306984321021,47.839225071975228],[-122.22305648773643,47.839225085837256],[-122.21492992779119,47.839233257873431],[-122.21480040893168,47.839233383830937],[-122.21491239259282,47.839488627585929],[-122.21498416542818,47.83975037924629],[-122.21500377741539,47.839892604755548],[-122.21500822519501,47.839924666435095],[-122.21501796884257,47.840001395854266],[-122.21573254492715,47.845621866869458],[-122.21574469547629,47.845700944317272],[-122.21578363310783,47.84595435738121],[-122.21579195430314,47.846008668665021],[-122.21571820162696,47.846008485051847],[-122.2132252037235,47.846002025470604],[-122.21319099562405,47.846821731351255],[-122.21196378895286,47.846826296443233],[-122.21076604459424,47.847034967382058],[-122.20889165614304,47.84602088150703],[-122.20939661450306,47.845836504393219],[-122.2091889654789,47.845725363810402],[-122.20918377867223,47.845722587317965],[-122.20878007632086,47.845506510335412],[-122.20878299613462,47.844474948440194],[-122.2077192987811,47.844479215603265],[-122.20772041195588,47.844087104529599],[-122.20725368477817,47.844088974527814],[-122.2071081985049,47.8440895574604],[-122.20708064654337,47.84571641154335],[-122.20707571246423,47.846007752917977],[-122.20424282425761,47.845924237538256],[-122.20424238996074,47.848369640984615],[-122.2042422014095,47.84942668046331],[-122.19632377504689,47.8491512879366],[-122.19155269961878,47.848993800081452],[-122.19147163585909,47.848985993950485],[-122.19139067576656,47.848983495699137],[-122.18718336616811,47.848853858796922],[-122.18728754108933,47.849043893686243],[-122.18802958181523,47.85039747898081],[-122.18812575109042,47.850770400048965],[-122.18816351828855,47.85114802827119],[-122.18814240534383,47.851526252915164],[-122.18809436593124,47.851769053846724],[-122.18807857005518,47.851848950586188],[-122.18807249307861,47.851878171132803],[-122.18720822616473,47.856036811742271],[-122.1871950123068,47.856100480104395],[-122.18718711224231,47.856145910425376],[-122.18717817522838,47.856197650867131],[-122.1871764418906,47.856298638150108],[-122.18718459238563,47.856357321792586],[-122.18719275878001,47.856411712169191],[-122.1872004615819,47.856466106520458],[-122.18735240467451,47.857541023939994],[-122.18735898077016,47.85769264066024],[-122.18734225009995,47.857841383764928],[-122.18730254473637,47.857988120018597],[-122.18724138755437,47.858128587505476],[-122.18720689977685,47.858189910541739],[-122.18718605738624,47.858237997011322],[-122.18641005834176,47.860026888694257],[-122.1863857420785,47.860083002970491],[-122.18637015146977,47.860136162037982],[-122.18634364796966,47.860226412720088],[-122.1863238494542,47.860373486127735],[-122.18632704757826,47.860521127142356],[-122.18633295588856,47.86056078024864],[-122.18633676909754,47.860586317121872],[-122.18619383898215,47.860617816927409],[-122.18608497729282,47.860641808968758],[-122.18556308160069,47.860791081780221],[-122.18525425166234,47.860900610185624],[-122.18493361888754,47.861064697407436],[-122.18445044237482,47.861306079362464],[-122.18437382382763,47.861333947008887],[-122.18386574017384,47.86145961643151],[-122.18242927183732,47.861783843833933],[-122.18147686352316,47.862086343865435],[-122.18136635920351,47.862156900876023],[-122.18132704017601,47.862195664978771],[-122.18119485215672,47.862414350893303],[-122.18103613768029,47.862627555486512],[-122.18038371699788,47.863399598267769],[-122.18025322550719,47.863482365422584],[-122.18001955853373,47.863559864833213],[-122.17989101798256,47.863580997618342],[-122.1794663743615,47.863582491191274],[-122.17712397879548,47.866947973686031],[-122.17675737622973,47.867517357202537],[-122.17660154568327,47.86775937805151],[-122.17632333044202,47.868136839014539],[-122.17609635066245,47.868539031246947],[-122.17600619567509,47.868879849056626],[-122.17598587114922,47.868990536023524],[-122.17598478073671,47.868996472579241],[-122.1759316067525,47.869286047832013],[-122.17580600415857,47.870130477498876],[-122.17574052742025,47.87045396602322],[-122.17562704704207,47.870692003043324],[-122.1755027140461,47.871011589075607],[-122.17531583672162,47.871282947320914],[-122.17508778403446,47.871539685159732],[-122.17482113573051,47.871778969161603],[-122.17468287323662,47.871884930520459],[-122.17368191606347,47.872592770645618],[-122.17343310922701,47.87278452959238],[-122.17326087951257,47.872949292185083],[-122.17319035893055,47.873019822053287],[-122.17312255106492,47.873086636284896],[-122.17309118479058,47.873117534181517],[-122.17297517385636,47.873209425261429],[-122.17294966340418,47.873225885543647],[-122.17284617999108,47.873292563868546],[-122.17274980075506,47.873355399090414],[-122.17025078745272,47.874977596300596],[-122.1697715404203,47.87536759903665],[-122.16938349899871,47.875669572618236],[-122.1692950513719,47.875738403449141],[-122.16921429425912,47.875807178663813],[-122.16903075376099,47.875951053391802],[-122.16872683715182,47.876144773395723],[-122.16839447434609,47.87631608885507],[-122.16803729102853,47.876463080735753],[-122.16765925411539,47.876584132782057],[-122.16736521253728,47.876654003275668],[-122.16724753393487,47.876681977148209],[-122.16717085732496,47.876706852087686],[-122.1670175048056,47.876782587126442],[-122.1668269350311,47.876908719832194],[-122.16666165338292,47.877033440348519],[-122.1665166045308,47.877169115805479],[-122.16639342072578,47.877314249814489],[-122.16629349412841,47.877467234269481],[-122.16621785575056,47.877626411325281],[-122.16616740211556,47.877790053982565],[-122.16615796575634,47.877853438401708],[-122.16615703555324,47.877859663954538],[-122.16614934025849,47.877911182688358],[-122.16615744124957,47.8779112816135],[-122.16971287773964,47.877954600181752],[-122.20654715429022,47.878397027013023],[-122.20654723449996,47.8783970267448],[-122.21186856129586,47.878419672668777]]]},"properties":{"CityName":"Mill Creek"}},{"type":"Feature","geometry":{"type":"Polygon","coordinates":[[[-122.31479978083919,47.806713549141485],[-122.31712503265727,47.806733629677041],[-122.31721180510672,47.80673436235957],[-122.31728615558943,47.806706429174071],[-122.32485991468513,47.803859874226518],[-122.32655771779106,47.803234304886516],[-122.3281333310448,47.802609125315932],[-122.32864369448627,47.802265053530533],[-122.32893720096814,47.80206716162995],[-122.32901082653542,47.802017522505444],[-122.32909830254235,47.802039755924589],[-122.32947109362129,47.802134428091534],[-122.32954973251599,47.802127606761879],[-122.32958560644573,47.802072620593144],[-122.3298507232728,47.801666249163681],[-122.33062605847961,47.800583422617656],[-122.33112780609649,47.799863606956961],[-122.33011790703496,47.799855645771217],[-122.3301442772554,47.799712902771766],[-122.33014914609198,47.799686543967127],[-122.33014976713682,47.799683179097762],[-122.33016680664336,47.799463032822565],[-122.3301711904315,47.799406313358617],[-122.33017522700122,47.799354009602276],[-122.33019479320171,47.799101374069501],[-122.33012813328355,47.798127636972353],[-122.33012440153119,47.798073204080666],[-122.3301052330784,47.798018922607383],[-122.33004473903993,47.796094662219794],[-122.33019327027735,47.795155807539913],[-122.33039315750152,47.794606430595515],[-122.33053709353862,47.794210858279541],[-122.33268651231553,47.794220280934269],[-122.33267500021843,47.792542325223991],[-122.33258779600989,47.792541307981089],[-122.33064109223402,47.792518880364632],[-122.32967040046798,47.792492392231956],[-122.32978931551153,47.792100496563442],[-122.33086017362037,47.792112868444306],[-122.33091962882898,47.792021886516594],[-122.33148378134761,47.790965780301114],[-122.33197578613444,47.789862091312614],[-122.33232814911683,47.7889481944244],[-122.33262163188915,47.787534249553367],[-122.3326845619478,47.786113887718322],[-122.33268618482577,47.786002910882196],[-122.33242553271278,47.78599995687501],[-122.33191254716863,47.785765561870278],[-122.3318327026236,47.78572906373936],[-122.33179843840425,47.78567182526362],[-122.3308477874665,47.783797978603673],[-122.33082186280093,47.783746893337984],[-122.33090656672708,47.783693028248109],[-122.33092502241934,47.783681297641976],[-122.33104714264547,47.783588224515974],[-122.33115417548088,47.783487047062494],[-122.33124492972325,47.783378866980428],[-122.33131842340154,47.78326489243279],[-122.33137379517875,47.783146384560389],[-122.33141050393962,47.783024601285497],[-122.33142813914634,47.782900910018647],[-122.33142648402965,47.782776646344736],[-122.33140557187987,47.782653198595085],[-122.33136558932345,47.78253187353463],[-122.33130705523541,47.782414053675666],[-122.33123055992115,47.782300987276365],[-122.33113694043304,47.782193918726556],[-122.33102723294996,47.782094062309127],[-122.33090263124586,47.78200244273858],[-122.33076449228922,47.781920135245898],[-122.33061437233414,47.781847996061614],[-122.3305354006346,47.781817888865888],[-122.33043149050255,47.781778276185278],[-122.33038985173884,47.781732983927263],[-122.32755341543046,47.778646796843468],[-122.32707735153625,47.778028221092327],[-122.32733142414297,47.777738834835475],[-122.3273796505383,47.777683885738583],[-122.31802097491335,47.777670919505809],[-122.31686871340366,47.777671852108085],[-122.31678789768748,47.777671906222757],[-122.31670707094227,47.777671442333045],[-122.3137864099302,47.777600211592102],[-122.29772915420935,47.777456636126111],[-122.28992482884637,47.777360869146975],[-122.28744491024773,47.777339399008262],[-122.28745654865808,47.777621667004958],[-122.28824371452023,47.777634032948221],[-122.28823664624568,47.778230830117543],[-122.28891268532399,47.778242238373601],[-122.28949800021472,47.778252113280438],[-122.28956283842017,47.778253209323893],[-122.28956241352638,47.778261082004818],[-122.28955987484186,47.778308120034957],[-122.28950379761346,47.779249655894411],[-122.28902365866441,47.779245911151854],[-122.28902342509267,47.779328822153609],[-122.28833227982695,47.78014089396958],[-122.2868601464147,47.780130897901103],[-122.28685316122179,47.781014571561123],[-122.28679084468413,47.790915235295827],[-122.28621291236038,47.790922381066864],[-122.28621539295376,47.791612862506426],[-122.28621560119569,47.791674657595571],[-122.28613465512359,47.791663582494877],[-122.28421581251361,47.791646647007568],[-122.28413520489995,47.791645916797229],[-122.28413389018199,47.791706473973086],[-122.28408829052408,47.793803932512851],[-122.28145787749848,47.793792067711713],[-122.28144055300783,47.799266096042658],[-122.28578047965915,47.79928665603704],[-122.28576049515686,47.800060455363734],[-122.28521494748973,47.800056556698507],[-122.28512496161819,47.802838984673357],[-122.28158358960084,47.802811499579697],[-122.2815980124345,47.804185680133479],[-122.28334050618548,47.804422046813457],[-122.28357947621478,47.804426774849347],[-122.28357888429835,47.8043993583616],[-122.28490801072851,47.804339603694473],[-122.28537500105219,47.804318583169049],[-122.28535941210632,47.80375124476263],[-122.28556160414131,47.803683609567564],[-122.28568330998218,47.803662674796925],[-122.28690547376212,47.803666931088635],[-122.28690914323937,47.804398029673884],[-122.28697939652696,47.80440889080522],[-122.28698012219927,47.80448723273841],[-122.28698171949826,47.804659767923866],[-122.28699784881982,47.806400904378556],[-122.28699819233408,47.80666870569285],[-122.2869987502424,47.807086660299625],[-122.28957135860986,47.80713390310364],[-122.28971169684884,47.807134522713511],[-122.28972521194143,47.808227359662418],[-122.29223347582973,47.808258647733815],[-122.2922040570339,47.80653840114784],[-122.29847324005931,47.806579762703976],[-122.30709193800539,47.806659770866133],[-122.30810372203146,47.806669402046559],[-122.30858286004974,47.806673138133029],[-122.30880224645688,47.806680232146213],[-122.30900843573787,47.806698501755982],[-122.30908927716011,47.806712968488405],[-122.30917090865371,47.806734127808632],[-122.30935071657039,47.806780724028705],[-122.31073483402696,47.80720698568819],[-122.31089759341228,47.80725586983597],[-122.31110755644397,47.807302144435283],[-122.31132987036867,47.807334271854522],[-122.31155597042783,47.807350593659699],[-122.31185021959294,47.807367904846679],[-122.31225620855855,47.807351704478911],[-122.31257926275681,47.807305416858618],[-122.31278454869157,47.807260390784251],[-122.31306702555452,47.807173443180467],[-122.31418606875025,47.806780178970151],[-122.31479978083919,47.806713549141485]]]},"properties":{"CityName":"Mountlake Terrace"}},{"type":"Feature","geometry":{"type":"Polygon","coordinates":[[[-122.29406921208822,47.95109371185265],[-122.29455471231825,47.950935069986976],[-122.29489910827614,47.950867937311209],[-122.29555695192133,47.950667542925679],[-122.29633464261586,47.950561765596902],[-122.2968020778012,47.950468703831184],[-122.29754931565273,47.950280291523242],[-122.29759853286292,47.950269937460739],[-122.29785305494845,47.950207171735883],[-122.29821109754934,47.950238907546975],[-122.29823558035122,47.950239216972001],[-122.29823470059812,47.950272109666564],[-122.29810070509713,47.950402102945603],[-122.29783493288464,47.950579856985939],[-122.29730434638684,47.950902468361747],[-122.2968810100096,47.951177008454579],[-122.2962576086624,47.951613640938426],[-122.29585975241361,47.951850121315779],[-122.29545987669047,47.952163332683149],[-122.29469488770218,47.952707913900007],[-122.29471874228621,47.95273011742637],[-122.29508158658579,47.952888071495202],[-122.29513836500234,47.952899696220406],[-122.29522063520426,47.952873292243865],[-122.29527862991013,47.952841077738263],[-122.29561749277661,47.952675179922224],[-122.29631574414981,47.952184615597574],[-122.29699857149669,47.951660983674486],[-122.29731549560127,47.951401564721834],[-122.29770603575835,47.951132128555955],[-122.2986683910709,47.950524083043419],[-122.29874372169215,47.950453697705754],[-122.2991431087829,47.950156921444375],[-122.2993994289186,47.950028392386592],[-122.29960368793691,47.950014398047742],[-122.29996143774724,47.950057103248881],[-122.30010833330292,47.950053377536356],[-122.30014108760143,47.950048299009929],[-122.30074726128618,47.94995141182504],[-122.30100253116504,47.949861246620827],[-122.30115072318556,47.949808207805113],[-122.30167462890405,47.949737724020238],[-122.30181542516698,47.949657152326601],[-122.30197953124878,47.949620754816038],[-122.30237876786506,47.949636512206304],[-122.30245359418879,47.949582571735057],[-122.30281569034864,47.949460803327071],[-122.30324884908148,47.949427638863362],[-122.30345331114269,47.949408137382576],[-122.30378962867474,47.949335424297836],[-122.30402884976742,47.949234110471032],[-122.30414302818461,47.949235459624923],[-122.30419195053113,47.949236049665302],[-122.3042052201607,47.949240712494039],[-122.30424878446534,47.949256000479757],[-122.30433403300984,47.949348360560201],[-122.30435997770209,47.949354534752466],[-122.30444181974519,47.94934454514911],[-122.30460692653322,47.949269724082711],[-122.3048634828462,47.949130238548264],[-122.30501943886485,47.949093725480338],[-122.30529722190781,47.949075120609315],[-122.30589306081922,47.949060331659645],[-122.30636953661079,47.948928955727638],[-122.30648459129807,47.94889743677097],[-122.30663369155151,47.948811470592929],[-122.3068606563124,47.948556461573205],[-122.30690460099994,47.948436393842364],[-122.30690534911096,47.948408946303097],[-122.30699360869203,47.948157780813553],[-122.30715664683704,47.947852646223986],[-122.30733381004396,47.94762994015111],[-122.30747576066737,47.947505521819544],[-122.30756995572924,47.947336674079757],[-122.30779662004751,47.947092635971899],[-122.30800013440607,47.946798976484004],[-122.30829479765471,47.946451568576222],[-122.30839875976638,47.946222517599473],[-122.30843425908711,47.946113255336968],[-122.30838065057145,47.94598100854985],[-122.30831718671078,47.945914463692759],[-122.30813854948028,47.945884911800754],[-122.30808543959508,47.945736217494783],[-122.30807883496125,47.945675819369519],[-122.30807535355331,47.945500319504276],[-122.30797603349272,47.945246909832136],[-122.30797296799288,47.945054908947483],[-122.30807605386276,47.944858750960314],[-122.30815947349232,47.944788470975396],[-122.30824443432508,47.944657877747836],[-122.30848002201787,47.944386527669579],[-122.30855643303708,47.943965247114846],[-122.30858607631544,47.94376816579593],[-122.30873717421424,47.943298412542262],[-122.30888270511369,47.942729893155601],[-122.30926654458467,47.942092914330146],[-122.30939509827637,47.941858666166844],[-122.30950121125954,47.941547376086184],[-122.30964530627617,47.94134071804519],[-122.3096872013038,47.941297353740694],[-122.30978021667266,47.94117236955222],[-122.30994684865757,47.940423123156634],[-122.31000652914061,47.940325113048743],[-122.31014942170587,47.939855270049762],[-122.3102173801658,47.939444844837581],[-122.31035587020048,47.938525284991471],[-122.31035758140905,47.938152415143897],[-122.3104087869807,47.937758239640928],[-122.31067609755858,47.936900503035744],[-122.31071341991036,47.936720029315175],[-122.31069214767108,47.936292062795737],[-122.31058277379448,47.936109798556423],[-122.31046629948058,47.935581997620837],[-122.31047560954279,47.935538267539165],[-122.31033586069509,47.935273374024938],[-122.3102620228016,47.93498189638909],[-122.31019047861706,47.934295597362478],[-122.31009174953977,47.934020259686754],[-122.3100588041217,47.933723756380914],[-122.30996826262223,47.9334485018164],[-122.30985308155856,47.933178440022203],[-122.3096501479402,47.932528964523748],[-122.30949944683987,47.932061081861463],[-122.30943808903018,47.931605238177966],[-122.30933410664123,47.930913093072505],[-122.30934387283781,47.930852887296282],[-122.30944314476764,47.930799247896616],[-122.30958546730295,47.930658373119506],[-122.30961659827277,47.93040649313803],[-122.30960176595084,47.930351508308981],[-122.30938978608198,47.929734809674144],[-122.30937022249377,47.92954815938856],[-122.30932684840955,47.929339251843722],[-122.30936466877201,47.929142299608934],[-122.30945155896902,47.92894046136648],[-122.3096258830796,47.928514864162963],[-122.30965422544909,47.928367142759882],[-122.30964505044024,47.928098336926048],[-122.30952265010302,47.927795289872179],[-122.30950939852133,47.927679959940733],[-122.30957410454198,47.927390129018505],[-122.30974680747424,47.926717727525364],[-122.30993463105257,47.926089391250528],[-122.31013553660122,47.92558183130653],[-122.31015302841959,47.925538183417608],[-122.31021352829873,47.925407301210186],[-122.31033925814663,47.925277201521787],[-122.31044521337969,47.924971395047379],[-122.31049727631579,47.924851374896555],[-122.31060538903577,47.924770422115436],[-122.3108524811788,47.924674673773694],[-122.31101186202999,47.924506595919496],[-122.31109533471577,47.924430809770968],[-122.3114256878988,47.924270247648359],[-122.31150907461254,47.924199961670602],[-122.31164498038217,47.923993233068806],[-122.31173040203984,47.923846179928674],[-122.31187997458804,47.923738280693115],[-122.31207658122744,47.923702287192896],[-122.31226878004608,47.923523598081751],[-122.31231053546159,47.923485703776784],[-122.31267270112458,47.923045884371412],[-122.31283751195019,47.92266948080902],[-122.31293078341383,47.922533512319852],[-122.31298259006995,47.922424464291446],[-122.31321728348088,47.922180509990511],[-122.31340029409571,47.922040131135468],[-122.31369538911667,47.921670762411978],[-122.31406360371759,47.921307788768843],[-122.31429147100454,47.921014375694476],[-122.31442433158884,47.920922752097496],[-122.31449824130657,47.920901696339087],[-122.3145078361363,47.92084698969024],[-122.31460907798115,47.920716577202924],[-122.31503407450575,47.920365216890957],[-122.31528793884993,47.920011816807182],[-122.31566373726365,47.919670814876724],[-122.31569779987531,47.919616387791756],[-122.3159264847306,47.919290128727212],[-122.3160096945921,47.919225313173975],[-122.31601945233139,47.919165104610641],[-122.31641538092987,47.918676315817073],[-122.31702342507738,47.918184561455206],[-122.3173834968846,47.917821434908852],[-122.31777249324759,47.917595758837784],[-122.31819186331447,47.917458185127003],[-122.31853071667445,47.917281237348014],[-122.31856345297484,47.917276153521946],[-122.31856655552329,47.917155543133326],[-122.31844739591243,47.917039009988109],[-122.31843255756715,47.916983969188543],[-122.31859169188213,47.916821378974554],[-122.31872420766062,47.916740697983656],[-122.31879844070656,47.916708691703278],[-122.31883229303189,47.916659710228686],[-122.31876971729706,47.916560267382273],[-122.31877872769697,47.916527481476223],[-122.31895315389272,47.916403456521508],[-122.31910153792504,47.916339390896376],[-122.31916915910072,47.916246981285767],[-122.31958425938389,47.91596128413218],[-122.31983617957383,47.915679137767157],[-122.31993942640611,47.915472005772628],[-122.32019179585336,47.915173410574816],[-122.32044887674198,47.915006458164079],[-122.32053323258755,47.914897794003835],[-122.3205588164012,47.914854228093922],[-122.32086263786447,47.914457552310608],[-122.32100373983695,47.914360529902751],[-122.3213807519585,47.913970188078181],[-122.32163224160217,47.913704485792607],[-122.32175436384307,47.913398855340539],[-122.32207577383863,47.912953023134754],[-122.32217115579269,47.912734829770237],[-122.3220910029267,47.912371959862554],[-122.32204329611329,47.912014980036119],[-122.32190979610033,47.911821485911673],[-122.32164726421712,47.911577115206285],[-122.32162170072598,47.911509327799507],[-122.32160120857759,47.911455076564607],[-122.32157431834791,47.911400887803559],[-122.32152849548176,47.91127841107793],[-122.32156498512845,47.911145737208727],[-122.32154067963093,47.910850030034005],[-122.32157497923603,47.910616314703702],[-122.32160641765851,47.910573970687096],[-122.32169155985372,47.910384190746512],[-122.32179049494148,47.910161877530633],[-122.32190699687843,47.91004766853586],[-122.32203447634463,47.909821454204845],[-122.32207622885039,47.90968510678141],[-122.32216026248534,47.909391960071595],[-122.32231740689538,47.908966977620949],[-122.32259015462202,47.908384776469759],[-122.32281461676484,47.907867408767636],[-122.32302321614418,47.907449705838708],[-122.32324737546494,47.907064331397308],[-122.32336042248298,47.906832237508937],[-122.32353880712665,47.906603097840602],[-122.32361454025947,47.906549428458554],[-122.32370191645192,47.906371711975339],[-122.32396801072281,47.90602142699575],[-122.32399580930861,47.905985052645313],[-122.32412656266051,47.905873096410986],[-122.32424777716079,47.905644515360066],[-122.32444090821757,47.905393584835416],[-122.32465516666585,47.90512921394545],[-122.32470427802635,47.905084217582051],[-122.32481012022734,47.905098835665392],[-122.32483884584232,47.905103345611685],[-122.32490716999216,47.905120726706144],[-122.32498558388097,47.905106726308922],[-122.32501910573031,47.905085950856929],[-122.32507632755983,47.905043298023571],[-122.32514569334514,47.904942751868809],[-122.32517858879183,47.904893094829312],[-122.32537698005673,47.904608730810644],[-122.32539116904933,47.904542404767291],[-122.32537415030103,47.904375945437664],[-122.32536937025354,47.904340489681196],[-122.32542239074373,47.904188373060677],[-122.32545695394022,47.904070143608223],[-122.3254546587567,47.903882467262164],[-122.32556115936256,47.903536109785698],[-122.32559723890809,47.903407628059334],[-122.32559099956138,47.903131586044459],[-122.32558066491183,47.9028721099926],[-122.32567306248131,47.902706101532665],[-122.32570942075985,47.9026407551559],[-122.32572711640297,47.9026109596428],[-122.32577994452882,47.902541449626185],[-122.32588216985172,47.902406600617255],[-122.32592040642524,47.902355066598645],[-122.32592708503701,47.902347487265615],[-122.32595279341653,47.902295177772352],[-122.32597816120305,47.902243933129789],[-122.32603764459095,47.902121048333761],[-122.3260642234595,47.90206780421223],[-122.3262591453822,47.901751152163371],[-122.32636488301299,47.901593615883328],[-122.32638722037773,47.901529631678621],[-122.3264444520665,47.901372217454274],[-122.32648510031217,47.901278893894734],[-122.3263919717693,47.901193145782273],[-122.32630328358812,47.90110675459767],[-122.32626629777825,47.900949447605512],[-122.32621120737201,47.900864523644771],[-122.32633483829959,47.900665917510558],[-122.32637970384215,47.900587826185173],[-122.32641165403146,47.900494833239428],[-122.32644129753483,47.900416891691968],[-122.32654786246458,47.900113138571712],[-122.32659688009853,47.900021175830886],[-122.32666676607934,47.899799626496687],[-122.32670640457808,47.899669229462432],[-122.3267717151395,47.899544597377023],[-122.3268440107867,47.899426431446585],[-122.32692671563689,47.899274973675503],[-122.32709180957004,47.89898929457879],[-122.32712612809129,47.898772586619188],[-122.32726967568244,47.898501575666494],[-122.32731255344214,47.898415962080762],[-122.32736730646616,47.898306734409104],[-122.32758940434577,47.897982022869783],[-122.32768219097142,47.897888431155188],[-122.32775848941344,47.897734829189815],[-122.32776468577016,47.897608380624341],[-122.32763530809042,47.897209252170086],[-122.32762230301226,47.897192117833455],[-122.32747113094918,47.896987739100766],[-122.32745132835262,47.896859150201159],[-122.32744952734498,47.896794966073429],[-122.32743563942722,47.89671486463179],[-122.32743789209103,47.896260068772108],[-122.32743640663047,47.896214124285642],[-122.32750622999299,47.896217059437575],[-122.32743593779301,47.896090163963109],[-122.32735399977624,47.896025351437316],[-122.32730986373903,47.895807314676397],[-122.32730161385277,47.895673765040392],[-122.32728380565976,47.895431999547533],[-122.32732069878385,47.894933598458401],[-122.32732896868677,47.894636305037849],[-122.32742642084476,47.894377724098426],[-122.32750034478555,47.893713196671598],[-122.32759652276292,47.893332866614905],[-122.32759728195356,47.893329864982967],[-122.32761039138779,47.893278058738822],[-122.3275413097645,47.893277403064097],[-122.32502969726612,47.893254268152191],[-122.32504417244947,47.893410102351815],[-122.32505130618694,47.893486904835825],[-122.31909831400139,47.893441570027164],[-122.31899979951687,47.892365690920514],[-122.31899949896365,47.89232931796348],[-122.3189874444123,47.892222949942472],[-122.31895894197112,47.892117993764522],[-122.31891430292565,47.892015646264753],[-122.31885395410161,47.891916963963617],[-122.3187786500435,47.891823083741116],[-122.31868914056039,47.891735004929821],[-122.31858645800665,47.891653699090952],[-122.31847167455749,47.891580051718606],[-122.31834606256265,47.891514897531202],[-122.31821101422827,47.891458901192195],[-122.31806804082137,47.891412729120198],[-122.31805691959323,47.891411367082227],[-122.31798854314984,47.891400108279846],[-122.31792233021064,47.891384118032803],[-122.3178589347886,47.891363553504455],[-122.31779912906003,47.891338624894274],[-122.31774348569543,47.891309652531213],[-122.31769266073675,47.891276931166914],[-122.31764718671566,47.89124078085414],[-122.31760759953596,47.891201659210239],[-122.31757427285297,47.891159972400182],[-122.31754766004127,47.891116150537158],[-122.31752797534566,47.891070709291121],[-122.31751543205309,47.891024136462512],[-122.31751024440315,47.890976947719025],[-122.3175123810156,47.890929632852277],[-122.31752189395394,47.890882736125342],[-122.31753863246676,47.890836776161208],[-122.31756240653094,47.890792218223034],[-122.31759298208588,47.890749608307175],[-122.31763004560297,47.89070935872244],[-122.31767312094053,47.890671936466383],[-122.31772181301402,47.890637754211845],[-122.31777552163736,47.890607171145369],[-122.31783368809512,47.890580546710495],[-122.31858366429705,47.890360801615465],[-122.31872844341879,47.890305179522585],[-122.31888900629727,47.890228763392834],[-122.319036825227,47.89014149939959],[-122.31917025989419,47.890044301702588],[-122.31928787749112,47.889938245845805],[-122.31938836529224,47.889824515244257],[-122.31947061969086,47.889704345832428],[-122.31953373515209,47.889579055015801],[-122.31957705388753,47.889450008517393],[-122.31962261935277,47.883263119208777],[-122.31962302044492,47.883208658690918],[-122.31954286972282,47.883245926997752],[-122.31864366430921,47.883602654051799],[-122.31864069448761,47.88358911915973],[-122.31842734178562,47.882616629245433],[-122.31985671775507,47.881934601744419],[-122.31997162338898,47.881110587044532],[-122.31744080352946,47.880772307298926],[-122.31701373935785,47.880461058281874],[-122.31664292578601,47.879490330824837],[-122.31553476606344,47.879784328384559],[-122.31542525791043,47.879997009291934],[-122.31492834798074,47.880962058809217],[-122.31451111644412,47.880963268161871],[-122.31076065499569,47.880974074379715],[-122.31049248521187,47.881374836707288],[-122.31021516412802,47.881789269244926],[-122.30985917450711,47.881907808713031],[-122.3094241435489,47.882052665545174],[-122.30860027758374,47.881633872659251],[-122.30735860784563,47.882229229367219],[-122.30649982678374,47.881315208220798],[-122.30529264073419,47.881030905032837],[-122.30361386620005,47.88148535104186],[-122.30359754828099,47.881490736194714],[-122.30253642005685,47.880520126963674],[-122.30263445980549,47.87976746275789],[-122.30083750727539,47.879203585903198],[-122.30097784362742,47.87901218031076],[-122.29914876661648,47.878420544715624],[-122.29893780140225,47.874579553763141],[-122.29319825339196,47.874601507741772],[-122.29304096761057,47.87485324467152],[-122.29234413239456,47.874790646234416],[-122.29099061445372,47.874669044676025],[-122.29084189332549,47.87465568251659],[-122.29069194164624,47.874642221139048],[-122.29067995251327,47.874653281439542],[-122.28939189970549,47.87584403871336],[-122.28837868518073,47.876742827086048],[-122.28711235461536,47.877866147132522],[-122.28530799365954,47.87938213864885],[-122.28523910899318,47.879440000823493],[-122.28516346787944,47.87949038433942],[-122.28474211791463,47.879771113592874],[-122.2841415369671,47.880098007297185],[-122.28349347802003,47.880380913627619],[-122.2828869400394,47.880588625504267],[-122.28280379262928,47.88061707866396],[-122.28272614874199,47.880641640687109],[-122.28265851706972,47.880663030946188],[-122.28238018113647,47.880769875339844],[-122.28211997233343,47.880895715167242],[-122.28188077342062,47.88103916294402],[-122.28176056426072,47.881128059708999],[-122.28168682705801,47.881182589867372],[-122.28160603843551,47.881236695559828],[-122.27970628220052,47.882585758809185],[-122.27972027034518,47.882685899146168],[-122.27967266730566,47.882747580286264],[-122.27943321017028,47.882934436819028],[-122.27893188903914,47.883325624611693],[-122.27863633055273,47.883672256335878],[-122.27848515825625,47.883843798357404],[-122.27842865357306,47.883823139746916],[-122.27832614871342,47.883959079687941],[-122.27823574840819,47.88409737057701],[-122.27815789069906,47.884236557684467],[-122.278015487118,47.88458631433236],[-122.27789324683624,47.884994263355146],[-122.27753881642474,47.885002250390492],[-122.27754773090564,47.88541342356983],[-122.27781222573491,47.885410828052386],[-122.27778319455899,47.885817857116258],[-122.27796668997154,47.887461090219581],[-122.27611502985829,47.88747925151219],[-122.2761484023569,47.888305961713414],[-122.27594455210574,47.888307958508598],[-122.27596569048717,47.889284207704485],[-122.27471467577944,47.889277349842239],[-122.27430263470721,47.889273215998323],[-122.27430409923309,47.889445088847829],[-122.27267350072547,47.889441184028648],[-122.27266874983003,47.889927221060745],[-122.27266916210401,47.890009463742459],[-122.27267507252699,47.891188332334366],[-122.273664810665,47.89118866854853],[-122.27406892344042,47.891438879945483],[-122.27436645482634,47.891618339758317],[-122.27734197907964,47.889452299592548],[-122.28218526837843,47.889459279914355],[-122.28326668516266,47.889278353880592],[-122.283741715258,47.889957016403308],[-122.28382332927693,47.890086858641311],[-122.28372333217038,47.890202599051179],[-122.28385178634321,47.890389168368714],[-122.28402119223351,47.890444559541372],[-122.28403590562368,47.890395625149267],[-122.28539057964028,47.892363096848797],[-122.28614954504248,47.892354490342981],[-122.28631497376161,47.892302964805467],[-122.2862550208512,47.892215898600305],[-122.28634668422602,47.89218734697743],[-122.29115088515485,47.899296176304574],[-122.29181427381383,47.900234383637574],[-122.29199499439271,47.900466641121021],[-122.29229082258169,47.900933716709055],[-122.29251245876627,47.901419033827629],[-122.29265744004189,47.901917253620049],[-122.29271700643849,47.902368533476128],[-122.29272414046969,47.902422400987781],[-122.29272587250759,47.902477354850369],[-122.29293590611805,47.909010873925972],[-122.29296628242768,47.909718101358088],[-122.29312256197247,47.910578166128502],[-122.29313667983746,47.910655814854898],[-122.29313673290407,47.910686933775438],[-122.29313681458797,47.910778710502775],[-122.29314226111296,47.910833109930479],[-122.29314248380146,47.910887559529989],[-122.29317709526465,47.918460799465628],[-122.29317734525956,47.91851561897392],[-122.29163931748812,47.918531383821723],[-122.29156764133846,47.922181486830056],[-122.29156653703816,47.92223837039041],[-122.29148730576074,47.922266787183503],[-122.29111980417719,47.922407890520887],[-122.29070114724136,47.922610356559474],[-122.29047482672607,47.922746073979091],[-122.29031629980959,47.922841138262811],[-122.28996942035366,47.923097691872051],[-122.28966433738783,47.923377205252898],[-122.28961470754236,47.923430248976523],[-122.28956543353046,47.923482935570604],[-122.28948571931012,47.923540377603061],[-122.28935936528288,47.923631397032757],[-122.28914058619682,47.923759124836209],[-122.28890315701562,47.923870776787574],[-122.28864964557795,47.923965157862845],[-122.28838282545367,47.924041179648562],[-122.2881056779558,47.924098078878615],[-122.2878211835948,47.924135146290084],[-122.28771950716965,47.924142430302879],[-122.28762725582507,47.924149053456645],[-122.2876292401934,47.924202775958747],[-122.28764842395624,47.92472665618557],[-122.28765583169911,47.924928927966882],[-122.28767702732328,47.924983175329039],[-122.28765983088931,47.925037788161895],[-122.2877404983074,47.92723920365998],[-122.29202771621277,47.927314990895368],[-122.29201772070523,47.927940701400537],[-122.29321920931724,47.927963300797288],[-122.29309300164469,47.943532016644681],[-122.2874334229611,47.943559161434642],[-122.28736288655045,47.947232107428214],[-122.28173513987755,47.947292056572934],[-122.28176819695167,47.949519580534002],[-122.2856629711135,47.949529878212211],[-122.28569464153207,47.950758668858569],[-122.28569585625048,47.95080670443442],[-122.28577627517114,47.950775070037665],[-122.28621627895306,47.950556510933318],[-122.28628120500451,47.950524261063073],[-122.28637832267748,47.950554262847007],[-122.28829295176156,47.951145713656835],[-122.28863557418624,47.951141905946642],[-122.29104820932311,47.950490310567659],[-122.29103377019932,47.952033818198984],[-122.29105534404647,47.952088056730432],[-122.29113566211144,47.952053670686581],[-122.29140380577462,47.951938846494812],[-122.29160945825834,47.951875524476698],[-122.29172389664313,47.951865965583998],[-122.29188873092011,47.9518021345732],[-122.29192178129841,47.951786083651626],[-122.2921431393729,47.951744905661343],[-122.29230813970827,47.951675600347372],[-122.29301198212627,47.951585439115057],[-122.29307766298986,47.951569757412742],[-122.29340140707485,47.951359827383286],[-122.29361503568551,47.951302114603671],[-122.29406921208822,47.95109371185265]]]},"properties":{"CityName":"Mukilteo"}},{"type":"Feature","geometry":{"type":"Polygon","coordinates":[[[-122.14287616138679,47.53959213873479],[-122.14282040690303,47.542010644454898],[-122.15339548470457,47.542055056321225],[-122.15351138468027,47.5456495945878],[-122.16421880740675,47.545656302031965],[-122.16425693797096,47.544599282173451],[-122.16410272905799,47.544410050084906],[-122.16398039098196,47.544213809038119],[-122.16388902718798,47.5440100222905],[-122.16382960313426,47.543800861200161],[-122.16380280647068,47.543588664793667],[-122.16380892324689,47.543375718436074],[-122.16384787607542,47.54316436933081],[-122.16391922530788,47.54295693564584],[-122.16397344218998,47.54284398144744],[-122.16502400887751,47.540229609498105],[-122.16957343617895,47.540243161891716],[-122.1698670795864,47.540243955583975],[-122.1700006656916,47.540383403576683],[-122.1701498818537,47.540506524723448],[-122.17037886767179,47.540667326814074],[-122.17066259033143,47.54081091510195],[-122.1709664844805,47.540922929369252],[-122.17127130898294,47.540999256487986],[-122.17167819103796,47.541063871763733],[-122.17834889090975,47.541266879188875],[-122.18052956139245,47.54133041040096],[-122.18255695357661,47.541584301660173],[-122.18441347116934,47.542016832264579],[-122.18547957754733,47.542304914691698],[-122.19057185663839,47.542364365235116],[-122.19054065964781,47.545548063499645],[-122.19446553649014,47.545554566890694],[-122.19450353859831,47.544986388271987],[-122.1948258134163,47.544988534459151],[-122.19488958089788,47.544035086140951],[-122.19472842644134,47.544034013536368],[-122.19478312406338,47.543216730906387],[-122.19494423621605,47.54321780401547],[-122.19499052935284,47.54264982051771],[-122.19504092490126,47.542106683172598],[-122.19503222213879,47.541658431787823],[-122.19499946216146,47.541316608282216],[-122.19491561026643,47.541034222008832],[-122.19476749416398,47.540630328477171],[-122.19443903346117,47.539758668196612],[-122.19428956468224,47.539759666936249],[-122.19412624844306,47.538729619343968],[-122.19284834595959,47.538739271050943],[-122.19281128784088,47.538594704840065],[-122.19280794471335,47.538422179559007],[-122.19300203605995,47.538131890395341],[-122.19324058817318,47.537732951322347],[-122.19219676434588,47.537360726701472],[-122.19219478318198,47.536668438244149],[-122.19219461770082,47.536614036965481],[-122.19219125124191,47.535519812841912],[-122.19280588317113,47.535524379440439],[-122.19288156160196,47.535524933702597],[-122.19288162950016,47.53547049930669],[-122.19288224683723,47.534956144972107],[-122.19287624796632,47.53480653283755],[-122.19287405977508,47.534751578870171],[-122.19281020454119,47.534750342685484],[-122.19233244974203,47.534741123504617],[-122.19225257596722,47.534739599833372],[-122.19225407227513,47.534696603674746],[-122.19229904062074,47.533429792792653],[-122.19230081240927,47.533379981786503],[-122.19238158512782,47.533381768506771],[-122.19352434715248,47.533407122983988],[-122.1936052396475,47.533408913412089],[-122.19360651140535,47.533362348174968],[-122.19363967218735,47.532129708269885],[-122.19356121201557,47.532066324232403],[-122.19348571017157,47.532005915256818],[-122.19338337121854,47.531902215835629],[-122.19333245900749,47.53184632587412],[-122.19330026707131,47.5318006340447],[-122.1932607767163,47.531739873987547],[-122.19322114726548,47.531669988662166],[-122.19317273879369,47.531558145282048],[-122.19313877751689,47.531459016280181],[-122.19073537736644,47.531454442979452],[-122.19080440957455,47.524327178636142],[-122.19080484116711,47.524280643458319],[-122.1907712382971,47.524218442177045],[-122.19068935708587,47.524066883373017],[-122.19011360942032,47.523222033854978],[-122.1900762540151,47.523167193359129],[-122.19003172280286,47.523113729041981],[-122.18989544125201,47.522950089675767],[-122.18979683623544,47.52285332448767],[-122.18973851557881,47.522796060587694],[-122.18966582763784,47.522745460670826],[-122.18962708230329,47.522718493508336],[-122.18949921101495,47.522646357331617],[-122.18936090270459,47.522583666190243],[-122.18921370459421,47.52253113616775],[-122.18905918485807,47.522489306727906],[-122.18889903595822,47.52245861658222],[-122.18873506053829,47.52243946147059],[-122.18870560975832,47.522437788983275],[-122.18862190286158,47.522433019859086],[-122.18854458115828,47.522434170972225],[-122.18852274234646,47.522434500293976],[-122.18842684903385,47.52244279358478],[-122.18833274154251,47.522457797976074],[-122.18824149079141,47.522479404384818],[-122.188154066026,47.522507354073149],[-122.18807142423051,47.52254133630705],[-122.18799452775519,47.522580999795224],[-122.18792413419443,47.522625859478012],[-122.18786102940534,47.522675483862805],[-122.18781390972552,47.522721555171834],[-122.1877702703391,47.522772529183953],[-122.18773229333344,47.522831308753283],[-122.18760870208433,47.523022382437574],[-122.18757338095763,47.523077044679084],[-122.18749277833599,47.523076861755385],[-122.18713192586118,47.523076017262589],[-122.18714806926704,47.522270506462561],[-122.18534594481608,47.522252889621903],[-122.18534732626028,47.521750060376171],[-122.18569327635132,47.521750844464947],[-122.18571116791203,47.518180943525927],[-122.18528116764485,47.518181527713146],[-122.18464753347061,47.517531523183258],[-122.18412713275191,47.516952614141168],[-122.17949898135221,47.516945444395553],[-122.17705456096823,47.516937283909172],[-122.17681053447154,47.516976790989787],[-122.1733112289826,47.517543259675456],[-122.17245376997019,47.51768204800468],[-122.16794754201398,47.518411626595523],[-122.16719971710974,47.518530954361182],[-122.16648111752906,47.518649096071783],[-122.16606151572198,47.518705623729225],[-122.16586819728821,47.518721478300826],[-122.16572765540538,47.518730249700511],[-122.16559120819089,47.51873427007461],[-122.16547707206375,47.518737142586424],[-122.16536143321937,47.518737220758659],[-122.16522628688784,47.518735559162451],[-122.16506838292891,47.518728344964295],[-122.16265370361761,47.518513135197033],[-122.16256963498218,47.5185038330753],[-122.16249909121316,47.518492642023794],[-122.16238702942231,47.518460549846417],[-122.16231128857928,47.518431959225182],[-122.16221708604611,47.518384611186562],[-122.16212327450205,47.518321696354548],[-122.16206940615052,47.518273071551555],[-122.1620281785078,47.51822905388785],[-122.16199521141219,47.518179294933823],[-122.16197070036237,47.518134177691138],[-122.16195140144706,47.518092259650047],[-122.16191880785524,47.517893862094404],[-122.1619014663184,47.517861929455705],[-122.16188541410357,47.517821454776573],[-122.16185840802962,47.517793368212082],[-122.16180653473465,47.517758737644201],[-122.16055652071896,47.517017794016631],[-122.16081077712821,47.516851259008988],[-122.16098663925705,47.516736072476384],[-122.16016081615089,47.516251790280975],[-122.16007955541446,47.516209944105512],[-122.15999817660168,47.516161771827697],[-122.15943208018759,47.515826629480131],[-122.15875889846437,47.51617635562053],[-122.15882788012372,47.516309975900526],[-122.15886377446809,47.516408556244407],[-122.15890211329555,47.516508751591807],[-122.15891612414713,47.516607548394646],[-122.15892275966495,47.516701420675318],[-122.15892300128952,47.516806197155567],[-122.15885275003156,47.517645198119453],[-122.15875919381492,47.518762469188729],[-122.15874471276165,47.518935403211898],[-122.15386651372395,47.518222416188522],[-122.15091019542174,47.517790222333119],[-122.14659138116568,47.517359271919595],[-122.14550381310367,47.517247482708214],[-122.1447851164971,47.517175745036802],[-122.14454999001926,47.517143788546548],[-122.14430969238023,47.517102148594176],[-122.14403386870974,47.517045160918833],[-122.14379202940272,47.516982949214977],[-122.14357940129919,47.516925421672859],[-122.14346228236322,47.516887423094985],[-122.14336655982601,47.516856365843331],[-122.14316587864283,47.516785543922531],[-122.14303767528894,47.516733348454032],[-122.14304075267724,47.516499204389405],[-122.14271145035806,47.516366777809907],[-122.13787676903085,47.51633992615578],[-122.1377750515082,47.523621371478789],[-122.14313800124403,47.523657494988655],[-122.14309425664199,47.527651866101579],[-122.1291633442232,47.527570471649604],[-122.1278007765504,47.529237192948756],[-122.12966880193584,47.53297243981514],[-122.13240123380376,47.532978437280143],[-122.1323863792792,47.535997739326199],[-122.13238354555652,47.536573767447358],[-122.13294168426256,47.536990187832274],[-122.13375036444691,47.537390614961396],[-122.13479386352179,47.537882484976414],[-122.13581830759395,47.538243870717018],[-122.13686763188554,47.538554858920115],[-122.13834946006179,47.53884246633276],[-122.14287616138679,47.53959213873479]]]},"properties":{"CityName":"Newcastle"}},{"type":"Feature","geometry":{"type":"MultiPolygon","coordinates":[[[[-122.11885774833983,47.656024292958641],[-122.11890671758862,47.656075926389619],[-122.11896863904478,47.656132355412872],[-122.12015823395301,47.657216279947725],[-122.12021753140135,47.657270306130286],[-122.12028428921647,47.657324215236372],[-122.12128188194802,47.658129472543528],[-122.12135036082893,47.658184782884021],[-122.12153250572457,47.658334153201523],[-122.12189765492715,47.658670866930542],[-122.1230493810086,47.659612578467708],[-122.12420128098219,47.660563975875327],[-122.12476942351346,47.66100573216459],[-122.12519242236466,47.661361376791824],[-122.12548035887124,47.661590153085953],[-122.12558632144878,47.661718983982759],[-122.12552078922108,47.661766529434566],[-122.12556107009318,47.661816849929217],[-122.12569153001401,47.661774256190505],[-122.12582270359165,47.661947133427951],[-122.12598855943929,47.662183514852394],[-122.126121969434,47.662418345650536],[-122.12621188240679,47.662607685382582],[-122.126284887379,47.6627588294688],[-122.1263518557444,47.662911244067203],[-122.12638141643404,47.662985807265017],[-122.12662224547624,47.663872282417984],[-122.12646290622288,47.664844484096861],[-122.12645346585188,47.665831340479052],[-122.12648510742054,47.666025907277408],[-122.12649273882019,47.666349491902295],[-122.12649480372218,47.666383454148765],[-122.12650683536287,47.666581395623588],[-122.12646532605983,47.666584238886195],[-122.12179884012598,47.666903832190783],[-122.11815036046035,47.666968095412344],[-122.11413438276874,47.667038699407556],[-122.11336534658703,47.666996350244915],[-122.1120820441007,47.666979744049499],[-122.11070633932754,47.667168199819415],[-122.11068489531927,47.664304124989705],[-122.10470273347883,47.664299914162129],[-122.10473583177156,47.662333467481886],[-122.099968067761,47.662298910465474],[-122.09996750091172,47.6593793658434],[-122.09996748192491,47.659281231635731],[-122.09798140498577,47.65928137925345],[-122.09797891448181,47.659399533193167],[-122.09797389949166,47.659637461542836],[-122.09772262783272,47.659641196810192],[-122.0964824281869,47.659659623354919],[-122.09640150969491,47.659660828013216],[-122.09636872258328,47.659606603874238],[-122.09616643375973,47.659272120312927],[-122.09477228306304,47.656849318633817],[-122.09473674316841,47.656787568486841],[-122.09470106933838,47.656740914031381],[-122.09439883354567,47.656345553308725],[-122.09403972489991,47.65597642835457],[-122.09398618123312,47.655922644375146],[-122.09390956531823,47.655868502585307],[-122.09348013616359,47.655565120156957],[-122.0929619558961,47.655266326867931],[-122.09279215102433,47.655149465398701],[-122.09255357913968,47.654985275702096],[-122.09276378588211,47.65487470669138],[-122.09285425283826,47.654827121035098],[-122.09281449833492,47.654705135932026],[-122.09245104971966,47.654462681214696],[-122.09237947969169,47.654243140302945],[-122.09230782824407,47.654023572556845],[-122.09219026180453,47.653930217057997],[-122.091815570885,47.65363268792089],[-122.09173550149077,47.653549610293595],[-122.09168423062111,47.65349643292037],[-122.09160618296507,47.653533848447836],[-122.09129127256237,47.653684841496833],[-122.09092779754188,47.653900990907985],[-122.09059979684061,47.654141646071253],[-122.09031077281792,47.654404163557011],[-122.09006398030576,47.654685628057315],[-122.08986206870402,47.654982993972943],[-122.08970727646823,47.655293000892719],[-122.08965515995752,47.655430716711891],[-122.08928569051952,47.656094099124708],[-122.08889980136927,47.656625633224643],[-122.08879996215883,47.656726188817828],[-122.08868514734006,47.656819154741356],[-122.08855651016016,47.656903514098104],[-122.08841556355377,47.656978300866726],[-122.08826382747333,47.657042738731505],[-122.08810294206008,47.657096107315184],[-122.0879346726083,47.657137819472183],[-122.08776090481825,47.657167396168511],[-122.08758344896053,47.657184551902276],[-122.08740435808379,47.657189105822184],[-122.08722552529095,47.657180960220323],[-122.08704897135352,47.657160236045328],[-122.08704326945451,47.657159355584916],[-122.0864577127262,47.657081067132836],[-122.08645002680532,47.657451238662688],[-122.08718279443796,47.657644187196517],[-122.08727601652663,47.657871074044316],[-122.08728497876039,47.65812218177885],[-122.08738112734896,47.658411818336006],[-122.08732367147398,47.658719833743902],[-122.08722886205568,47.658956794411232],[-122.08696000707542,47.659533717273234],[-122.08682000188499,47.659958329293005],[-122.086591837355,47.660243936763813],[-122.08661126372787,47.660450655889839],[-122.08654170050872,47.660815492617985],[-122.08643345343474,47.661049998444319],[-122.08629208360193,47.661329454856023],[-122.08612634554105,47.661519577915222],[-122.08602845529816,47.661769773923808],[-122.08599902724877,47.661893652350493],[-122.08584522905139,47.6620634348726],[-122.08490894740837,47.662552851854443],[-122.08444151237781,47.662876645829613],[-122.08414211429115,47.66300539540412],[-122.08356309252491,47.663108388524314],[-122.08339338938383,47.663115694292586],[-122.08295686441413,47.663251322479319],[-122.08250333949975,47.66324638904338],[-122.08183189489819,47.663410030784689],[-122.08158397310115,47.663581217532219],[-122.0814467376012,47.663657327533855],[-122.08117124487318,47.6637104628158],[-122.08080867965759,47.663752255315472],[-122.08026658162026,47.663742549591163],[-122.07962159948943,47.663909427237321],[-122.07935690168604,47.664019306965393],[-122.07913256399719,47.664300589350717],[-122.07903992129962,47.664527659547559],[-122.07907109525087,47.664791444245019],[-122.0790840491064,47.665156699708447],[-122.07917391232702,47.665462052829646],[-122.07938696919138,47.665770694752403],[-122.0794859110684,47.666099078095876],[-122.07960907864388,47.666288997033398],[-122.08048549329675,47.667399668854458],[-122.08057316988936,47.667552735807689],[-122.08074418449063,47.667875824588954],[-122.08081285602964,47.668284956837738],[-122.08093082349792,47.668522649172985],[-122.08125507023279,47.668962366555597],[-122.08136471757742,47.669272487857157],[-122.08145117246066,47.669724549600559],[-122.08171545540502,47.670363688800975],[-122.08171720740464,47.671259648904154],[-122.08228980515969,47.671256734686182],[-122.08229363176596,47.671784898904718],[-122.08209667798729,47.671762452598493],[-122.0821708148351,47.672890387093673],[-122.08120573696984,47.672912365800606],[-122.08122589418984,47.673076597945204],[-122.07936341735578,47.67309078533394],[-122.07938168501482,47.67487055475317],[-122.08183649301722,47.674849020038266],[-122.08242430498281,47.674947495933786],[-122.08449535613246,47.675305981117809],[-122.08596793442439,47.675585214152655],[-122.08656409900763,47.675742317020429],[-122.08730626618079,47.675970761810952],[-122.08730134452358,47.676366990559515],[-122.08730063284445,47.67641560048996],[-122.08721929689254,47.676389884613563],[-122.08695691205811,47.676306865261765],[-122.08648074081133,47.676165169904635],[-122.08639959516671,47.676141032208761],[-122.08631858388598,47.676119972536839],[-122.08586952277201,47.676003312052153],[-122.08577720506565,47.675979318457543],[-122.08570750342065,47.675965877403037],[-122.08433732284031,47.675701781053974],[-122.08228001634998,47.675345663095115],[-122.08173155719908,47.675264633581051],[-122.08177115619166,47.678472746852542],[-122.08413161830286,47.678496174304939],[-122.08411819675729,47.679060973630705],[-122.08423568522429,47.682560287752743],[-122.07961101179016,47.682611053031636],[-122.08011899092674,47.683523584852246],[-122.08135693371715,47.683499919532693],[-122.08127380182721,47.684682070770393],[-122.08429132540337,47.68469336525645],[-122.08431904403497,47.684230632433277],[-122.08688405067815,47.684245198022005],[-122.08687178439794,47.685778314918409],[-122.08994747790592,47.685789573287131],[-122.09002801270249,47.68578984776957],[-122.09002792183033,47.685836952292775],[-122.09002503703682,47.687085141879344],[-122.08829897113145,47.687091369003653],[-122.0883132058409,47.689484264918555],[-122.08865095196464,47.689433858406836],[-122.08915720714204,47.689334438392585],[-122.08956453344655,47.689226255734248],[-122.08992301154487,47.689068829614527],[-122.09000181967107,47.689169319368823],[-122.09015406767364,47.689476862665366],[-122.09035567103369,47.68968037315031],[-122.09054937218494,47.689845532789313],[-122.09082447984676,47.689977995693631],[-122.0909844646724,47.690032683930269],[-122.09151033501398,47.69004013679627],[-122.09159012365625,47.690041260588224],[-122.09158562250701,47.690087583191364],[-122.09155769023893,47.690375035502584],[-122.09157762072529,47.690717458847374],[-122.09165043135927,47.691056618697708],[-122.09177533104425,47.691388791030072],[-122.09195100266552,47.691710306597656],[-122.09213629325878,47.691964562961118],[-122.092166733474,47.692006297671384],[-122.09221896056054,47.692072864702013],[-122.09230789063825,47.69218618386833],[-122.09241262171321,47.69236200511687],[-122.09248958572795,47.692544263843658],[-122.09249794802429,47.692569777458658],[-122.09267784833634,47.693846562704273],[-122.09274452587351,47.694398181980453],[-122.09299618544725,47.696517842519079],[-122.09289257260633,47.69853475371302],[-122.09273784724324,47.699458689109136],[-122.09270799138702,47.699515704998902],[-122.09268475498439,47.699638773241709],[-122.09052719245484,47.699521257151737],[-122.09051713330149,47.699892369224195],[-122.090635099476,47.699970116580161],[-122.09089168478386,47.700350312248275],[-122.09089288351733,47.700417762529646],[-122.09079456621468,47.700508505688447],[-122.09053457389113,47.700686989187219],[-122.09047741393307,47.70134234920927],[-122.09088089825163,47.701346343515134],[-122.0908505659456,47.701838968764733],[-122.09061037441771,47.701818388134825],[-122.09106853842512,47.702809954518251],[-122.09109003674133,47.702856481291953],[-122.0911726082475,47.703035180838924],[-122.09269531632698,47.703156563860574],[-122.09269102818755,47.703495873603011],[-122.09285169068227,47.703504625689703],[-122.09516175711859,47.703630442177143],[-122.09961766219253,47.703873000132432],[-122.0994952272692,47.710847227905845],[-122.11008311004321,47.710976762027727],[-122.11065149200333,47.71096998229131],[-122.11077596174877,47.710968496837275],[-122.1124928118568,47.710948000188061],[-122.11379448984829,47.710970599450391],[-122.11376121260726,47.710458206416746],[-122.11402959058245,47.710456787992392],[-122.11441500545304,47.710454749558224],[-122.11441304806131,47.71037707368005],[-122.11441047576989,47.710274993084383],[-122.11473268386197,47.710275634824477],[-122.1149840657241,47.710276135615175],[-122.11498836628877,47.710512759575195],[-122.11601069378356,47.710537645658327],[-122.11634435625257,47.710545765783529],[-122.11634237282848,47.710663201720173],[-122.11631883986477,47.712056925879423],[-122.11702870213273,47.711839737956893],[-122.11730124898492,47.711769308991059],[-122.11854935314815,47.711446774157231],[-122.1204349451767,47.711152182848977],[-122.12176016681559,47.711031275038479],[-122.12263570910304,47.710973267498808],[-122.12341201184573,47.710966794418439],[-122.12389934709564,47.710943227449285],[-122.12636355098876,47.710970343183618],[-122.12636515140721,47.711019058412177],[-122.12637202650637,47.711228278606733],[-122.12637526843397,47.711326921900508],[-122.12900533170355,47.711368081354784],[-122.13220536461975,47.711417284916045],[-122.13219385714009,47.711042011725176],[-122.13218405014197,47.710218279032389],[-122.13220481327306,47.709383690164742],[-122.13214931218864,47.708581452665861],[-122.13214653801751,47.707987053684796],[-122.13215029379795,47.70758702194378],[-122.13430201067104,47.707607517235736],[-122.13441130257466,47.707108565887793],[-122.13444505735653,47.70684581067006],[-122.13444045061061,47.706503019134963],[-122.13435965932035,47.706084791467738],[-122.13426765100687,47.705828461890235],[-122.1340595950288,47.705389065827482],[-122.13373191925608,47.704706403861167],[-122.13358767863701,47.704362463822484],[-122.13353245738544,47.704048725606889],[-122.1335261872089,47.703907007519803],[-122.14286362771013,47.703974995198351],[-122.14273310547119,47.707678988854703],[-122.15349612688064,47.707841361127791],[-122.15378181240573,47.709319653854216],[-122.15385142289698,47.709767093569248],[-122.15388343166283,47.710260645990978],[-122.15386530839413,47.710795714780843],[-122.15380740263076,47.711246946863362],[-122.15415800835741,47.711251155530398],[-122.15465150481535,47.711254864516413],[-122.15534677034633,47.711258964989341],[-122.1559532156748,47.7112829380264],[-122.15631572352552,47.711314643028174],[-122.15640070662141,47.711322086242021],[-122.15647755266893,47.71133469276716],[-122.15752955148832,47.711507331714493],[-122.15776443680893,47.711550861183461],[-122.15792185437243,47.711568168665927],[-122.15808108003426,47.711574291018522],[-122.15824037637114,47.711569162038202],[-122.15839800714788,47.711552796469746],[-122.15855223940822,47.711525399715853],[-122.15870142752233,47.711487284788483],[-122.15882667535821,47.711444690874295],[-122.15890421798781,47.711415092816573],[-122.15898703886248,47.711387138723737],[-122.16304936460925,47.711335593023712],[-122.16308166291878,47.707897295963349],[-122.16423632012486,47.707903907257318],[-122.16430576517094,47.704323352046082],[-122.16453432356177,47.696944737335627],[-122.16485884725525,47.690148060360471],[-122.16484385452151,47.689332109800574],[-122.1646074446691,47.687648325091608],[-122.16460742678963,47.687648221901817],[-122.16458164699057,47.687481555107588],[-122.16429298317652,47.685424309671362],[-122.16407928852263,47.684240980549482],[-122.163856859989,47.682605925268902],[-122.16381140692603,47.679777441368223],[-122.16373889678457,47.679390395651275],[-122.16376092255604,47.678879893809224],[-122.16380465346627,47.678444359083151],[-122.16378962800179,47.675483223752231],[-122.16379047426486,47.675196072102857],[-122.16382889592012,47.671952403997423],[-122.16387331572051,47.668183181084814],[-122.16390934851614,47.666500836005156],[-122.16169932151004,47.666467206109814],[-122.16174248643668,47.665495127467871],[-122.15865705979208,47.665463195700454],[-122.15876693381173,47.660657696955823],[-122.15327371957848,47.660567207053326],[-122.14328487624606,47.660645639811342],[-122.14330151588771,47.652606573679464],[-122.14296487204781,47.645935639819619],[-122.14306486908403,47.631485638666511],[-122.14310528219046,47.627383081286894],[-122.14060956651296,47.627864099334914],[-122.1377787886035,47.627859608841227],[-122.137696276954,47.627859488901379],[-122.13761796822202,47.627881787579533],[-122.13715605609835,47.628013245234278],[-122.1366407610717,47.628205017347028],[-122.13615791903342,47.628432128204494],[-122.13571288627217,47.628692132809967],[-122.13543169036915,47.628892522328613],[-122.13535295725987,47.628948610225891],[-122.13529466253409,47.629002672780523],[-122.13510479640597,47.629178692822521],[-122.13489270701419,47.629426073904682],[-122.13472000623811,47.62968704517197],[-122.13458861954544,47.629958811947958],[-122.13451049420797,47.63020511577804],[-122.13449497811969,47.630259852286294],[-122.13448356885704,47.630314336056514],[-122.13432761891596,47.631059231271756],[-122.13431605956421,47.631114343179028],[-122.13430855279246,47.631168385437675],[-122.13429766283477,47.631246679810438],[-122.13425875967913,47.63137747221446],[-122.13419979975683,47.631504810651798],[-122.13412152125542,47.631627297666952],[-122.13402470586286,47.631743564872721],[-122.13391041799858,47.631852349659894],[-122.13377996762858,47.63195249752021],[-122.13374329631664,47.631977139277019],[-122.13341641911747,47.632184719633514],[-122.13308861636038,47.632381543631581],[-122.13273354815608,47.632586471620087],[-122.13273099013149,47.633477452089011],[-122.13240931622107,47.633484630048457],[-122.13234419621223,47.635452048569057],[-122.12940302598234,47.6354482126333],[-122.12939422152024,47.635541401303477],[-122.12804972301571,47.63556062842629],[-122.12712114265329,47.636016282565016],[-122.12629729222323,47.636490046763896],[-122.12588895053148,47.63672486347825],[-122.12383631988631,47.637905172571692],[-122.12283304308671,47.638532285174264],[-122.12251038938552,47.6387879064796],[-122.12198595402018,47.639203386098302],[-122.12166267229544,47.638966823233062],[-122.12073615427069,47.63968663593478],[-122.11946374741409,47.640639758632716],[-122.11723414210091,47.642411937037259],[-122.11585028897686,47.643507951948223],[-122.11494452716934,47.644305598974718],[-122.11449925403036,47.644765129028137],[-122.1145332111075,47.644780152680603],[-122.11434807615531,47.644974203015934],[-122.11415288584686,47.645195668408142],[-122.11403965136371,47.645380054058791],[-122.11396080392056,47.645585412300264],[-122.11392604435315,47.645825878212776],[-122.11392064932204,47.645968602201968],[-122.11090779889459,47.645974338007733],[-122.11062758286191,47.645981200970354],[-122.11063690322565,47.6440873156441],[-122.11059637852023,47.642330968537308],[-122.11058466493039,47.638602469646827],[-122.11098198805753,47.638597561550448],[-122.11122296067416,47.627592702661794],[-122.07931799366322,47.62753537123492],[-122.07930876723093,47.628916797685314],[-122.07953119117438,47.630545652363431],[-122.08000432642822,47.632149842305502],[-122.08072292601899,47.633711805253931],[-122.08167920545206,47.635214435599835],[-122.08286265081396,47.636641245520345],[-122.08426037927438,47.637976614049357],[-122.08585698044165,47.6392058903239],[-122.08648854586505,47.639709117957793],[-122.08886047135678,47.641361177994789],[-122.08893762268025,47.64141491196294],[-122.08901934248429,47.641462586564487],[-122.08934031616629,47.641649845910315],[-122.09240071311177,47.643658672150139],[-122.09248197533384,47.643712015790342],[-122.09255454262971,47.643766138278785],[-122.09353511569722,47.644497600332983],[-122.09712796483207,47.647564546411999],[-122.09719159375928,47.647618875621149],[-122.09725952407408,47.647672460493567],[-122.09816753125702,47.648388943048985],[-122.09959452348974,47.649325307984853],[-122.10115857102703,47.650155742504801],[-122.10284252995611,47.650871120718072],[-122.10632464604478,47.652192401980798],[-122.10684373311484,47.652400600411504],[-122.10809238915954,47.652901421625621],[-122.10873558839869,47.653159392132771],[-122.11070635523289,47.653906360447429],[-122.11084199072378,47.653875903712731],[-122.11095918486828,47.653849588168022],[-122.11142375702913,47.654035533452443],[-122.11165894628647,47.654125106065592],[-122.11184660426684,47.654215334584464],[-122.1120456887495,47.654333963884426],[-122.11215940684579,47.654425213050125],[-122.11222977690618,47.654492638860582],[-122.11230632515614,47.654565982691665],[-122.11244925955998,47.654749647756901],[-122.11258173921119,47.654937026376523],[-122.11282320858892,47.655295645591082],[-122.11300231783196,47.655549978388336],[-122.11308637986043,47.655663332888473],[-122.11318226806745,47.655792630700581],[-122.11343120976586,47.656103347533822],[-122.1136507539462,47.656329178610257],[-122.1139103525519,47.656550069422138],[-122.11424090828991,47.656784728755987],[-122.11459914880169,47.656982073535254],[-122.11507452392573,47.657212587366196],[-122.11515331813573,47.657249475790884],[-122.11566870603562,47.65703381662081],[-122.11863716696649,47.655791616087001],[-122.11885774833983,47.656024292958641]]],[[[-122.08005739574355,47.692175123423588],[-122.07999770152817,47.692222269316602],[-122.07976648325621,47.692437001223027],[-122.07956978767756,47.692666875645862],[-122.07940974911013,47.69290936869902],[-122.0792881357074,47.693161824704632],[-122.07920627286254,47.693421479707958],[-122.07916507881988,47.693685495169639],[-122.07906211119028,47.699720121914567],[-122.08420908273375,47.699726290443387],[-122.08428979356519,47.699726403970033],[-122.08429153739355,47.699672122869821],[-122.08453322647931,47.692155027304544],[-122.0802077840643,47.692120383984367],[-122.08012751696411,47.692119747279293],[-122.08005739574355,47.692175123423588]]],[[[-122.05740808657973,47.694751120517282],[-122.04644322579243,47.694538701121175],[-122.04672726542971,47.70190788946752],[-122.03601327206185,47.70167439788726],[-122.03528225018091,47.712299084227105],[-122.03463142317359,47.716652966718684],[-122.05640548133216,47.717026858214304],[-122.05743997454691,47.702054076194358],[-122.05740808657973,47.694751120517282]]]]},"properties":{"CityName":"Redmond"}},{"type":"Feature","geometry":{"type":"MultiPolygon","coordinates":[[[[-122.19219461770082,47.536614036965481],[-122.19219478318198,47.536668438244149],[-122.19219676434588,47.537360726701472],[-122.19324058817318,47.537732951322347],[-122.19300203605995,47.538131890395341],[-122.19280794471335,47.538422179559007],[-122.19281128784088,47.538594704840065],[-122.19284834595959,47.538739271050943],[-122.19412624844306,47.538729619343968],[-122.19428956468224,47.539759666936249],[-122.19443903346117,47.539758668196612],[-122.19648984679286,47.539744923005657],[-122.19659383011464,47.538740973933628],[-122.20578497278535,47.532827964766184],[-122.20595153880359,47.52904897307976],[-122.21050722592312,47.520157380978723],[-122.21118014375548,47.520071033212034],[-122.21222411973827,47.518454162157745],[-122.20546212333996,47.513164835710796],[-122.20223328681062,47.506388693967494],[-122.21061979617643,47.501364222560923],[-122.21848596804601,47.500745039814177],[-122.21908897725766,47.500606235251595],[-122.21930471446284,47.500556574249124],[-122.21883931899909,47.500214291091041],[-122.21864516541207,47.500071494974186],[-122.21902019511774,47.499820159131303],[-122.21937183668514,47.499302114601086],[-122.21953099055597,47.498305705200707],[-122.21973711706083,47.498240425771847],[-122.21997364945035,47.498165516912572],[-122.21985141707914,47.498105231174293],[-122.21977214655334,47.498066135054536],[-122.21961227385586,47.497955744454359],[-122.21994290670433,47.497839396951207],[-122.2199314190876,47.497787593322009],[-122.21991931854694,47.4977331601809],[-122.2200016236884,47.497733661077163],[-122.22091210386152,47.497739399894712],[-122.22122077765785,47.497741344382511],[-122.22122853160091,47.497486700825846],[-122.22148890199064,47.497487243130223],[-122.22149713508401,47.497270306972169],[-122.22150197451055,47.497142781544113],[-122.22168267358053,47.497144625219043],[-122.22207664993448,47.497148643780989],[-122.22208206604566,47.496905987819787],[-122.22208374177379,47.496830898233348],[-122.2222021972192,47.496832107645744],[-122.22260143250382,47.496836183310265],[-122.22261421351378,47.496588628678929],[-122.2226177690512,47.496520363606422],[-122.22261811196267,47.496479561869663],[-122.22262418667424,47.495787735925248],[-122.22215554811852,47.495781490365658],[-122.22214759924739,47.495482058473449],[-122.2199720263887,47.495442749187305],[-122.21982643066309,47.494914963829864],[-122.21981555300229,47.494875534322524],[-122.22000121321258,47.494870588844179],[-122.22023066080138,47.494864476685827],[-122.22021696801635,47.494349444953983],[-122.21983086147242,47.494352277005518],[-122.21980233243724,47.493601512290944],[-122.21979247832405,47.493342196990334],[-122.22282823482307,47.493326068321643],[-122.22278210608424,47.490930319330005],[-122.22289809987035,47.490931206243836],[-122.2272396275773,47.490964313232858],[-122.22724029106931,47.490889796949084],[-122.22725357369869,47.489399098107008],[-122.22725461725456,47.489281961150539],[-122.22646166143696,47.48927595705333],[-122.22635453421475,47.489275145501246],[-122.22634692408333,47.488901048234467],[-122.22634545494331,47.488828844082413],[-122.22534162508009,47.488821143619951],[-122.22530156047327,47.488820836302899],[-122.22530582390006,47.488290456472733],[-122.22534008548833,47.488290681606173],[-122.22721517099728,47.488302973293365],[-122.22722680614181,47.488166169887954],[-122.22724883357029,47.487907173334492],[-122.22571953511985,47.487895973171504],[-122.2257193512915,47.487842588864744],[-122.22571710792015,47.487193498720352],[-122.22571690592939,47.487135193744578],[-122.22615748100442,47.487138171579453],[-122.22648852133075,47.487140408093531],[-122.22649751579661,47.487023663148385],[-122.22650628603029,47.486909838991892],[-122.22723109055545,47.486912942483677],[-122.22723768445836,47.486538507074336],[-122.22723867235004,47.486482411855462],[-122.23124402703557,47.486556331212128],[-122.23324610415956,47.486565450318388],[-122.23323446177206,47.486464087903407],[-122.23324911644158,47.484664688359238],[-122.23321741088441,47.484435448278035],[-122.23312861961402,47.484227136377271],[-122.23192251279235,47.483287102530369],[-122.23144197442456,47.482898523663962],[-122.23155356504517,47.482561333025082],[-122.23240139206095,47.480620234736151],[-122.23332396112333,47.480787323198733],[-122.23338555046395,47.480714550710239],[-122.23358526830233,47.48047856741551],[-122.23366206932042,47.480509924541856],[-122.23429254644209,47.480767343167322],[-122.2349051277897,47.480952334736749],[-122.23538999492861,47.481098755131377],[-122.23563844960717,47.481173781955491],[-122.23710981830737,47.481421998758741],[-122.23860378275792,47.481512907180303],[-122.24058152504394,47.481355022286728],[-122.24179252117997,47.481448513796003],[-122.24285062272052,47.481613233513059],[-122.245511726855,47.482235081114901],[-122.24551162687609,47.482230108577383],[-122.24549638776796,47.481476069143078],[-122.24559174324637,47.481471133428286],[-122.24570199636025,47.481465427109882],[-122.24569666675431,47.481096273903972],[-122.2456859362716,47.480353014130245],[-122.24582414876696,47.480351729890778],[-122.24823229778949,47.480329328571528],[-122.24822520496367,47.480094561056127],[-122.24960053593911,47.480093036631501],[-122.2496022902632,47.480147902002088],[-122.2514874539562,47.479661665057499],[-122.25242306144253,47.479421511130454],[-122.25364773210445,47.479675784143673],[-122.25376270116136,47.479420472202875],[-122.25376970318018,47.47940491819142],[-122.25346904846197,47.478998323924642],[-122.25439244768701,47.478973440375619],[-122.25447174325217,47.47897131154626],[-122.2544313048118,47.47891863901382],[-122.25437648993534,47.478847289241159],[-122.25425687198201,47.478695641379261],[-122.25413305558831,47.478547132540967],[-122.25400499487782,47.478399676262214],[-122.25387429560932,47.478252789507771],[-122.25381819080444,47.47819320539908],[-122.25130991019856,47.475430575990394],[-122.25124418783659,47.475358129484832],[-122.25121740796817,47.47532239267661],[-122.2511112315827,47.475180558422146],[-122.25058827579755,47.474748603852724],[-122.2505228470996,47.474694555383095],[-122.25046180628773,47.474640741321849],[-122.25004715952943,47.474275217797647],[-122.2499921383845,47.474226713412975],[-122.24992872917952,47.474167274228549],[-122.24599946454356,47.470482903939974],[-122.24594188642793,47.470428915914553],[-122.24588040617013,47.470374963044378],[-122.24286061074167,47.467563441071107],[-122.24272286757385,47.467439611503629],[-122.24258696717813,47.467311486309718],[-122.24245531771399,47.467182694518115],[-122.24232447152946,47.467051581189544],[-122.24219807656556,47.466918456931282],[-122.2420767161464,47.466785427155649],[-122.2419562344966,47.466650153903707],[-122.24184021836213,47.466512739995423],[-122.24172877696849,47.466375032552172],[-122.24161957705101,47.466234884919096],[-122.24151552300506,47.466094954307302],[-122.24141334277842,47.465953679381883],[-122.24131486895736,47.465809362990747],[-122.24122159662083,47.465665385168741],[-122.24115523452916,47.465558152019071],[-122.24115041433419,47.465550315513759],[-122.24109070227223,47.46544969942304],[-122.24095329176373,47.465218262241592],[-122.24089848944494,47.465125971521552],[-122.24088968355011,47.46510980559313],[-122.24085912569495,47.465053654527566],[-122.24079889423746,47.464935702935897],[-122.24074210350425,47.464818295366854],[-122.24068724024553,47.464699041659756],[-122.24063647792259,47.464579830002435],[-122.24058797731037,47.46445917834324],[-122.2405436653722,47.464338820225656],[-122.24050172130738,47.464218328589837],[-122.24046257964393,47.464097155355915],[-122.24042661155154,47.463973987804835],[-122.24039505182161,47.463851793342023],[-122.24036561807942,47.463729902613714],[-122.24033929615277,47.463606241608133],[-122.24031615989931,47.463483365979258],[-122.2402960098387,47.463359100701695],[-122.2402802871635,47.463234929296299],[-122.24026660218608,47.463112102029825],[-122.24025604519954,47.462987311728426],[-122.24024976089331,47.462862592426987],[-122.24024551373844,47.462739161496806],[-122.24024444530414,47.462614553952363],[-122.24024754649827,47.462490644195363],[-122.24091238979997,47.441986593293819],[-122.24092716764734,47.441127257887047],[-122.24092811638459,47.441072340311244],[-122.2328568021865,47.44099507886768],[-122.23277633129504,47.440994321702512],[-122.23269618258367,47.441001547584889],[-122.22983680881507,47.440933383916615],[-122.22274501196412,47.440852761777826],[-122.21559331399864,47.440932372188442],[-122.21551299489549,47.440933266065549],[-122.21552950766089,47.440869478384656],[-122.21554135805947,47.440830795477211],[-122.21558417451141,47.440739973270034],[-122.215640724499,47.440652704330176],[-122.21571042722782,47.440569900444316],[-122.21578116260737,47.440503219842078],[-122.2158604831381,47.440449830542462],[-122.21593100259456,47.440394662074603],[-122.21648288676819,47.439963050712265],[-122.21669177382641,47.439771618081359],[-122.21675185084327,47.439716543013958],[-122.21679428761408,47.439661628585696],[-122.21747985292015,47.438837234388579],[-122.21807183221794,47.437910458215818],[-122.21814668594129,47.437769478813955],[-122.21817552527888,47.437705583074212],[-122.21819065800946,47.437660020335841],[-122.21857274844635,47.436255545768525],[-122.22011634615137,47.430130750532633],[-122.22012755922457,47.430076086999435],[-122.22004976448086,47.430075899712726],[-122.21795520871862,47.430070939365223],[-122.21787476354558,47.43007074391965],[-122.21787479107819,47.430013078335676],[-122.21787625490057,47.423232762404297],[-122.2074799031405,47.423246730231405],[-122.20747792960563,47.423155365609965],[-122.20281492359246,47.423175918614817],[-122.20102908245751,47.423182523607984],[-122.19739274358173,47.423195886782544],[-122.19737883521826,47.430175232261448],[-122.19737856987776,47.430308650308085],[-122.19737826435335,47.43046165939856],[-122.17713176074973,47.430444636526516],[-122.17580211710239,47.430643137701857],[-122.17566334236911,47.430435695675747],[-122.17416484803168,47.430457290935408],[-122.17409722163445,47.430900673326185],[-122.17409167036217,47.430937071339784],[-122.17409645823291,47.431090122947907],[-122.17409756305001,47.431125439988996],[-122.17410102609486,47.431236140812295],[-122.17451614835171,47.4332340147594],[-122.17451631683065,47.433234822897745],[-122.1737229547922,47.433246250245219],[-122.17374727559037,47.434023829548572],[-122.17218826002701,47.437756387303118],[-122.1700274332068,47.437757532735674],[-122.16761713443624,47.439223776313568],[-122.16695462470985,47.439626773784596],[-122.16902806101567,47.441063112299389],[-122.16903786263383,47.441062971569977],[-122.17021827928397,47.441046017368137],[-122.17021365280235,47.44136401663053],[-122.17020663981204,47.441846041794555],[-122.17015038019976,47.445712266098781],[-122.17014816948424,47.445864175801695],[-122.16930011386867,47.4456604518546],[-122.16842031754069,47.445506878773635],[-122.16771803714065,47.445433853547591],[-122.16710543807905,47.445430768407903],[-122.16625090469475,47.445526120058133],[-122.16576407622604,47.445628069651562],[-122.16506992407858,47.445816088388391],[-122.16367493905977,47.446196351532656],[-122.16265765637641,47.446467937152313],[-122.16203087260611,47.44657187232557],[-122.16204087846013,47.446607898530388],[-122.1621491000415,47.446997560354816],[-122.16205446623655,47.447331317645521],[-122.16212220265194,47.447325603767737],[-122.16205238469598,47.447652046753177],[-122.16204517742152,47.447685746105549],[-122.16205824131835,47.447710575985141],[-122.16213892775687,47.447863925944716],[-122.16228420145197,47.448280730067395],[-122.16229070637247,47.448490077599061],[-122.16226241620311,47.448999123558629],[-122.16222297304395,47.449149287048989],[-122.16266293324649,47.449113076565943],[-122.16267222824727,47.449412143680291],[-122.16266924055157,47.449412665903878],[-122.16204008165209,47.449522625031634],[-122.16192642860123,47.449542487664651],[-122.16192492632376,47.44953340588912],[-122.16181781154678,47.448885798467579],[-122.16179052998011,47.448886188414747],[-122.16170397529666,47.448887425535688],[-122.16150919045772,47.448890209347915],[-122.16160758568154,47.449217924481189],[-122.16088736442218,47.449329781520454],[-122.16039482381571,47.449406274423744],[-122.16033457418962,47.449415630846012],[-122.1605763719719,47.450100338474236],[-122.16046116569163,47.450244034574915],[-122.16040650983109,47.450312204676194],[-122.16042784894769,47.45034889675334],[-122.16076416988918,47.450927165812622],[-122.16087247925327,47.451113389780552],[-122.16119504386847,47.451557581483989],[-122.1613301034306,47.451645412084801],[-122.16149810705296,47.451373731291888],[-122.16155576743193,47.451423652093432],[-122.16163409559512,47.451491467788784],[-122.16220727628505,47.451483274903708],[-122.16257192161866,47.451453264198662],[-122.16264725433753,47.451447063636934],[-122.16335828677435,47.45161641448702],[-122.16335502081458,47.451623560103478],[-122.16329474887506,47.451755410458105],[-122.16323438358492,47.451887467218029],[-122.16354767202294,47.452032585558904],[-122.16376868977521,47.451946662676363],[-122.1640270939627,47.451846204429458],[-122.16425439975323,47.45184295106457],[-122.16460027808623,47.451837999750481],[-122.16453837681864,47.455519047873082],[-122.16976499031844,47.455576351919326],[-122.16974887936188,47.456000898415446],[-122.16446638535939,47.455921973601797],[-122.16354738628196,47.45590658543496],[-122.16353465490789,47.455976468126913],[-122.16348489631753,47.456043641907357],[-122.16338767143014,47.456154081660713],[-122.16317032753916,47.456400073699726],[-122.16308217626499,47.456490876085716],[-122.16297370191576,47.456572182114222],[-122.16264688262483,47.45665095256593],[-122.1629449602449,47.457018123000886],[-122.16300525074168,47.457099922954704],[-122.16317177118718,47.457357561161572],[-122.16336048210391,47.457550072421867],[-122.16380054118621,47.457784169662766],[-122.16431611120527,47.45787938575026],[-122.16428898434472,47.459601941150403],[-122.16437182239136,47.45960335004596],[-122.16431790975652,47.463303338052789],[-122.1642846972224,47.465949153638796],[-122.16428403015166,47.466002746863708],[-122.16424036736723,47.46598053228621],[-122.16411632538512,47.465917421703345],[-122.16337467270786,47.465769364789246],[-122.16312232680333,47.465718986952758],[-122.16186042682774,47.465981577167277],[-122.16125941970772,47.466319775345106],[-122.16082884479921,47.466768333578351],[-122.16054742466233,47.466668109383797],[-122.16037670572132,47.466607309395314],[-122.16034388153075,47.466597612379843],[-122.16020529440571,47.466556672068087],[-122.16020026935864,47.466555187470455],[-122.16029291203883,47.466690113057247],[-122.16014620107873,47.466853008527025],[-122.16014412991449,47.466855308712432],[-122.16008327452904,47.46684001582863],[-122.15963368694096,47.466938391486252],[-122.15890102527385,47.467050527252852],[-122.15890198855014,47.466867697098785],[-122.15891283087404,47.465895266933778],[-122.15891650038512,47.465413573839292],[-122.15676959261997,47.463241769190127],[-122.15484597249012,47.463244488377981],[-122.15484393444348,47.463242288139334],[-122.15465916327007,47.463042813012947],[-122.15464947818835,47.463032357877267],[-122.1546471677362,47.463022209837227],[-122.15460756308035,47.4628482962002],[-122.15460412434487,47.462833193852887],[-122.15464676448438,47.46263300544549],[-122.15469221543214,47.462438267342222],[-122.1547490358216,47.46223936684563],[-122.15481803399926,47.462041468805552],[-122.15482135298021,47.462031949553989],[-122.15482487542249,47.46202184625723],[-122.15497310122652,47.461707572157408],[-122.15523429136755,47.461112416748485],[-122.15550388144079,47.460745371984792],[-122.15544460418235,47.460453064177202],[-122.15597182997151,47.45989878673528],[-122.15597322058285,47.459897772859236],[-122.15638535192842,47.459597515352684],[-122.1563849566146,47.459597514686187],[-122.15374927491554,47.459596000109514],[-122.15377293384766,47.459046301985111],[-122.15353699278489,47.459027721016895],[-122.15321541368579,47.459028884643608],[-122.15290409815992,47.459029983358768],[-122.1526041383329,47.459031031411342],[-122.15230701901689,47.459032182267642],[-122.15200303360128,47.459033796049681],[-122.15170001882991,47.45903539884862],[-122.15139676134693,47.459037002505383],[-122.1511413162298,47.459038338519257],[-122.15113910138237,47.459038350176215],[-122.15111649606516,47.459605824066671],[-122.15111641092292,47.459607964555019],[-122.14715637314643,47.459626735152689],[-122.14715611583755,47.459626736098492],[-122.14690133183821,47.459884758527672],[-122.14686934638247,47.459931895961155],[-122.14669158346204,47.460193863992991],[-122.14663879229983,47.460271662353556],[-122.14663377126855,47.460285916726363],[-122.14648684500202,47.460703022021875],[-122.14647209631597,47.460744889141559],[-122.14646822196558,47.460794413622132],[-122.14644324781112,47.461113598429129],[-122.14652720624314,47.461570658121289],[-122.14654142451985,47.461648062652742],[-122.14655536099741,47.461673611296852],[-122.14681567529136,47.462150841993385],[-122.14684792823962,47.462209969183981],[-122.14689705662616,47.46225700141288],[-122.14738885769292,47.462727809133945],[-122.14743952062648,47.462776308254341],[-122.14749405545503,47.462803002612631],[-122.14815805265575,47.463128019108673],[-122.1492102448732,47.463365070050877],[-122.15009555124252,47.463504888150887],[-122.15047591837052,47.463657714213809],[-122.15110730733164,47.463971237285541],[-122.15116856583849,47.464001155856224],[-122.15143087863424,47.464129265711762],[-122.15147441617167,47.464150528711258],[-122.15176181165664,47.464315679382558],[-122.15268509627411,47.464846228140146],[-122.15326592521183,47.46513321256203],[-122.15359743007301,47.465274722377792],[-122.15388971836421,47.465399357196972],[-122.15431988489046,47.465582784474037],[-122.15432221870931,47.465583779532274],[-122.15430420955991,47.465588408712641],[-122.15416703535267,47.465623659855453],[-122.15413600230413,47.465518735173823],[-122.15413339530737,47.465517657634607],[-122.15359563805214,47.465538212481718],[-122.15329297797479,47.465549779751029],[-122.15328996608494,47.465549894535897],[-122.15332377457455,47.465672556276409],[-122.15332601894735,47.465680700035314],[-122.15331051359797,47.465661702067429],[-122.15329678423971,47.465644880198674],[-122.15326467666381,47.465624184971389],[-122.15325158996953,47.465615749131523],[-122.1532008070178,47.465599762540101],[-122.15318961675874,47.465596240399385],[-122.15318487575105,47.465595952445256],[-122.15311956642995,47.46559199049581],[-122.15241894036883,47.465632870420713],[-122.15187708684486,47.465662593949553],[-122.1518744857518,47.465662737048135],[-122.15186839966574,47.46625477981636],[-122.15193634037834,47.466281288022095],[-122.15191085447749,47.466331379579479],[-122.1519134769588,47.466449522346032],[-122.15196028971918,47.46652752835324],[-122.15206228753173,47.466557989616199],[-122.15198374783877,47.466627428834592],[-122.15198109405226,47.466629775828842],[-122.15194620678136,47.466617146051554],[-122.15181299126729,47.466391081388949],[-122.15175797157075,47.466351799557863],[-122.15171200428381,47.466318979685909],[-122.15169199840102,47.466308972262567],[-122.15166565001383,47.466295792921827],[-122.15166949263114,47.465890142690625],[-122.15147124728621,47.465930010181104],[-122.15104880991075,47.46588059468143],[-122.15104664631866,47.465880342019062],[-122.15104551174109,47.466004477364848],[-122.15104549272242,47.466006611510529],[-122.1508170582953,47.466007399153717],[-122.15076185455264,47.465825573523333],[-122.15076115900635,47.465823283092185],[-122.15074938400757,47.465811300086777],[-122.1507133714632,47.465774651029562],[-122.15060258764386,47.46573772095644],[-122.15049718383969,47.465727625371166],[-122.15045262455925,47.465652176786094],[-122.15043695960014,47.465625651875818],[-122.15042862264772,47.465614806634868],[-122.15035843718256,47.465523500797801],[-122.15021203676078,47.465433689293654],[-122.15021370548381,47.465429556195701],[-122.15023618204238,47.465373863551889],[-122.15023648165852,47.465369643726277],[-122.15024475399925,47.465253074478206],[-122.15024498983654,47.465249754268143],[-122.15023922503555,47.465245005159844],[-122.15018639834192,47.465201479504813],[-122.15017774908415,47.465194353168286],[-122.15015921038965,47.465188792133922],[-122.15010651066683,47.465172982538689],[-122.15010420085308,47.465172289325544],[-122.15009688259566,47.465172441738218],[-122.14989755281847,47.465176591242034],[-122.14988039731914,47.465176947969312],[-122.1498716895193,47.465183059308103],[-122.14975454045164,47.465265276772101],[-122.14960649117312,47.465317859332387],[-122.14937977133403,47.465312718431967],[-122.14914588138963,47.465246581739272],[-122.14913611051128,47.465243819047956],[-122.1491285638275,47.465244437038237],[-122.14902170879448,47.46525319044963],[-122.1488786665923,47.465298664328579],[-122.14886756936184,47.465302192500985],[-122.14886486432998,47.465304944975635],[-122.14879907783082,47.465371885642618],[-122.14879167787308,47.465379415033645],[-122.1487863466907,47.465407746464948],[-122.14878595114585,47.465409848163901],[-122.14818021504874,47.465412081026166],[-122.14821501526399,47.463513823115164],[-122.14821957892337,47.463264855950001],[-122.14778718012505,47.463267601747297],[-122.14778251131604,47.46326762561754],[-122.14760425150325,47.463268316019402],[-122.14672501430768,47.463271701090022],[-122.14672348095705,47.463271706608964],[-122.14660409229661,47.463477334224486],[-122.14667158639243,47.463613066258532],[-122.14664518184101,47.46373443319797],[-122.14664468559786,47.463736713539198],[-122.14647303793011,47.463737424613193],[-122.14619784651499,47.463624926058131],[-122.14589800925322,47.463644100745306],[-122.14565922964985,47.463764950015957],[-122.14555165917102,47.46374454954789],[-122.14541911478821,47.46361067108522],[-122.14531479622698,47.463497345964036],[-122.14511548276543,47.46338029617651],[-122.14483219969803,47.463349999207146],[-122.14463222339293,47.463381094039718],[-122.14460240341344,47.463279849034457],[-122.14282919899135,47.463286603389633],[-122.1429384832937,47.459646554613244],[-122.13239023631384,47.45949169454083],[-122.13238763525614,47.459491656385666],[-122.13236784716891,47.461346246888482],[-122.13236782731255,47.46134816063288],[-122.13211064755292,47.461375754775375],[-122.13185007934634,47.461403688265555],[-122.13161798082051,47.461428580483947],[-122.13144739505161,47.461428229034595],[-122.13116177803393,47.461427602593488],[-122.13067432157906,47.461426596967037],[-122.13023433527063,47.461425648932988],[-122.13002339035563,47.461425044317764],[-122.12976113960445,47.461424311820572],[-122.12948295667644,47.461423514100503],[-122.12925139508204,47.46142286860767],[-122.12870787775746,47.461557696313207],[-122.12827673056586,47.461663848380987],[-122.12803725479473,47.461722323659849],[-122.12733915976526,47.461892852385645],[-122.12694489675135,47.461932800335255],[-122.12655796443762,47.461974912314517],[-122.12606404588045,47.462028221223925],[-122.12563305317309,47.462075631314434],[-122.12500418026008,47.46214409578257],[-122.12454174930713,47.462193728607339],[-122.12397084025264,47.462255003115274],[-122.12395244128741,47.462254964972935],[-122.1239178097192,47.462254892613629],[-122.12388940798145,47.462254833109199],[-122.12314504737623,47.462167248713683],[-122.12314946614305,47.462030132175954],[-122.12173894147602,47.461862944850246],[-122.12092715480699,47.461883252343284],[-122.12089189728478,47.462819219247137],[-122.12088281930139,47.463113305903498],[-122.1210136953394,47.463529408201033],[-122.12167537208906,47.463560722354913],[-122.12191737560593,47.463572863019728],[-122.12224374595333,47.463589308557637],[-122.12262362348439,47.463609587427207],[-122.1230128588511,47.463633926622386],[-122.12364058132479,47.463676884669255],[-122.12416261311823,47.46371654482013],[-122.12482160211474,47.463769751663492],[-122.1253575995199,47.463819803306905],[-122.12576608397428,47.463860419735177],[-122.12619331139967,47.46390523559657],[-122.12661962813405,47.463950746335421],[-122.12701039730699,47.463996001667432],[-122.12733133602929,47.464034512423822],[-122.12764741639549,47.464072776333282],[-122.12920537866549,47.464281445866348],[-122.12984597081417,47.464371766858115],[-122.13045368227014,47.46446794386074],[-122.13129614285039,47.464606070880166],[-122.13233115064047,47.464783197045527],[-122.13297220001979,47.464878156301438],[-122.13311212930972,47.464898872339077],[-122.13522850779815,47.465223162026348],[-122.13722183278358,47.465533765279517],[-122.13734314254296,47.465552666586817],[-122.13738291117221,47.465558915825227],[-122.13745470892644,47.46557020170664],[-122.13753666352179,47.465583095170516],[-122.13767407948646,47.465604358426553],[-122.13800955528502,47.465669816869628],[-122.13878109241244,47.465786409626581],[-122.13983473647755,47.465938714281577],[-122.14041385117687,47.466028147680007],[-122.14092468901167,47.466107013991476],[-122.14159071804526,47.4662098662739],[-122.14242365837165,47.466338473229648],[-122.14265317037983,47.466374159686488],[-122.14264871613305,47.466391889103036],[-122.14262357911392,47.46649193330893],[-122.1426011354576,47.466551474193075],[-122.1424791149434,47.466874876605893],[-122.142463117099,47.466917350817766],[-122.14245896372729,47.466928379291055],[-122.14254581261169,47.466944452229065],[-122.14413655874316,47.467238775203548],[-122.14382095919972,47.46810258400965],[-122.14367554094476,47.468080677237744],[-122.14354590044763,47.468452047400689],[-122.14410963105668,47.468566538121451],[-122.14353427974781,47.47011560604286],[-122.14351572551134,47.470165560706064],[-122.14416572687468,47.470473182439036],[-122.14433112362069,47.470497337724247],[-122.14476462926531,47.470560648103479],[-122.14548130256627,47.470554525491806],[-122.14623075248171,47.470478687284313],[-122.14689358462866,47.470334175685366],[-122.14745280539199,47.470121116788903],[-122.14877136948456,47.469450251999341],[-122.14927958466971,47.469249179128411],[-122.14970526527965,47.469199243929452],[-122.15102617344887,47.469569750001881],[-122.15123483915465,47.469776242827159],[-122.15134456881391,47.470168732509045],[-122.15134917921772,47.470415514273789],[-122.15135105295586,47.470515803026395],[-122.15166205639957,47.470721425922967],[-122.15203959788244,47.470833886775175],[-122.15241757384521,47.47096950067148],[-122.15286618063621,47.471231768651656],[-122.15322750248293,47.47139068258938],[-122.15355752143769,47.471464053140544],[-122.15353867293913,47.473889475982801],[-122.15414853392768,47.473895047488533],[-122.15436087963499,47.473909137221597],[-122.15457958888942,47.473949337133106],[-122.154716569466,47.473986553913186],[-122.16151995305199,47.474066729009614],[-122.16152300684267,47.476331203094112],[-122.16416917307396,47.476360198521306],[-122.16416655811523,47.477716867038438],[-122.15641895323961,47.477641395490224],[-122.1564354653607,47.478962056430596],[-122.15608073124744,47.47925886096467],[-122.15647305348813,47.479911410908713],[-122.15646114218109,47.481202240397458],[-122.15362223689222,47.48118347619819],[-122.15360193001719,47.479442926280228],[-122.14892132863254,47.479404172125314],[-122.14892162670947,47.479484917291394],[-122.14938693796812,47.479492739764638],[-122.14944050179706,47.479507719789318],[-122.14946442748472,47.479537493012202],[-122.14947864090314,47.481058407921807],[-122.14947806453792,47.481111814780725],[-122.14945458985197,47.481143050808782],[-122.14939758298749,47.48115872591508],[-122.14838598090014,47.481153670280577],[-122.14813591455818,47.481151252486335],[-122.14813668571834,47.481229689686387],[-122.14565632605994,47.481165607930642],[-122.1411776421498,47.481172933390724],[-122.13760792853905,47.48113100671624],[-122.13759474264604,47.479301444457434],[-122.13771485484298,47.479301105684257],[-122.13771267929866,47.479000565835868],[-122.13770995535096,47.478726655590719],[-122.13770310189282,47.47807567310646],[-122.13769897782949,47.477928598507333],[-122.13745852845291,47.477926364439575],[-122.13625885715889,47.47791678140149],[-122.13625229760051,47.477463046895117],[-122.13504862794851,47.477453223491423],[-122.13240476284587,47.477431254191856],[-122.13239081866996,47.476523686303409],[-122.13237731217508,47.47546967018819],[-122.13237029372432,47.475150327153109],[-122.1321245003132,47.475144250258481],[-122.12708251656142,47.475122893708665],[-122.12708152132609,47.471952859076865],[-122.12695309562785,47.47195169130115],[-122.12696026445251,47.471043526961445],[-122.12484191642066,47.471017285808195],[-122.12512714026559,47.472162831271483],[-122.12520136079965,47.472462303501899],[-122.12521888613658,47.472639311628875],[-122.12519901078572,47.472736490808366],[-122.12515517206725,47.472842579791902],[-122.12508739413082,47.472955191568971],[-122.12500804730537,47.473085175191976],[-122.12494927561052,47.473181515903399],[-122.12491752157246,47.473251438400247],[-122.12489421628634,47.47333104311727],[-122.12487970247103,47.473416107041565],[-122.1248746762047,47.473526304624421],[-122.12487292667497,47.473580203474171],[-122.12484550081963,47.473625644003846],[-122.12477093886625,47.473647223415185],[-122.12442696450383,47.473645026011177],[-122.1227787647919,47.473635050661585],[-122.12277786363033,47.473665690134716],[-122.12152384674353,47.473658178325444],[-122.12154452622497,47.475066097769101],[-122.12143517167668,47.475141396495921],[-122.12140557624171,47.475194129740174],[-122.12140573542037,47.475236572429978],[-122.12142525318238,47.475276902901705],[-122.12146221311745,47.475311168031148],[-122.12149476297397,47.475328950087786],[-122.12155452229028,47.475346449993495],[-122.12161431223106,47.475350432958024],[-122.12167552117792,47.475341485055729],[-122.12167866719308,47.475545883297116],[-122.1217611747626,47.480933663401657],[-122.12164721045187,47.481016006203681],[-122.12167513897445,47.481906538326662],[-122.12206911200178,47.48191203270509],[-122.12460684593712,47.481964492020253],[-122.12458627426768,47.481059931430266],[-122.12557023923644,47.481064951289405],[-122.12691370087371,47.48109635713547],[-122.1269720587985,47.48268962814744],[-122.12437393130598,47.482672815518519],[-122.12437742914612,47.482755443268253],[-122.12186103260267,47.482724892931927],[-122.12191051168439,47.483612836274524],[-122.12029833756134,47.483566608956096],[-122.12031916654107,47.484020647174496],[-122.12112905265454,47.484051479542089],[-122.12114963814275,47.484488890178909],[-122.12183917057264,47.484510513154326],[-122.12184342434566,47.484590099582469],[-122.12217195416294,47.484591349663731],[-122.12445016538393,47.484628496714265],[-122.12469058480144,47.484633164911905],[-122.12468320807601,47.484549210519049],[-122.12649962091996,47.484578919620255],[-122.12651476976313,47.484125891131832],[-122.12702968869199,47.484131141656249],[-122.12703329109763,47.484238084882428],[-122.12988135038441,47.484287259941048],[-122.12986012849247,47.483235785780359],[-122.13222348030627,47.483264894110881],[-122.13754360996359,47.483355228112039],[-122.13753990267217,47.484652328763566],[-122.13523793681924,47.484625761782887],[-122.13525491097988,47.484195779293948],[-122.13459747056469,47.484189526097524],[-122.13458849862037,47.484619501242435],[-122.13224823064876,47.484592149345964],[-122.13224843279939,47.485125665851321],[-122.12990515696609,47.485083219790496],[-122.12991570337687,47.485524025963414],[-122.13108489489554,47.485545871697312],[-122.13111627440443,47.487311546489074],[-122.1299504207751,47.487287096232428],[-122.12992996460314,47.486405507956789],[-122.12734849443015,47.486361209631788],[-122.12734666685384,47.486304791810504],[-122.12475405687415,47.486262351446278],[-122.12452479088738,47.486278805690482],[-122.12454323775889,47.486615462940541],[-122.12460004341503,47.488266424090341],[-122.12705894983584,47.488322950993656],[-122.12729459999213,47.488329741705307],[-122.12729442222293,47.488305241903895],[-122.12973455077606,47.488360881950079],[-122.13241807789575,47.488422015361017],[-122.13295919099302,47.488421717127473],[-122.1350732260298,47.488442764601317],[-122.13520976953168,47.495465602523112],[-122.13785118509023,47.495514744305304],[-122.1430299632102,47.49561086387363],[-122.14315737394786,47.50102023709659],[-122.147415387329,47.501056108463366],[-122.14743589839965,47.501959129414146],[-122.14864998731873,47.50197085462721],[-122.14866980825725,47.502878357845603],[-122.14344573715756,47.502805993001921],[-122.14345246029697,47.505188093459857],[-122.14344997550069,47.506303132819525],[-122.14337518631901,47.508680262233732],[-122.14337425173026,47.508763845646307],[-122.14490307811715,47.508791496044495],[-122.1448965186687,47.509254621915431],[-122.14529000884556,47.509261922055458],[-122.14528233032608,47.509810758766598],[-122.14537759832352,47.50981255080886],[-122.14535353536017,47.512112780892572],[-122.14309408907357,47.51207508635099],[-122.1430433083858,47.516304706205055],[-122.14303767528894,47.516733348454032],[-122.14316587864283,47.516785543922531],[-122.14336655982601,47.516856365843331],[-122.14346228236322,47.516887423094985],[-122.14357940129919,47.516925421672859],[-122.14379202940272,47.516982949214977],[-122.14403386870974,47.517045160918833],[-122.14430969238023,47.517102148594176],[-122.14454999001926,47.517143788546548],[-122.1447851164971,47.517175745036802],[-122.14550381310367,47.517247482708214],[-122.14659138116568,47.517359271919595],[-122.15091019542174,47.517790222333119],[-122.15386651372395,47.518222416188522],[-122.15874471276165,47.518935403211898],[-122.15875919381492,47.518762469188729],[-122.15885275003156,47.517645198119453],[-122.15892300128952,47.516806197155567],[-122.15892275966495,47.516701420675318],[-122.15891612414713,47.516607548394646],[-122.15890211329555,47.516508751591807],[-122.15886377446809,47.516408556244407],[-122.15882788012372,47.516309975900526],[-122.15875889846437,47.51617635562053],[-122.15943208018759,47.515826629480131],[-122.15999817660168,47.516161771827697],[-122.16007955541446,47.516209944105512],[-122.16016081615089,47.516251790280975],[-122.16098663925705,47.516736072476384],[-122.16124209514388,47.516885879805407],[-122.1641136211657,47.516932724617732],[-122.16987912822405,47.51692850873728],[-122.16987356798599,47.516522034897719],[-122.16986046510499,47.515564118767756],[-122.16990860516808,47.51445186447264],[-122.17076057130431,47.513640273612907],[-122.17050496667332,47.51364250438948],[-122.17117344697942,47.513005694099455],[-122.17118652407736,47.51299323676831],[-122.17099430059177,47.512378640336081],[-122.17093377131485,47.512185108264987],[-122.17032478425995,47.512177398401114],[-122.17006843385167,47.51217415148605],[-122.17006619696062,47.51217412330606],[-122.17006933373253,47.512118744145077],[-122.17007987085077,47.511932753490179],[-122.17007245784337,47.511932840055444],[-122.16989280838709,47.511934943302563],[-122.16989084776047,47.51185729579695],[-122.16985125127985,47.510288664352217],[-122.16985018508215,47.510246431881143],[-122.16988394171764,47.510246005184918],[-122.17006050101924,47.510243770783305],[-122.17006055704957,47.510176445945369],[-122.17085182299141,47.510177043420796],[-122.17044931642748,47.50896613675004],[-122.17123337716289,47.508978649195804],[-122.17125494697429,47.508516600228042],[-122.17112947338622,47.508515666075354],[-122.17113396541613,47.508425760539645],[-122.17262501163727,47.508460906691397],[-122.17262180578076,47.510238008537364],[-122.17250470170863,47.510243760997291],[-122.1727575150953,47.51103257539441],[-122.17227931911609,47.511075644342242],[-122.17232238112068,47.511256829756348],[-122.17297356190436,47.51366044909615],[-122.17523417677712,47.513675577319006],[-122.1752289147551,47.514415488471258],[-122.17522668841171,47.514724746865042],[-122.17580826352403,47.514732132536565],[-122.17580622146558,47.514987593331142],[-122.17522486060835,47.514987087337431],[-122.17522132928465,47.515485580058602],[-122.17734444289901,47.515503333438318],[-122.17947562723734,47.515524208918116],[-122.17949462144425,47.516680317050685],[-122.17949898135221,47.516945444395553],[-122.18412713275191,47.516952614141168],[-122.18464753347061,47.517531523183258],[-122.18528116764485,47.518181527713146],[-122.18571116791203,47.518180943525927],[-122.18569327635132,47.521750844464947],[-122.18534732626028,47.521750060376171],[-122.18534594481608,47.522252889621903],[-122.18714806926704,47.522270506462561],[-122.18713192586118,47.523076017262589],[-122.18749277833599,47.523076861755385],[-122.18757338095763,47.523077044679084],[-122.18760870208433,47.523022382437574],[-122.18773229333344,47.522831308753283],[-122.1877702703391,47.522772529183953],[-122.18781390972552,47.522721555171834],[-122.18786102940534,47.522675483862805],[-122.18792413419443,47.522625859478012],[-122.18799452775519,47.522580999795224],[-122.18807142423051,47.52254133630705],[-122.188154066026,47.522507354073149],[-122.18824149079141,47.522479404384818],[-122.18833274154251,47.522457797976074],[-122.18842684903385,47.52244279358478],[-122.18852274234646,47.522434500293976],[-122.18854458115828,47.522434170972225],[-122.18862190286158,47.522433019859086],[-122.18870560975832,47.522437788983275],[-122.18873506053829,47.52243946147059],[-122.18889903595822,47.52245861658222],[-122.18905918485807,47.522489306727906],[-122.18921370459421,47.52253113616775],[-122.18936090270459,47.522583666190243],[-122.18949921101495,47.522646357331617],[-122.18962708230329,47.522718493508336],[-122.18966582763784,47.522745460670826],[-122.18973851557881,47.522796060587694],[-122.18979683623544,47.52285332448767],[-122.18989544125201,47.522950089675767],[-122.19003172280286,47.523113729041981],[-122.1900762540151,47.523167193359129],[-122.19011360942032,47.523222033854978],[-122.19068935708587,47.524066883373017],[-122.1907712382971,47.524218442177045],[-122.19080484116711,47.524280643458319],[-122.19080440957455,47.524327178636142],[-122.19073537736644,47.531454442979452],[-122.19313877751689,47.531459016280181],[-122.19317273879369,47.531558145282048],[-122.19322114726548,47.531669988662166],[-122.1932607767163,47.531739873987547],[-122.19330026707131,47.5318006340447],[-122.19333245900749,47.53184632587412],[-122.19338337121854,47.531902215835629],[-122.19348571017157,47.532005915256818],[-122.19356121201557,47.532066324232403],[-122.19363967218735,47.532129708269885],[-122.19360651140535,47.533362348174968],[-122.1936052396475,47.533408913412089],[-122.19352434715248,47.533407122983988],[-122.19238158512782,47.533381768506771],[-122.19230081240927,47.533379981786503],[-122.19229904062074,47.533429792792653],[-122.19225407227513,47.534696603674746],[-122.19225257596722,47.534739599833372],[-122.19233244974203,47.534741123504617],[-122.19281020454119,47.534750342685484],[-122.19287405977508,47.534751578870171],[-122.19287624796632,47.53480653283755],[-122.19288224683723,47.534956144972107],[-122.19288162950016,47.53547049930669],[-122.19288156160196,47.535524933702597],[-122.19280588317113,47.535524379440439],[-122.19219125124191,47.535519812841912],[-122.19219461770082,47.536614036965481]],[[-122.1475072197734,47.504155336973241],[-122.14772212103561,47.504179502076099],[-122.14794421201702,47.504229388732035],[-122.14814054573449,47.504306403540276],[-122.14830331842575,47.504402960222805],[-122.14843423611909,47.5045147571849],[-122.14864898347878,47.504827918268418],[-122.14866162130772,47.504846347353869],[-122.14865208394862,47.505475972354937],[-122.14811527840536,47.505441326407627],[-122.14812062148667,47.504626209782991],[-122.1476618433271,47.504491601445586],[-122.14730735719952,47.504485997745462],[-122.14735058110226,47.506398612489114],[-122.1464071937226,47.506406678469155],[-122.14631866706596,47.506407435002188],[-122.14618612393147,47.506476596536068],[-122.14603560839205,47.506477883229245],[-122.1460341310501,47.506398500671899],[-122.14599230818835,47.506399339518225],[-122.14598720589701,47.504634917425925],[-122.14627667102344,47.504498830518052],[-122.14657586524787,47.504353499532897],[-122.14676641778155,47.504270271924902],[-122.14704139609316,47.50420214992009],[-122.14722649209212,47.504179385795076],[-122.1475072197734,47.504155336973241]]],[[[-122.23148423527638,47.490365059565519],[-122.23150828875916,47.489548288973793],[-122.23039097998559,47.489533166911421],[-122.23039406679077,47.490350304377522],[-122.23148423527638,47.490365059565519]]]]},"properties":{"CityName":"Renton"}},{"type":"Feature","geometry":{"type":"Polygon","coordinates":[[[-122.02003876598513,47.555303257870285],[-122.01945813257268,47.553609242646459],[-122.01777354509541,47.554078441365931],[-122.01806831815338,47.554389879877071],[-122.01663759301842,47.554736133920706],[-122.01481050908208,47.5557345425877],[-122.01480600461828,47.558274590766956],[-122.01094810433018,47.560271301780183],[-122.00928795460395,47.561061853106537],[-122.00928571572875,47.561129179289189],[-122.00550907955184,47.562887214072617],[-122.00481879949304,47.563197983858366],[-122.0037889994091,47.563616695224852],[-122.00196054821635,47.564353159250622],[-121.99966275094,47.565426482977834],[-121.99802127114181,47.566236883969346],[-121.99691178563847,47.566998166398093],[-121.99649308834191,47.567305471530929],[-121.99615565249823,47.567507131367002],[-121.99586528129251,47.567625903065831],[-121.99561114907384,47.567699343822063],[-121.9950860356017,47.567825334074364],[-121.99398006661507,47.568069937007337],[-121.99346062892674,47.568255865634917],[-121.99202976193877,47.569023851552991],[-121.99120362204084,47.569475780906451],[-121.99071964683934,47.569741782608325],[-121.99030809982966,47.570053135050244],[-121.99001552426043,47.570442321438421],[-121.98988025427502,47.570907774933566],[-121.98984006755317,47.571540964155368],[-121.98981715348434,47.571851925007394],[-121.9897696487988,47.572296141632869],[-121.98962008269966,47.572824225097108],[-121.98949698590638,47.573159365437391],[-121.98937891294402,47.573403744562498],[-121.98889747778586,47.57407105688776],[-121.98824684169006,47.57495819629866],[-121.98797037276928,47.575335509854234],[-121.98591981557621,47.578131309671825],[-121.9854941252957,47.578710551596501],[-121.98511767482439,47.579211781724503],[-121.98451196050557,47.57979585790315],[-121.98365259405358,47.580358436076992],[-121.98291795259706,47.580923591921952],[-121.98189094749605,47.581623115880149],[-121.98164465996831,47.587578958431159],[-121.97632894720964,47.587505488907844],[-121.97643713269322,47.583926733972191],[-121.97450996355118,47.584079979138686],[-121.97411130018811,47.584134456231624],[-121.97349151018491,47.584167473523536],[-121.97351895497357,47.582774510255462],[-121.97356958543331,47.580204577718909],[-121.97356964602862,47.580201476298072],[-121.97286825616099,47.580194080575154],[-121.96968227225061,47.580160431202607],[-121.96890168406001,47.580152173370934],[-121.96889465682413,47.580156233316956],[-121.96848492968606,47.580392967922357],[-121.96852470461711,47.580812623389207],[-121.9684467113134,47.58105551513691],[-121.96875053762915,47.581497308158724],[-121.96924277428641,47.581605692918494],[-121.96937012758589,47.581788701729302],[-121.96936948251248,47.58210701078184],[-121.96803674495686,47.582569423845143],[-121.96829945212831,47.582884415717473],[-121.96825452569041,47.582961373382737],[-121.96858430128002,47.583320082032294],[-121.96845875092757,47.583544473979458],[-121.9682739623422,47.583667755669396],[-121.9678492987498,47.583622175767253],[-121.9675935916104,47.583561735477041],[-121.96739712024436,47.583602404306575],[-121.96729247553898,47.583902924344926],[-121.96714657363543,47.584414040898423],[-121.96663256844343,47.584541462899757],[-121.96597589817684,47.584613382848758],[-121.96535457899058,47.584602097147254],[-121.96523107716544,47.584559087396677],[-121.96523480796219,47.585380254451373],[-121.96562475262724,47.586559427349187],[-121.96518254093317,47.587246147992801],[-121.96457044780031,47.587572138270481],[-121.96552071234611,47.587910326186673],[-121.96663821042955,47.588170010214249],[-121.96716554840712,47.588526235718355],[-121.96728647966711,47.588817549903325],[-121.96750860970201,47.589024830882067],[-121.96785132726149,47.589510697554957],[-121.9686299241738,47.590105660789398],[-121.96922962161055,47.591721431744126],[-121.96987276473226,47.592521804375231],[-121.97013519427325,47.594555583045846],[-121.970136017732,47.594561964621548],[-121.97078784789913,47.594551924035081],[-121.97080364296841,47.594551680706523],[-121.97080363792712,47.594551835486811],[-121.97060693937058,47.601169596484453],[-121.99155120757555,47.60133918088053],[-121.99183283467234,47.59774412490345],[-122.00220791093506,47.597927513392804],[-122.00282878604028,47.598638886743963],[-122.00279590082091,47.599218557035982],[-122.00310138596485,47.599468996746246],[-122.00313791041933,47.599662964495785],[-122.00323059753728,47.599876650699422],[-122.0033491602219,47.600046488010321],[-122.00361286794134,47.600304160120977],[-122.00370512424301,47.600375356652073],[-122.00381681566871,47.600474640055467],[-122.00391040921504,47.600595559058199],[-122.00395453297266,47.600741563208111],[-122.00396138523342,47.600958750350308],[-122.00352879823203,47.600961273288483],[-122.00353769867704,47.60265117893298],[-122.00396571881039,47.602814834693319],[-122.00396356979513,47.602949657186926],[-122.00393204947314,47.603111620974282],[-122.00386392814738,47.603240504697943],[-122.00382424561187,47.60336658752739],[-122.00381404062966,47.603439857230399],[-122.00294727105101,47.603492462720169],[-122.00296221397863,47.603573610920833],[-122.00340823195265,47.603945923022366],[-122.00350495974403,47.604285715873417],[-122.00395365688318,47.604858455348051],[-122.00390119222212,47.605062867490751],[-122.00428247275457,47.605378216116947],[-122.00543629975706,47.606590789619418],[-122.00462012056148,47.60887790869058],[-122.00300199889401,47.609084664072803],[-122.00262769742643,47.609148713249645],[-122.00236340924411,47.609237965252781],[-122.00213744867362,47.609347476622638],[-122.00189701059905,47.60950331015551],[-122.00176248021957,47.609632685667158],[-122.00164292902421,47.60975164874084],[-122.00063651902011,47.61025227767886],[-121.99699569581146,47.610005061660694],[-121.9970138579164,47.608914156731132],[-121.99494756505545,47.608772888798555],[-121.99496464895297,47.607954049076632],[-121.99170719081516,47.607904299683739],[-121.99180897634778,47.612185812200202],[-121.99182670381276,47.61293139464356],[-121.99668411426805,47.613305822394246],[-121.9974230593775,47.613362715471901],[-121.99737949028982,47.612572865114402],[-122.00252057184071,47.613029825918289],[-122.01380788949174,47.613059747643149],[-122.01378002506435,47.614992216111993],[-122.01376097365022,47.622212870541503],[-122.01375634898395,47.624038965376663],[-122.01359911427092,47.62771052511674],[-122.00298859623287,47.626995315862182],[-122.00294918028368,47.626992922735418],[-122.0029570127234,47.630493970357087],[-122.00299503998541,47.630496621568071],[-122.00741829570411,47.630804957341489],[-122.00736559018291,47.631045663822981],[-122.00726177685303,47.631192984282748],[-122.00703313008378,47.631289781666339],[-122.00695172524307,47.631316752417902],[-122.0068038932703,47.631365732027447],[-122.00657347755471,47.631399988794271],[-122.00653185946922,47.631383833128382],[-122.00641751065996,47.631339440098699],[-122.00629532906115,47.631382725911301],[-122.00622502272837,47.631638158119813],[-122.00619740190216,47.631738511096891],[-122.00616266888292,47.631840675729947],[-122.00612619108337,47.631947972068225],[-122.00611931854938,47.632032591050752],[-122.00611931672721,47.632032620758018],[-122.00610330159742,47.632229798811686],[-122.00610722956485,47.632235391613918],[-122.00613052964941,47.632268562393897],[-122.00632831462885,47.632550133620278],[-122.00648703961207,47.632620571989484],[-122.006625129895,47.632681853365263],[-122.00684690710192,47.632887531051992],[-122.00711435803866,47.633071764204061],[-122.00742455026683,47.633101664895037],[-122.00768668339714,47.633126932662499],[-122.00768877911392,47.633116996615243],[-122.0077525896876,47.632814536810997],[-122.0077682983965,47.632740075917418],[-122.00827748050199,47.632778292137814],[-122.00847940283833,47.632793447002115],[-122.0085694049484,47.637603797084083],[-122.00856970816206,47.637620013037953],[-122.009735310457,47.637690544004251],[-122.01395976790988,47.637946068429606],[-122.01396203181237,47.638004925217452],[-122.01398267461988,47.638541756843644],[-122.01930294597233,47.638511158573351],[-122.01931726631184,47.63934481397925],[-122.01980901715977,47.639341958060299],[-122.0206501437318,47.639492413016477],[-122.02063314386639,47.63850346827752],[-122.03626096167346,47.638445759211017],[-122.04765872515608,47.63842072328795],[-122.04979269595341,47.640914808479465],[-122.05170850723583,47.640910277488693],[-122.05170454644836,47.642060926652647],[-122.05405265228373,47.642055333035181],[-122.05492192244587,47.642053249949434],[-122.05494467215837,47.642096742322856],[-122.05529901988399,47.642774184062169],[-122.05563646043359,47.643419286729909],[-122.05567940932217,47.643501392026124],[-122.05615623623694,47.644412934332728],[-122.0563214484137,47.644984202747082],[-122.05614565798423,47.646329804222312],[-122.05572037756399,47.648457536608184],[-122.05572128761628,47.649340753698525],[-122.06459144115644,47.649372092950756],[-122.06441620967458,47.649565979462984],[-122.06440561241115,47.649717040727197],[-122.06435799363095,47.649857590865622],[-122.06431922479923,47.650020739527328],[-122.06442288604377,47.650150424282096],[-122.06450042448296,47.650262702744023],[-122.0645985701786,47.650460628064813],[-122.06470859154258,47.650689764554578],[-122.06484145827126,47.650775986079836],[-122.06498748778144,47.650773290549282],[-122.0651810302344,47.650649553558701],[-122.06524801293924,47.65060672995299],[-122.06541116237807,47.650367509733229],[-122.0657224953984,47.65035103285021],[-122.06590108600956,47.6503356426038],[-122.06594634169268,47.650344344478981],[-122.06609676168618,47.650373268552158],[-122.06618582974878,47.650501088612714],[-122.06626143385671,47.650639987768109],[-122.06630012332465,47.650655449303379],[-122.06631350082525,47.650532894773441],[-122.06654538321152,47.650533096523453],[-122.06645216262723,47.650305385867242],[-122.06645128086102,47.650303602275265],[-122.06639723278741,47.650194320906664],[-122.06632716657307,47.650029554879261],[-122.06650816477624,47.649962289782152],[-122.06663046146214,47.649937924814516],[-122.06658518618666,47.649895944210336],[-122.06653000589212,47.649787947291777],[-122.06655967171451,47.64972831622427],[-122.06650352576996,47.649638951256733],[-122.06642713224566,47.649614740740098],[-122.06631551266661,47.649528922164855],[-122.06629776973797,47.649470463488449],[-122.06622119978945,47.649377777119739],[-122.06666212607148,47.649379310910774],[-122.07865579649713,47.649420400429946],[-122.07876486424148,47.653065234089773],[-122.07906830198867,47.653095114862161],[-122.07908094428819,47.653509347076842],[-122.07956816169211,47.653542574424293],[-122.07980044148344,47.653598281519166],[-122.07995478520614,47.653659191676553],[-122.08014850774842,47.653831358308942],[-122.08280067846785,47.656140400905421],[-122.08405947950222,47.656991510277464],[-122.08645002680532,47.657451238662688],[-122.0864577127262,47.657081067132836],[-122.08704326945451,47.657159355584916],[-122.08704897135352,47.657160236045328],[-122.08722552529095,47.657180960220323],[-122.08740435808379,47.657189105822184],[-122.08758344896053,47.657184551902276],[-122.08776090481825,47.657167396168511],[-122.0879346726083,47.657137819472183],[-122.08810294206008,47.657096107315184],[-122.08826382747333,47.657042738731505],[-122.08841556355377,47.656978300866726],[-122.08855651016016,47.656903514098104],[-122.08868514734006,47.656819154741356],[-122.08879996215883,47.656726188817828],[-122.08889980136927,47.656625633224643],[-122.08928569051952,47.656094099124708],[-122.08965515995752,47.655430716711891],[-122.08970727646823,47.655293000892719],[-122.08986206870402,47.654982993972943],[-122.09006398030576,47.654685628057315],[-122.09031077281792,47.654404163557011],[-122.09059979684061,47.654141646071253],[-122.09092779754188,47.653900990907985],[-122.09129127256237,47.653684841496833],[-122.09160618296507,47.653533848447836],[-122.09168423062111,47.65349643292037],[-122.09264110176596,47.65342732366009],[-122.10672087612531,47.652409489642508],[-122.10684373311484,47.652400600411504],[-122.10632464604478,47.652192401980798],[-122.10284252995611,47.650871120718072],[-122.10115857102703,47.650155742504801],[-122.09959452348974,47.649325307984853],[-122.09816753125702,47.648388943048985],[-122.09725952407408,47.647672460493567],[-122.09719159375928,47.647618875621149],[-122.09712796483207,47.647564546411999],[-122.09353511569722,47.644497600332983],[-122.09255454262971,47.643766138278785],[-122.09248197533384,47.643712015790342],[-122.09240071311177,47.643658672150139],[-122.08934031616629,47.641649845910315],[-122.08901934248429,47.641462586564487],[-122.08893762268025,47.64141491196294],[-122.08886047135678,47.641361177994789],[-122.08648854586505,47.639709117957793],[-122.08585698044165,47.6392058903239],[-122.08426037927438,47.637976614049357],[-122.08286265081396,47.636641245520345],[-122.08167920545206,47.635214435599835],[-122.08072292601899,47.633711805253931],[-122.08000432642822,47.632149842305502],[-122.07953119117438,47.630545652363431],[-122.07930876723093,47.628916797685314],[-122.07931799366322,47.62753537123492],[-122.0793138928034,47.624830940120134],[-122.07932165092664,47.621615448134605],[-122.07944022411124,47.620970851061841],[-122.07965782578512,47.620338155476254],[-122.0799719968096,47.619724328566299],[-122.0803793851435,47.619136046273361],[-122.08087546634765,47.618579774479329],[-122.08099710603999,47.618461216665665],[-122.08354671248162,47.615896049548951],[-122.08647870490181,47.613525064805216],[-122.08914414879577,47.611745049126277],[-122.09088992455591,47.610527734605206],[-122.09243792273136,47.609193626346737],[-122.09377115980774,47.607757392743181],[-122.09487501778494,47.606234772424486],[-122.09573743711259,47.60464246236468],[-122.09634903235084,47.602997876656161],[-122.09646757164435,47.602557550787083],[-122.09653168941999,47.602220109022483],[-122.09848442370512,47.59194108662831],[-122.09847666145707,47.584711136840184],[-122.09733322174453,47.581072037839476],[-122.09718920562112,47.580613657703594],[-122.09595462413237,47.579473499877857],[-122.09411887596924,47.578666835586318],[-122.08606545587867,47.576431681242966],[-122.08428182557093,47.575865351156338],[-122.082280310412,47.575229793302384],[-122.07698819655275,47.57116422882774],[-122.07263290330084,47.566403800995417],[-122.07191378895229,47.565617695806338],[-122.05718863328295,47.56554063357077],[-122.05717750272794,47.567417613201549],[-122.05717643285685,47.567597667228483],[-122.05712993414035,47.570341289905215],[-122.05222950841795,47.570301312119895],[-122.05190539038796,47.570584693461122],[-122.05144808244243,47.570777247090838],[-122.05084814198747,47.570824509232196],[-122.05026843678144,47.570710329675293],[-122.04942596576187,47.570213559799249],[-122.04729823508515,47.568434580467404],[-122.0469513174604,47.56811482603851],[-122.04664755071732,47.567905441332286],[-122.04639498992276,47.567763401654069],[-122.0463089738621,47.573862650467042],[-122.04099375895278,47.573822220628536],[-122.04092889811203,47.577418023390578],[-122.03591561642095,47.57738306493814],[-122.03618008569379,47.56276517471192],[-122.04138428445361,47.56287850968053],[-122.04202080067613,47.561543820626675],[-122.04206086184706,47.559287918708932],[-122.03674694034859,47.559177771155959],[-122.03665923847825,47.55906725290297],[-122.03641129401734,47.558983155293937],[-122.03608699961353,47.558960228983715],[-122.02387489744324,47.55887356756439],[-122.02338006212824,47.558118930885392],[-122.02342875322378,47.55811983605043],[-122.02277719188795,47.557125718565324],[-122.02269621132902,47.557124616265121],[-122.02150111170477,47.555320581902855],[-122.02123195769516,47.554969539686958],[-122.02005490933853,47.555669105617504],[-122.02003876598513,47.555303257870285]]]},"properties":{"CityName":"Sammamish"}},{"type":"Feature","geometry":{"type":"Polygon","coordinates":[[[-122.29743599568489,47.489053011536349],[-122.31174393390937,47.488875095894159],[-122.3121026113332,47.488206947543524],[-122.31323735995788,47.48597829545853],[-122.31326503433898,47.485923857677896],[-122.31366587948864,47.484922513310671],[-122.31388284191016,47.484035991104896],[-122.31389623239605,47.483981256711758],[-122.3139056469456,47.483926724651234],[-122.31409405250638,47.482834767669857],[-122.31525319218105,47.476830074833394],[-122.31543289782624,47.475707481901502],[-122.31550845911055,47.474592695047981],[-122.31551221928309,47.474537154159897],[-122.31551859417836,47.47448354898561],[-122.3155344419645,47.474350029545668],[-122.31558685878241,47.474172611332797],[-122.31564450524931,47.474030342573897],[-122.31569339242319,47.473920815563829],[-122.3158297366747,47.473615537086104],[-122.31585410374724,47.473560992439168],[-122.31588300567044,47.473505966748213],[-122.31593153494764,47.473413591588951],[-122.31603109696977,47.473272679773373],[-122.31611418258628,47.473181109057869],[-122.31616481551501,47.473127015176715],[-122.31622228289005,47.473071000859882],[-122.31663298326401,47.472670772029886],[-122.31888619824862,47.470564614047518],[-122.31928819665976,47.470189567045438],[-122.32240137134413,47.467286824201231],[-122.3227346217849,47.466973754027435],[-122.32284603680337,47.466863605901828],[-122.3231280707693,47.466569687431608],[-122.3234078742677,47.466198147767635],[-122.32362887517043,47.465808812092625],[-122.32368901936533,47.465672124709663],[-122.3237220239802,47.465597127507301],[-122.32372164775633,47.465562753134307],[-122.32368127765066,47.461687207059704],[-122.32373786052285,47.46068286088866],[-122.32375127410987,47.46057367700503],[-122.32377989895163,47.46041281671868],[-122.32385325609711,47.460195298017716],[-122.32395975366676,47.459984185880167],[-122.3240981953774,47.459781754415161],[-122.32420568851549,47.459647022489975],[-122.32451308593167,47.459248154717365],[-122.32462980052618,47.459095501330431],[-122.32466667178615,47.459047290440196],[-122.32471069247967,47.458985649728007],[-122.32496778604006,47.458625664060243],[-122.32520096311507,47.458187314222116],[-122.32531373304067,47.457892494199911],[-122.32533325689261,47.457841429051783],[-122.32534989122934,47.457783085147035],[-122.32635002759973,47.454274452615742],[-122.32559890803988,47.453181890832596],[-122.32556156575215,47.453127624026578],[-122.32552909058836,47.453073528196789],[-122.32332859199127,47.449411810663825],[-122.3216806325814,47.445557866961273],[-122.3209395520022,47.443030161798006],[-122.32090877265054,47.44291592801828],[-122.32089576205632,47.442800129379769],[-122.32090063033237,47.442684017391066],[-122.32090940259286,47.442628257463213],[-122.32174866195321,47.440489247826015],[-122.32252687332705,47.439044077087125],[-122.32256343157248,47.43897612713085],[-122.32257764952536,47.438934517848963],[-122.32262283587362,47.438802329708921],[-122.32444797397953,47.439792973612654],[-122.32522914559756,47.431173226618135],[-122.32522246495405,47.430940857345398],[-122.32518308075602,47.428262462855145],[-122.31856215661365,47.42824563153335],[-122.31856762549918,47.427926300801893],[-122.31857268569853,47.427693105188823],[-122.3186136590256,47.427461545438689],[-122.31869003877458,47.427234162900824],[-122.31873695101589,47.427135682526448],[-122.31876529111609,47.427076183003457],[-122.31879226401009,47.427026075808669],[-122.31918904845898,47.426288945159968],[-122.31921551799967,47.426239770576018],[-122.31924034141468,47.426179377700343],[-122.31939245426133,47.425809331531539],[-122.32032378041953,47.422985029345249],[-122.32040028892591,47.422775473569985],[-122.32041915076941,47.422723891500233],[-122.32043064995761,47.422666110886603],[-122.32057381314603,47.421948181318044],[-122.32060775730244,47.421371855059263],[-122.32061082828511,47.421320128070818],[-122.32060911875278,47.421262777469543],[-122.32049456117647,47.417352292515659],[-122.32048565937052,47.417007735233554],[-122.32048425425093,47.416953325285242],[-122.32048710044575,47.416898656194896],[-122.32050535762316,47.416546686451937],[-122.32058892765413,47.41614379381825],[-122.32061757202105,47.416050096615827],[-122.3200137404291,47.416026521839932],[-122.31321347492239,47.415759812392217],[-122.31312993181587,47.415756542213963],[-122.31305268479773,47.415754763445761],[-122.3070804010091,47.415616961895182],[-122.30702377346992,47.415615660028244],[-122.30691969396007,47.415615749271552],[-122.30218868437736,47.415619471508919],[-122.30219454712108,47.412001107877181],[-122.29798483778845,47.411985598447032],[-122.29846984956384,47.408403726211695],[-122.29839180066423,47.40840341943872],[-122.29268126541898,47.408382142429417],[-122.2926005660311,47.40838183128335],[-122.29260594582337,47.408324218986792],[-122.29278527358591,47.406749516600641],[-122.29286969880027,47.405487985945001],[-122.29269199999571,47.402593877803668],[-122.29261709749379,47.402106817678764],[-122.29260826041364,47.402049232093098],[-122.29260296884078,47.40199788498515],[-122.29252259120433,47.401216688941354],[-122.29251659151801,47.401158394686696],[-122.29250894379739,47.401107750574369],[-122.29208212278769,47.398290124168525],[-122.2917850361158,47.396306570589097],[-122.29087375242773,47.396328586842465],[-122.2904920650351,47.396335022215091],[-122.29041910566255,47.396112511810948],[-122.28748828774681,47.396113222965006],[-122.28748321005617,47.395869770808488],[-122.28660389580038,47.39587822629268],[-122.28659215432637,47.396441962808424],[-122.28394169149239,47.396457461273542],[-122.28382336881114,47.396458568772204],[-122.28382520216717,47.396594944148468],[-122.28346331244632,47.396649732577409],[-122.28296747215103,47.397329360234203],[-122.28273080580126,47.397330701607778],[-122.28277890830987,47.400899389071164],[-122.28392480273484,47.400898710478977],[-122.28933832457436,47.400881469769182],[-122.28939478068877,47.400886734008289],[-122.28948269280554,47.400900201725435],[-122.28956800214297,47.400919803843522],[-122.28964982229029,47.400945383088647],[-122.28972730250842,47.400976620598307],[-122.28979951304028,47.401013172638926],[-122.28986572179012,47.401054662743498],[-122.28992515731879,47.401100607991118],[-122.28998230710185,47.401145520524565],[-122.28996502846779,47.401961052552501],[-122.28818016349221,47.40195506409399],[-122.28815877179426,47.402785038775704],[-122.28825297785991,47.402903671858589],[-122.28835903690141,47.403070644234958],[-122.28843880878097,47.403244250552703],[-122.28849136924022,47.403422534816528],[-122.2885218379284,47.403604610328358],[-122.28851308133859,47.403785387875629],[-122.28641455719374,47.40379395542049],[-122.28640510472341,47.408050552859834],[-122.28537673095987,47.408057458118904],[-122.28476457318311,47.408061588893254],[-122.28467955532271,47.408062186985305],[-122.28462689889541,47.408008158558083],[-122.28452195414393,47.407900480136213],[-122.28446724612888,47.407844371636173],[-122.28441134007313,47.407792473958075],[-122.28421049145769,47.407606123371622],[-122.28391590797713,47.40738546995513],[-122.2838994167742,47.40737469418778],[-122.28381622959081,47.407320385707848],[-122.28373677624603,47.40727945635382],[-122.28372725741927,47.407275648479157],[-122.2836928953827,47.407264989640893],[-122.28365705932585,47.407256825707783],[-122.28362019274262,47.407251262327406],[-122.28358265822141,47.407248323620841],[-122.28356839728099,47.407248242085728],[-122.28348715920177,47.407252864878053],[-122.28340865781738,47.407292500194544],[-122.28335877446817,47.407317682029756],[-122.28324164922358,47.407390871224351],[-122.28322757242633,47.407401531532749],[-122.28315378488146,47.407457371967837],[-122.28307792498811,47.407512033210331],[-122.28229577002105,47.408075550762398],[-122.281972046397,47.408308100795331],[-122.28189333204129,47.408364669999159],[-122.2818315908972,47.408418512829051],[-122.28183143471423,47.408418678063988],[-122.28180707450387,47.408448686675605],[-122.28178744670042,47.408480285279097],[-122.28177278508541,47.408513091532264],[-122.28176328186289,47.408546748021017],[-122.28176025248183,47.408571044062391],[-122.28176133007641,47.408624885997526],[-122.28176564985947,47.408680059191113],[-122.28184280440001,47.409668037792244],[-122.28184702644016,47.409722339784999],[-122.28184611406186,47.409777073195471],[-122.28183351026857,47.410527733522699],[-122.28169604105365,47.411327577863737],[-122.28164930163138,47.411498495817632],[-122.28163433151005,47.411553281024361],[-122.28161771119852,47.411607863918455],[-122.28127346564236,47.412737262498958],[-122.28125846080768,47.412786485529466],[-122.28131123100407,47.412845966509032],[-122.28171823408287,47.413305000034683],[-122.28209171053192,47.413847568245892],[-122.28237955853717,47.414413668783851],[-122.28254428827421,47.414883005885159],[-122.2825613678701,47.414931649528754],[-122.28257049175893,47.414991820257939],[-122.28262566514383,47.415356113666107],[-122.28264206775776,47.41601765214827],[-122.28255650657972,47.416676729712322],[-122.28236991009051,47.417326113845732],[-122.28208433860897,47.417958719966585],[-122.28170285974807,47.41856756747967],[-122.28142163407379,47.418911398107554],[-122.28122971109687,47.419146042722623],[-122.28072129718812,47.419638229030468],[-122.2806644687814,47.419693222611173],[-122.28075245110466,47.419693362318029],[-122.28407614457593,47.419698626414686],[-122.28412882847907,47.419698709057485],[-122.28416524730351,47.421739918426177],[-122.28416525828565,47.421740566013376],[-122.28416959393225,47.42198348882512],[-122.28437817653717,47.422101555801305],[-122.28385999666739,47.422442307005319],[-122.28251674586254,47.42331318859015],[-122.27771298654571,47.426487281286263],[-122.27671183812193,47.427114532151819],[-122.27553536535943,47.427894038472651],[-122.27447632965848,47.42859014746896],[-122.2735147128606,47.429203167157809],[-122.27251571538386,47.429898340893217],[-122.27131595193033,47.430298929306346],[-122.27058861687767,47.430810653609214],[-122.27003367103092,47.431254243049359],[-122.26984329829538,47.431793790842505],[-122.26991075540558,47.43259463519064],[-122.26982861132717,47.433156302304944],[-122.26993490006552,47.433157187483573],[-122.26999879962442,47.433157721298649],[-122.27009570209123,47.433160838266375],[-122.27052066954708,47.433164959654725],[-122.27052993905147,47.435031274435559],[-122.26517848566785,47.438451889946307],[-122.26497662592745,47.443141149362518],[-122.26689054256609,47.443754932812446],[-122.26665299281728,47.445193381816999],[-122.26559312240464,47.445180224211612],[-122.26463834757266,47.447791282297509],[-122.26889726537033,47.447833118773765],[-122.26890096332949,47.449113380843208],[-122.26750893761772,47.449111013590652],[-122.267300597428,47.449646974324132],[-122.26704783357773,47.451388059869089],[-122.26735247157208,47.451376295332075],[-122.26796868514812,47.451369096678242],[-122.26794983751628,47.451728531447685],[-122.26890360875085,47.451721268547871],[-122.26890572141799,47.451997294303581],[-122.26966557688725,47.451990096439289],[-122.26966864389685,47.452265943947431],[-122.26824501877485,47.452282342399158],[-122.26828375361849,47.454405991746334],[-122.27094989512227,47.454386511219475],[-122.27094276009439,47.454717061135554],[-122.27166948034045,47.454715973721093],[-122.27166402423734,47.45617045075366],[-122.27167109667712,47.456224909106673],[-122.27175149582098,47.45622512799946],[-122.28082154259532,47.456248942052568],[-122.2809137975449,47.456961149239071],[-122.28099226213837,47.45814709595021],[-122.28097999627506,47.459909339993601],[-122.28097952324185,47.459975565607529],[-122.2810602513802,47.459975966536447],[-122.29124338842433,47.460024694880339],[-122.29132351377727,47.460025068284587],[-122.29129680258957,47.460079850857625],[-122.29076826901284,47.461163180448054],[-122.28995960983114,47.462779346651693],[-122.28946957758428,47.463758638852582],[-122.28820983049386,47.466275966573527],[-122.28817320664652,47.466349162474962],[-122.28815454790245,47.466385546688997],[-122.2877325848289,47.467207982981733],[-122.28850156765807,47.46718478129791],[-122.28858031756801,47.46718238811107],[-122.2886023989076,47.467236673111195],[-122.28869392535623,47.467506941786326],[-122.28873834698216,47.467754763626203],[-122.28874590535494,47.46779708357883],[-122.28875586001371,47.467863643563994],[-122.28881845219844,47.468282495132406],[-122.28925129581883,47.47142522944764],[-122.28925798256628,47.471473908798707],[-122.28927395748899,47.47153405784934],[-122.28933763947914,47.471774085195868],[-122.28969221495288,47.472730450055501],[-122.29020380948009,47.473575922745717],[-122.29022970302886,47.473623898862385],[-122.29027246231668,47.473684308433022],[-122.29109207629551,47.474841985100049],[-122.29390504434059,47.479421949629725],[-122.29395263421151,47.47952813621],[-122.29398403335651,47.479583391911802],[-122.29410153390805,47.479790205521937],[-122.29438366471611,47.480423892425947],[-122.29455124378734,47.481019810129503],[-122.29468088076274,47.481880660280694],[-122.29511122076701,47.48363581341507],[-122.29568829070544,47.485540017683405],[-122.29570423806872,47.48559272246424],[-122.29572210547687,47.485648733466],[-122.29590626999459,47.486226870052853],[-122.29671820039215,47.488253508624261],[-122.29677087841098,47.488362041585475],[-122.29714505953281,47.489057080178803],[-122.29743599568489,47.489053011536349]]]},"properties":{"CityName":"SeaTac"}},{"type":"Feature","geometry":{"type":"Polygon","coordinates":[[[-122.45919721198943,47.672207989111513],[-122.459090051931,47.669405127594281],[-122.45878274987466,47.667043413929754],[-122.45832164659925,47.665023530121886],[-122.45683318249057,47.660325752551891],[-122.45569094162578,47.657583285091853],[-122.45474772567857,47.655030731880302],[-122.45376838222477,47.65163350146458],[-122.45332419879726,47.649629893207297],[-122.45251786947037,47.64463952393308],[-122.45230181986153,47.642007938720134],[-122.45227703740218,47.640274248468501],[-122.45226672768663,47.637783166469696],[-122.45241200806701,47.636053150072051],[-122.45292285288718,47.633348056520191],[-122.45348367545955,47.631394138147151],[-122.45402165981785,47.629841079999117],[-122.45428153624518,47.628510381528081],[-122.45441246899922,47.627543252865088],[-122.45441561137974,47.626308600301577],[-122.45434692407905,47.625458810470612],[-122.45322194602365,47.622894058896733],[-122.44880917700432,47.616932339849129],[-122.44690870719755,47.614004825240272],[-122.44609822639568,47.611986305827955],[-122.44571857283289,47.61026333735056],[-122.4456708940744,47.608429881249805],[-122.44718121973939,47.594719014382228],[-122.44733896900219,47.5936261996562],[-122.44806124963009,47.591862518687144],[-122.45061128007228,47.587207385558678],[-122.45260547094901,47.583448167294272],[-122.45384790506654,47.580168177847753],[-122.45442203918618,47.578229372122443],[-122.45458772354554,47.576635327269372],[-122.45458772985087,47.576635136439236],[-122.45458773910016,47.576633937059327],[-122.45458773280004,47.576633692461975],[-122.45458764898262,47.576631839702536],[-122.45472308550534,47.574281357812666],[-122.45417770917096,47.571647479812221],[-122.45319748291445,47.569623886215901],[-122.45212309269664,47.56833060461669],[-122.45109773426216,47.567125057886528],[-122.44551603546671,47.558512507980474],[-122.44496855068434,47.557245537172655],[-122.44418968004001,47.554782255767968],[-122.44410132214543,47.552872021212686],[-122.44502980722794,47.544043889982156],[-122.4450423724238,47.543989241138384],[-122.44504242091972,47.54393472755028],[-122.44504501470792,47.540194728985007],[-122.44446189445031,47.536420817918362],[-122.44329959742525,47.532708779331088],[-122.44157085123996,47.529099298871593],[-122.43929474070241,47.525631922165658],[-122.43649629166433,47.522344576272189],[-122.43615156112548,47.521989845244434],[-122.43609746616438,47.521934190353441],[-122.43604554424077,47.521881945903495],[-122.42630268790482,47.512075850856434],[-122.41808420158632,47.501575255454199],[-122.41748432048465,47.500690411820109],[-122.4174603431307,47.500636145945521],[-122.41742562820689,47.500581992208346],[-122.4169929482681,47.499907052009291],[-122.41695823432357,47.499852899013852],[-122.41693992845759,47.499798571988926],[-122.40938323563373,47.486060569879584],[-122.40935323291617,47.486006007950827],[-122.40932798940227,47.485952105636549],[-122.40740835314767,47.481559421577181],[-122.40723577489327,47.481100894906376],[-122.37627094957058,47.496550349605371],[-122.37481703569647,47.497264560058198],[-122.37391603932487,47.499900237925026],[-122.3738050821627,47.500154293674527],[-122.37360639969214,47.500453516304773],[-122.37336263217617,47.500737006944391],[-122.37314778340173,47.500940983540012],[-122.37302789188035,47.501061199568809],[-122.37124633489158,47.502638362935073],[-122.37101152922139,47.502828267016312],[-122.37081998295187,47.503000945893199],[-122.37066730873218,47.503155146028057],[-122.37057377392858,47.503292923207127],[-122.37046516223809,47.503501757740054],[-122.3703896463463,47.503752906124184],[-122.37033544446258,47.504010853317531],[-122.37030255684354,47.504275598448196],[-122.37026046821443,47.505783022639257],[-122.3702559310866,47.505954479764767],[-122.37028004599966,47.506320005034361],[-122.37034627039401,47.506841018330697],[-122.37034748626164,47.50684681232736],[-122.37037897767155,47.507065191891243],[-122.3705470825592,47.50848166450259],[-122.37070561326375,47.512352311757894],[-122.37110611574289,47.517460469832692],[-122.36043632443118,47.517407133169556],[-122.3603812110624,47.5155685078022],[-122.35839163127675,47.51556755755044],[-122.35842482644151,47.517407132737276],[-122.3566645920624,47.517433269771935],[-122.35547900555372,47.517438912044753],[-122.3545523912866,47.517438489828045],[-122.35381837869343,47.517434260078801],[-122.35189292349351,47.517383353018445],[-122.35055375965298,47.517395022715938],[-122.34960953283382,47.517389646633916],[-122.34913036167922,47.517386643200716],[-122.34816741008359,47.517352914641016],[-122.3453391903744,47.517361056298121],[-122.34465319517936,47.517352559313338],[-122.34348925244775,47.517338133429199],[-122.34167175599507,47.517336709083686],[-122.34001511513456,47.517332986579241],[-122.33716016754583,47.517326700542199],[-122.33714752402224,47.51580471754135],[-122.3371307302923,47.514144674918917],[-122.33425551289255,47.514141682814518],[-122.33427408789048,47.514421415579903],[-122.33422368566495,47.514422191793969],[-122.33397821623619,47.514425968572404],[-122.33395400128808,47.514426342880469],[-122.33395757514013,47.514520787110925],[-122.33396115209123,47.514615282567867],[-122.33375007595055,47.514540975508396],[-122.33339057298959,47.514642712201052],[-122.3325490664237,47.51488084668528],[-122.3315884569126,47.515152675420794],[-122.33167196932038,47.515259816972836],[-122.33112345554234,47.515428320768194],[-122.33065872350811,47.514832180746311],[-122.33061473316117,47.514775783468053],[-122.33057965494284,47.51472393132623],[-122.33047676066056,47.514571829520428],[-122.33035433347609,47.514390853272467],[-122.33018933931581,47.514146949108657],[-122.33015239152594,47.514092362549306],[-122.330072219945,47.514093156989581],[-122.32725874642618,47.514118096723763],[-122.32852367720936,47.5165375343636],[-122.32908429509595,47.517199897531761],[-122.32912345223808,47.517359323614741],[-122.32919276937893,47.517560710619883],[-122.32949544829155,47.518332333936257],[-122.32957482870474,47.518486631318787],[-122.32959470996867,47.518618502063021],[-122.32980183970831,47.519594319717399],[-122.33073911392337,47.520832099814093],[-122.32585204979739,47.520832503939054],[-122.32581828810729,47.518746858039052],[-122.3257682826205,47.518746811034937],[-122.32220687065582,47.518743377271207],[-122.31984803720188,47.518741043195519],[-122.3183027582991,47.518739488579023],[-122.31744440182209,47.518738615883862],[-122.31742017400005,47.51873859108364],[-122.31751586919192,47.522165657577773],[-122.31751588461688,47.522166189017796],[-122.30976732843914,47.522116822943744],[-122.30971101007945,47.522116456896399],[-122.30968683740346,47.522116300059821],[-122.30968220563659,47.522170969525263],[-122.30967951309457,47.522202710637949],[-122.30963195147496,47.522763472196246],[-122.30956215221198,47.523104875990143],[-122.30953052575727,47.523407717651047],[-122.30953381932802,47.523473345495233],[-122.30954575035901,47.523711111259324],[-122.30960775889474,47.524011758022631],[-122.30965019401981,47.524127440827208],[-122.30971583727347,47.524306394339668],[-122.30986874993677,47.52459173407604],[-122.30998480370897,47.524761833241811],[-122.3103280645978,47.525058506366037],[-122.31076472298949,47.525536319481823],[-122.31130553623248,47.526221866247461],[-122.31150197964247,47.526418752815943],[-122.31165361344709,47.526537787258789],[-122.31185796346251,47.526626676984542],[-122.31270744282641,47.526835579722878],[-122.31460007094867,47.527361418399401],[-122.31743620032864,47.528240010103929],[-122.31741401541704,47.529447151137063],[-122.31825800055879,47.529462538119198],[-122.31827720604672,47.531799179112532],[-122.30518515310507,47.531685649097213],[-122.30508855815357,47.531058831584254],[-122.30335659965408,47.530256177154982],[-122.30159048739097,47.529354886676359],[-122.30092883391582,47.529041275305801],[-122.30028486801874,47.52798707159215],[-122.29990324660122,47.527097544934463],[-122.29987448661319,47.526974321109009],[-122.29978900809385,47.526621592360137],[-122.29975845590812,47.526264734474573],[-122.29976876364194,47.526026704065664],[-122.30010087474543,47.525008471871566],[-122.30021531746303,47.524827108807358],[-122.30035711345475,47.524654829862996],[-122.30050122754919,47.524516164396019],[-122.30056336171833,47.524460938209423],[-122.30049390587344,47.524461011036237],[-122.29364278418306,47.524467902261847],[-122.29317288743292,47.524468359835247],[-122.29138076116433,47.524470081398398],[-122.29138259982919,47.524311004542547],[-122.29141528833725,47.521482771828047],[-122.29141595545639,47.521428249829093],[-122.29141658272238,47.521373727542326],[-122.29142391031078,47.520740758038251],[-122.29141474551083,47.519565312879124],[-122.2913415371585,47.510173925242192],[-122.27807285536205,47.509896799193726],[-122.27810637996154,47.508171839452345],[-122.27803065648875,47.50816749143199],[-122.27783083154459,47.508155983379474],[-122.27755454575133,47.508120070892303],[-122.27728525907453,47.508064764729639],[-122.27703766037523,47.507994014038026],[-122.27687538732117,47.507928883767626],[-122.27673234566183,47.507855812001452],[-122.27652962730984,47.507767013287065],[-122.27627382483189,47.507620586557977],[-122.27618543607245,47.507569990223757],[-122.27609266989448,47.507504251570715],[-122.27598685192595,47.507443489905263],[-122.27587226576632,47.50739055281835],[-122.27575408945268,47.507346917634592],[-122.2756693744463,47.509870696991428],[-122.27021758991737,47.509687018773448],[-122.27025066942328,47.50704307632342],[-122.27027494914628,47.50576894194036],[-122.2702893901988,47.504380276846703],[-122.27031052380232,47.503741025055803],[-122.27034213719369,47.50232342727741],[-122.27036334254234,47.501503961700166],[-122.27089338285786,47.50163105629165],[-122.27068782344476,47.500352224549502],[-122.27031085054287,47.500284237134338],[-122.27027365136395,47.495548891732007],[-122.26858748644862,47.49553169284286],[-122.26802512230709,47.495525950755678],[-122.25961299488345,47.495615374604384],[-122.25953641281514,47.502557164365001],[-122.25083271950646,47.502907614750754],[-122.25060803931454,47.502482549698037],[-122.25046918070713,47.502103797674017],[-122.24962018060073,47.499345952758745],[-122.24863751155942,47.499370244090869],[-122.24086419822937,47.499248761362907],[-122.2408350894849,47.499649078257853],[-122.2408147162121,47.502905556814611],[-122.24795470775295,47.502926352809844],[-122.24882667855533,47.50300442253922],[-122.2487821274951,47.506365998895156],[-122.24795319526285,47.506368930187037],[-122.24802837610939,47.503083062043004],[-122.24563972524044,47.503080830781364],[-122.24549731217741,47.503882729254798],[-122.24628579045836,47.505222879643],[-122.24606160174446,47.506102172910985],[-122.24609829394693,47.507225096747909],[-122.24697395195246,47.508221178678532],[-122.24674291815008,47.508891113494094],[-122.24690987499135,47.509044094858716],[-122.24697728483362,47.509182745870298],[-122.24716449597858,47.50975119311866],[-122.24494253812556,47.509698835887896],[-122.24381767128834,47.509677610221708],[-122.23889809061355,47.509636957546896],[-122.21983482777893,47.50980841866599],[-122.23571172688455,47.517776723310412],[-122.24314356356774,47.52115351910097],[-122.24325218183527,47.521200076795076],[-122.24611215688562,47.52257853386336],[-122.24874394433549,47.524151868593805],[-122.2510711162811,47.525867815947059],[-122.2511919641849,47.525956965230485],[-122.25120442119672,47.525969932876407],[-122.2514811155651,47.526258405241776],[-122.25262932958583,47.527647594450244],[-122.25355690629442,47.529110460962684],[-122.25425364524449,47.530630968592128],[-122.25471199041178,47.53219245365424],[-122.25492678394819,47.533777821884897],[-122.25495044718427,47.53415483196413],[-122.25490490469674,47.535271305362755],[-122.25468734685403,47.536378426887026],[-122.25430005224331,47.537464070393433],[-122.25374727805087,47.538516340148192],[-122.25303506125053,47.539523730451101],[-122.25217122219078,47.540475180587109],[-122.25122788421351,47.541305147012764],[-122.25118794353308,47.541340298652379],[-122.25108562841498,47.541403968147371],[-122.24883859752899,47.542802247452634],[-122.24676116281941,47.544396730495301],[-122.24494119223992,47.546129449966273],[-122.2433986004057,47.547981480903026],[-122.24215030205751,47.549932503189005],[-122.24120998242421,47.551961166913038],[-122.24058800657768,47.554045249720723],[-122.2402945916367,47.556108755997585],[-122.24019599866423,47.558072851708651],[-122.24040119461237,47.560033147321192],[-122.24090800606339,47.561968187441565],[-122.24171091700869,47.563856734401028],[-122.24280115889195,47.565678096343014],[-122.244166754829,47.567412349059452],[-122.24579284006421,47.569040462037762],[-122.24766154517035,47.570544579566992],[-122.24975240633269,47.571908231946139],[-122.25104456801061,47.572619156190683],[-122.25117335222031,47.57269001414258],[-122.25120737954798,47.572703760433384],[-122.2518600565312,47.57296759828607],[-122.25378470746777,47.573621390280756],[-122.25571889165755,47.574114761406371],[-122.25586682302394,47.574152514121494],[-122.25588082763319,47.574155898786159],[-122.25721925423967,47.574479140969729],[-122.25861730482757,47.574932490192651],[-122.25993772851697,47.575482239456299],[-122.26116598590305,47.576122340053089],[-122.26228864472832,47.576845834517137],[-122.26329346120254,47.577644746374325],[-122.26416937827871,47.578510350775289],[-122.26486353160233,47.579379049254733],[-122.2649020200068,47.579427224294918],[-122.26493161415199,47.579487420305398],[-122.26542621973198,47.58049362933712],[-122.26625411044822,47.58275002330457],[-122.26650634728212,47.58378897228566],[-122.26672894078241,47.585052567999078],[-122.26682808369314,47.586171631212778],[-122.2668454414795,47.587376080032911],[-122.2667320381901,47.5888503010584],[-122.26660232087268,47.589695089468592],[-122.26225154452233,47.624783108308293],[-122.26224704549482,47.624819174393657],[-122.26222549277527,47.624892350809517],[-122.26110415166542,47.628701326498557],[-122.25960567559187,47.640616279344464],[-122.25911322230922,47.642643834296479],[-122.25819556601219,47.644978809656394],[-122.25692170126001,47.647236166048074],[-122.25530556295661,47.649391132058824],[-122.25336474779061,47.651420100771901],[-122.25118058843886,47.653250590124358],[-122.25109383700745,47.65332327405671],[-122.25104321064931,47.653354043632511],[-122.2495668171394,47.654251466168191],[-122.2459393013167,47.656139148132581],[-122.24214981870277,47.657714253109432],[-122.24200352882389,47.657775028598174],[-122.24198983820773,47.657780058998888],[-122.24018866445095,47.658440837655156],[-122.23793166288013,47.659464049485294],[-122.23584524984823,47.660641009987401],[-122.23395231269953,47.661958821314727],[-122.23227357070218,47.663403048785625],[-122.23082738972629,47.664957919210352],[-122.23069719823083,47.665159313434195],[-122.23024222950123,47.666010140076857],[-122.22992142522082,47.666888426637165],[-122.22973822649504,47.667784552154579],[-122.22969474290942,47.668688716165789],[-122.22999641017482,47.677179980728617],[-122.23028381577279,47.679568389383981],[-122.23035338106182,47.680036118555478],[-122.23058876189586,47.680908683912428],[-122.23095794372054,47.681759890274485],[-122.23145687211347,47.682580346066892],[-122.232080085424,47.683361083205426],[-122.23282075830016,47.684093552035876],[-122.23367074292845,47.684769708077347],[-122.23632208892285,47.686231695702062],[-122.24182577968345,47.688804840774729],[-122.24246655444988,47.689072131699],[-122.24696987510706,47.691210285487792],[-122.25106422067343,47.693622759111392],[-122.25507509249404,47.69687336631776],[-122.26073889070054,47.702271712017762],[-122.26527691355336,47.708075505922515],[-122.26915189026815,47.714131811751322],[-122.27193701876347,47.720441372895166],[-122.27332026939405,47.725920490720299],[-122.27360140456403,47.726935094966805],[-122.27438221249812,47.73349727106649],[-122.28370837886827,47.733612600800022],[-122.29108769306329,47.733722679461636],[-122.29254011376091,47.733767535250855],[-122.29267346801217,47.733769427546797],[-122.31255032296683,47.734049767992779],[-122.33408556778994,47.7342377213362],[-122.35550974738938,47.734137648508757],[-122.35594473668424,47.734120765438348],[-122.37464747883722,47.734488598955323],[-122.37612874473398,47.734515649053307],[-122.42954352971992,47.735286357144908],[-122.43018786697057,47.734632679456439],[-122.43168545286393,47.732767993381017],[-122.43242792970315,47.731564096767343],[-122.43310119384321,47.730179824865957],[-122.43384229902564,47.727878492888337],[-122.43422147642954,47.726269750347676],[-122.43448083674248,47.723964986546285],[-122.43496418191241,47.7203549026502],[-122.43578128469021,47.716110279539663],[-122.43612786685956,47.714981785347547],[-122.43658911873341,47.713901508746673],[-122.43760143261235,47.712469796467865],[-122.43912130238144,47.711246778971926],[-122.44121776618884,47.709726857443613],[-122.44382392075894,47.707822966342434],[-122.4453826931933,47.706544599875116],[-122.44606582454605,47.705604608899691],[-122.44725596500879,47.703479536252942],[-122.45813693735671,47.683495467125844],[-122.45845928010542,47.682740324995798],[-122.45860777731573,47.681827841265374],[-122.45876916975148,47.680437896438271],[-122.45924276261746,47.674122559028454],[-122.45919721198943,47.672207989111513]]]},"properties":{"CityName":"Seattle"}},{"type":"Feature","geometry":{"type":"Polygon","coordinates":[[[-122.37734248689551,47.777618204004277],[-122.37764180556967,47.777618769099149],[-122.37764211138196,47.777820675359592],[-122.38276654513837,47.777831338744157],[-122.38571049253306,47.777836911401458],[-122.39328560962608,47.777970335593878],[-122.39470126605144,47.77797786217846],[-122.39459538018065,47.777831395698627],[-122.3945642715277,47.777780293166359],[-122.39454269893014,47.777732660430864],[-122.39453079984924,47.777703476118162],[-122.39451997460404,47.777678884529571],[-122.39450276583123,47.777640085613619],[-122.39448558986493,47.777604528085845],[-122.39446044444477,47.777559765131599],[-122.39445292271084,47.777548893716123],[-122.39443924540586,47.77753032300933],[-122.39442979709942,47.777518191056544],[-122.39442573147433,47.777513602696679],[-122.39440431942622,47.777490727020975],[-122.3943940344902,47.77748271678626],[-122.39438378168619,47.777476094911727],[-122.39436456565248,47.777466270999071],[-122.39435765384825,47.777462665136923],[-122.3943149092225,47.777434644095223],[-122.39428977658265,47.777415211789631],[-122.39428338116878,47.777411191872147],[-122.39427510457013,47.777404413855592],[-122.39426760969984,47.777398226769165],[-122.3942605145526,47.777391872193732],[-122.39423556795984,47.777362904496883],[-122.39421910525029,47.777342674244139],[-122.39420963823638,47.777329752785185],[-122.39415307320489,47.777250260091591],[-122.39405106203041,47.777065038694644],[-122.3940098551257,47.776971469644529],[-122.39398910208809,47.776917264124684],[-122.39396342883451,47.776854556690154],[-122.39394002609029,47.776799316411875],[-122.39389124836853,47.776687412317926],[-122.39387592276914,47.776647885677342],[-122.39380907464654,47.776452250312715],[-122.39377825538919,47.776310934814482],[-122.39376230857104,47.776244150606729],[-122.39372673420959,47.776083900381181],[-122.39370360934751,47.775962796983606],[-122.39367802851055,47.775760497208402],[-122.39367853422422,47.775733037008067],[-122.39368883139743,47.775690194584037],[-122.39370418262241,47.775619082513224],[-122.39371499155087,47.775547228083894],[-122.39371736815825,47.775477775173179],[-122.39370805151557,47.775404030950938],[-122.39370646921687,47.77537182531168],[-122.39370843572614,47.775358813184724],[-122.39369176899696,47.775161187870481],[-122.3936903697513,47.775124567941965],[-122.39368709853915,47.775080313371681],[-122.39367801059844,47.775034376371188],[-122.39367296236145,47.775013210156352],[-122.39366697553231,47.774991618361256],[-122.39364576313316,47.77492605904186],[-122.39359271167817,47.774782521590595],[-122.39357986933911,47.774742070445335],[-122.39357398835632,47.774718053581182],[-122.39356998502046,47.774700145656134],[-122.39355999244574,47.774602058307572],[-122.39357971245028,47.774438974424982],[-122.3936984755006,47.773611170951064],[-122.39383912437827,47.772880350585368],[-122.39392945301076,47.772673882035441],[-122.39401470541533,47.772390083222035],[-122.39401413978371,47.772076257420238],[-122.39395240183288,47.771771316300907],[-122.39387775800554,47.771556065522716],[-122.39379065177033,47.771472965065307],[-122.39367736836552,47.771390162361868],[-122.39354028646058,47.771269989390966],[-122.39332520092412,47.771033528123915],[-122.39310327103442,47.770783845180809],[-122.39290751817369,47.770533918144487],[-122.39268529060392,47.770270998930272],[-122.3922409970732,47.76989763544686],[-122.3921005972542,47.769775289021652],[-122.39203975259396,47.769691942401089],[-122.39204972309415,47.7695548067286],[-122.39201525413628,47.769480012660885],[-122.39188190325666,47.769379738160694],[-122.39171549237768,47.769266511381261],[-122.39157553971808,47.769161864501299],[-122.39131468281127,47.768930282960937],[-122.39121469636264,47.768856165644799],[-122.39104319782541,47.768661222503447],[-122.39088917427094,47.768516925770868],[-122.39077519776822,47.768403183800928],[-122.3905693888268,47.768285950624559],[-122.39037016429174,47.768168647567343],[-122.38958937135433,47.767548997580136],[-122.38940273806236,47.767409474213828],[-122.38914958400764,47.767226427609579],[-122.38891646301211,47.76706085252917],[-122.38843808340366,47.766769620559593],[-122.38826474115012,47.766638782664131],[-122.38809714155158,47.766472531455619],[-122.38793064455422,47.766354887648589],[-122.3876783996797,47.766168751322688],[-122.3875972869664,47.766098058566129],[-122.38746814918817,47.765954862531636],[-122.38742345278156,47.765883032404368],[-122.38736351706385,47.765773388689816],[-122.38728202497838,47.765587972919512],[-122.38720385628581,47.765404755906779],[-122.38718377451056,47.765347599404294],[-122.38717054283984,47.765298570350964],[-122.38715933983158,47.765242793509977],[-122.38715933267885,47.765194363371819],[-122.38718174983838,47.765137150856091],[-122.38719530069001,47.765100484719774],[-122.38723618670294,47.765052397771882],[-122.38726744888952,47.765020016412073],[-122.38729577838637,47.765002592215467],[-122.38731847315603,47.764980758538393],[-122.38737833649813,47.764892980822161],[-122.38741445703693,47.764830777774172],[-122.38743516603986,47.764769469269311],[-122.38746117442038,47.764626528448254],[-122.38748295559483,47.764514545989805],[-122.38750090114542,47.764429404690809],[-122.38750031239395,47.764307246899165],[-122.3874629667696,47.764231718857815],[-122.387289316821,47.764035264898069],[-122.38698054664125,47.763768128865266],[-122.38650180855886,47.763466704015833],[-122.38553227075317,47.762921036003206],[-122.38523430278013,47.762737895687621],[-122.38496361608884,47.762578472090389],[-122.38455963740395,47.762432456068318],[-122.38431534117113,47.762260775040261],[-122.38395519534342,47.762084262552527],[-122.38384934246362,47.762008836551487],[-122.38351251580924,47.761800487548882],[-122.38329451458722,47.76161050263547],[-122.38323163085086,47.761586224631003],[-122.3831719682147,47.761556084606738],[-122.38286910963637,47.761302495955164],[-122.38255772082695,47.761116463400725],[-122.38223090139842,47.76083748699503],[-122.38168708395656,47.760410568146334],[-122.38132316051245,47.760065889241346],[-122.38049678834996,47.759152299065917],[-122.38037606572659,47.758931267599365],[-122.38029083003769,47.758703879631355],[-122.38023374146009,47.758542284785335],[-122.38006783766814,47.758291699019587],[-122.37996371074486,47.7580164278992],[-122.37986359377906,47.757524894022268],[-122.37981906784593,47.757130359804542],[-122.37980046656278,47.756996916022366],[-122.37977321330648,47.756823738262405],[-122.37976899417279,47.756735173447005],[-122.37977995106945,47.756629947180038],[-122.37979751120911,47.756520157542873],[-122.37984394284035,47.756359735525962],[-122.379889213872,47.756294716741934],[-122.37992678312501,47.75628231984593],[-122.38001301629433,47.75615828931943],[-122.38011875747577,47.75591243868724],[-122.38022463344613,47.755672578487996],[-122.38030534063398,47.755550837700831],[-122.3806285539119,47.755227660702189],[-122.38075339180276,47.755088989330631],[-122.38091649506219,47.754870305204705],[-122.38094805075951,47.75483843963751],[-122.38098100112974,47.75482009692918],[-122.38102626136437,47.754801273754353],[-122.38106697625662,47.754718812719737],[-122.38116264700312,47.754648100827026],[-122.38118501424603,47.754561742112799],[-122.38130966578827,47.754429199828706],[-122.38133627897463,47.754260726421393],[-122.3813568862746,47.754096426337505],[-122.38140771772142,47.753923618763139],[-122.38144989112975,47.753773453396839],[-122.38146481170472,47.753625637098438],[-122.38144969321863,47.753494499446269],[-122.3814027779333,47.753302181813496],[-122.38145286767457,47.753096557250657],[-122.38149528535071,47.752821279431821],[-122.38157100202301,47.75253953148426],[-122.38167280515988,47.752202084043525],[-122.38179241115039,47.751880387907036],[-122.38182848960115,47.751794895810114],[-122.38186232641563,47.751744292585904],[-122.38190508603275,47.751686433961453],[-122.38192695892663,47.751646222276761],[-122.38195423516676,47.751575174526344],[-122.382011397892,47.751414612530006],[-122.38206080638709,47.751277337642946],[-122.38217350900399,47.750930868808425],[-122.38231553625882,47.750520195929354],[-122.38237619806233,47.75037512322875],[-122.38243481239806,47.750246715117754],[-122.38247074620946,47.750203171700285],[-122.38253992202469,47.750107832562655],[-122.38261256119729,47.749947709984475],[-122.38263972261957,47.749853836984293],[-122.38264485014045,47.749816166056576],[-122.38266106903707,47.749403481632179],[-122.38266263953464,47.749362088075571],[-122.38266726051837,47.749314479922674],[-122.38266349503485,47.749262136658338],[-122.38265629677551,47.749174008090719],[-122.38265396054706,47.749127752420158],[-122.38265806665711,47.749080558245986],[-122.38266680228662,47.749038110194526],[-122.3827023908636,47.748837777904704],[-122.38270759014389,47.748781828836826],[-122.38270545260667,47.748744314437147],[-122.38268391575934,47.748679459463332],[-122.38268185626772,47.748645430442359],[-122.38268876252512,47.748606053194955],[-122.38271038723714,47.748533373477095],[-122.38271093183445,47.74850018947668],[-122.38270227300329,47.748460099426467],[-122.38264250701449,47.74830656299028],[-122.38262506977739,47.748222924246669],[-122.38261848944987,47.748133482240767],[-122.38261767409359,47.748040057777182],[-122.38263024144391,47.748024211439699],[-122.38264149762692,47.748005763136469],[-122.38263922064476,47.747962121462969],[-122.38262173225002,47.747933480847358],[-122.38259092927649,47.747887516157924],[-122.382561833267,47.747858123292978],[-122.38253312971325,47.747847957287007],[-122.38251339215344,47.747834186373169],[-122.38243713842417,47.747723202888245],[-122.38239251999032,47.747666402446143],[-122.38232151441787,47.747562448002526],[-122.3822418339678,47.747412274169896],[-122.38220069936628,47.747278839240849],[-122.38216164395708,47.747124816200312],[-122.38217566785637,47.747071473175041],[-122.38217138285827,47.746994291847891],[-122.38216355058566,47.74687083920206],[-122.3821401563149,47.74673607788106],[-122.38209698720131,47.746621676740979],[-122.38207101216976,47.746576615593874],[-122.38200525057525,47.746504559884656],[-122.3819444597335,47.746382439053477],[-122.38191527357017,47.746325698572441],[-122.38188623838623,47.746284645537841],[-122.38186740925741,47.746262828746332],[-122.38185098774058,47.746245617559502],[-122.38171462277846,47.746124899112779],[-122.38158063054259,47.745989309709088],[-122.38147434986313,47.745871904741968],[-122.38141810169616,47.745802556175107],[-122.38139928524602,47.745732823871585],[-122.38129943556719,47.745644500145026],[-122.38124071576516,47.745592664948013],[-122.38119893038025,47.745527036182224],[-122.3811205662689,47.745370500341359],[-122.38105945114705,47.745276903467499],[-122.3809837567531,47.745238834424448],[-122.38097697365141,47.745192296666438],[-122.38064949259933,47.744836300353178],[-122.38057074787062,47.744727356264526],[-122.38039743939639,47.744443600261725],[-122.38034414918751,47.744378088742842],[-122.38012586579765,47.744143362170782],[-122.38008117224516,47.744075828643119],[-122.37997233361571,47.743970107171535],[-122.37985430602356,47.743845465648214],[-122.37946448891846,47.743256436733553],[-122.37916533123317,47.742862390675718],[-122.37902872125585,47.742543470437809],[-122.37890681866693,47.742354089543802],[-122.37883215442149,47.742174850125323],[-122.37864750963237,47.74198611108141],[-122.37850819636874,47.741722813948989],[-122.37833576864236,47.741380395519094],[-122.37815654137371,47.741085744074468],[-122.37782980831412,47.740684019963176],[-122.37766000347796,47.740458080372996],[-122.37739097407632,47.740005479059761],[-122.37661288546251,47.738718850227521],[-122.37638426296648,47.738318787244175],[-122.37631486821412,47.738022981639858],[-122.37620271617484,47.73791821566423],[-122.37607006740875,47.737601888915819],[-122.37585466210639,47.737090492319943],[-122.3757951635254,47.736884615528119],[-122.37573431817037,47.736620483911494],[-122.37563629152136,47.73644676248189],[-122.37559459560568,47.736335990807632],[-122.37556749655404,47.736177426656127],[-122.37551507891253,47.735939686455588],[-122.37541519381456,47.735681264263945],[-122.37532897717099,47.735510064311811],[-122.37522668065229,47.735320504253011],[-122.37508455087836,47.735104871803486],[-122.37493284977373,47.734809903076282],[-122.37464747883722,47.734488598955323],[-122.35594473668424,47.734120765438348],[-122.35594330529385,47.734319010981046],[-122.34534245986087,47.734353784489556],[-122.33417538145564,47.734418609160542],[-122.31269751374116,47.734218427619766],[-122.30190765190143,47.734078972906261],[-122.30160198052518,47.734073263106175],[-122.29271929932727,47.733952938226871],[-122.29274657829669,47.734438648340195],[-122.29266596829449,47.735405397271087],[-122.29244428457807,47.736250451008324],[-122.29224999852663,47.736554492457053],[-122.29281368533317,47.736968614467436],[-122.29283911515125,47.73698150060482],[-122.292865977584,47.736991512366458],[-122.29289662904154,47.737001188059153],[-122.29293484126623,47.737009402096177],[-122.29296664853362,47.737014518333019],[-122.2930021779034,47.737016165569372],[-122.29380810268435,47.737027444541575],[-122.29381500315304,47.73735445259188],[-122.29929516639699,47.737430221583715],[-122.2993590684849,47.740931740362953],[-122.29436986966736,47.740932950670491],[-122.29437758843579,47.742894016191073],[-122.29568262345802,47.742904984334665],[-122.29568842316345,47.743179424833727],[-122.29571142070014,47.743191734239971],[-122.29571571218479,47.744294904513815],[-122.29640224014663,47.744300860490313],[-122.29640385228792,47.744709414046056],[-122.29700963787528,47.744714672150948],[-122.29702395431188,47.748310376432883],[-122.29872014763092,47.748325043407654],[-122.29872370938416,47.74920426951072],[-122.29866671438171,47.749388984346012],[-122.29866108995748,47.74957151471115],[-122.29865873956238,47.749611143344602],[-122.2986725178565,47.749662901317947],[-122.29869060796324,47.7496932347048],[-122.29875054114073,47.749752039287578],[-122.29882434291187,47.749792541103886],[-122.29889766808361,47.749810548653635],[-122.29906915761561,47.749821725248729],[-122.29989389905407,47.749826631811253],[-122.30014073152755,47.749798564925619],[-122.30034880696151,47.749740908043393],[-122.30064581364029,47.749686668651492],[-122.30094354632465,47.749666689139673],[-122.30115923311421,47.749668883868971],[-122.30153444676448,47.74971233111814],[-122.30161839043994,47.749730125708396],[-122.30179884754328,47.749773709388805],[-122.30180020376329,47.749883115482206],[-122.30190307028623,47.750015675399169],[-122.30204479900711,47.75012585079461],[-122.30263226601561,47.750334301738988],[-122.3026569568961,47.750376637667927],[-122.30269679499322,47.750946501903009],[-122.30267074879244,47.751058706014526],[-122.30250161738601,47.751361576520843],[-122.30242406413115,47.751608157151118],[-122.3024453069321,47.751826245461409],[-122.30249603717182,47.752038790637172],[-122.30258924842515,47.752245014864386],[-122.30273917763483,47.752440285522262],[-122.30287150953062,47.752564032824658],[-122.30261450895956,47.752676534614153],[-122.30230499722157,47.752897109507977],[-122.30214553520513,47.753098582599016],[-122.30149394943631,47.754438240280244],[-122.3015056193175,47.754986878794213],[-122.30171294644369,47.755698448313701],[-122.30203441050656,47.756680400323759],[-122.30224076725841,47.757195802682148],[-122.30297487572467,47.757885197381825],[-122.30363789870651,47.758174243520308],[-122.30386215631157,47.758230310570802],[-122.30464665695118,47.758426546743991],[-122.30410934022517,47.758628542617792],[-122.30395364920828,47.758687057974186],[-122.30387124039592,47.75892393025898],[-122.30385339747676,47.759455251000666],[-122.304086206382,47.759789120068127],[-122.30679159449501,47.761313760948553],[-122.30733932454257,47.761738269302484],[-122.30816220223429,47.763088161806216],[-122.30634432145965,47.763075498512244],[-122.30634757344959,47.76336974625648],[-122.30635836466588,47.764344298657427],[-122.30676339725282,47.764440255126061],[-122.30678752108867,47.766619348047563],[-122.30820160078096,47.76662919633111],[-122.30820613732249,47.76703779999584],[-122.30921615490321,47.767044830623597],[-122.30922189545242,47.767564143447537],[-122.3096463926624,47.769226744639816],[-122.31025034046776,47.769230927918613],[-122.31025497382208,47.769649115820194],[-122.31076219111033,47.769779202734448],[-122.31136747741449,47.769783395605586],[-122.31136898349978,47.76991959498698],[-122.31237908969685,47.769926601378252],[-122.31237438931467,47.769494686882574],[-122.3136235930493,47.769505457283195],[-122.31333697343834,47.769887395346416],[-122.31326004192007,47.769947468401185],[-122.31276558282099,47.770190038607034],[-122.31163512124274,47.770643293576008],[-122.310542439279,47.771076724469772],[-122.3096016613966,47.771070338557266],[-122.3095341223116,47.771129608894185],[-122.30941538610975,47.771339645382866],[-122.30835588742185,47.771074015002107],[-122.30813549518311,47.770964915788539],[-122.30790625669546,47.770740632407843],[-122.30778347896918,47.770625764716179],[-122.30719538045329,47.770628362319819],[-122.30714883287001,47.771462032551511],[-122.30632383024358,47.771464334377008],[-122.3063325231858,47.771107031933269],[-122.30594142822551,47.771105781394859],[-122.30595263489953,47.770939933201205],[-122.30538216127823,47.77093551488489],[-122.3053565170969,47.77030941170392],[-122.3025653239264,47.77030687696999],[-122.29758462493585,47.770266230015181],[-122.29772915420935,47.777456636126111],[-122.3137864099302,47.777600211592102],[-122.3137846586812,47.777518653822305],[-122.31378237513319,47.777412343408137],[-122.31389974009197,47.777415177048645],[-122.32768463479701,47.777481999957381],[-122.33525364886383,47.77751864478617],[-122.34597310222586,47.777569244885612],[-122.35149612773841,47.777589729791082],[-122.36173083917868,47.777601579824427],[-122.36173087027957,47.777808036635555],[-122.36397485544667,47.77781047251041],[-122.36644032678305,47.77781307875253],[-122.36707732431204,47.777816482633717],[-122.36707265259734,47.777607485525202],[-122.37734248689551,47.777618204004277]]]},"properties":{"CityName":"Shoreline"}},{"type":"Feature","geometry":{"type":"Polygon","coordinates":[[[-122.27575408945268,47.507346917634592],[-122.27587226576632,47.50739055281835],[-122.27598685192595,47.507443489905263],[-122.27609266989448,47.507504251570715],[-122.27618543607245,47.507569990223757],[-122.27627382483189,47.507620586557977],[-122.27652962730984,47.507767013287065],[-122.27673234566183,47.507855812001452],[-122.27687538732117,47.507928883767626],[-122.27703766037523,47.507994014038026],[-122.27728525907453,47.508064764729639],[-122.27755454575133,47.508120070892303],[-122.27783083154459,47.508155983379474],[-122.27803065648875,47.50816749143199],[-122.27810637996154,47.508171839452345],[-122.27807285536205,47.509896799193726],[-122.2913415371585,47.510173925242192],[-122.29141474551083,47.519565312879124],[-122.29364278418306,47.524467902261847],[-122.30049390587344,47.524461011036237],[-122.30056336171833,47.524460938209423],[-122.30050122754919,47.524516164396019],[-122.30035711345475,47.524654829862996],[-122.30021531746303,47.524827108807358],[-122.30010087474543,47.525008471871566],[-122.29976876364194,47.526026704065664],[-122.29975845590812,47.526264734474573],[-122.29978900809385,47.526621592360137],[-122.29987448661319,47.526974321109009],[-122.29990324660122,47.527097544934463],[-122.30028486801874,47.52798707159215],[-122.30092883391582,47.529041275305801],[-122.30159048739097,47.529354886676359],[-122.30335659965408,47.530256177154982],[-122.30508855815357,47.531058831584254],[-122.30518515310507,47.531685649097213],[-122.31827720604672,47.531799179112532],[-122.3161182476594,47.530655778297451],[-122.31433798875126,47.529484074321765],[-122.31304447248638,47.528685968399905],[-122.311834231143,47.528049160789742],[-122.31078580947681,47.527518892235172],[-122.3099755341393,47.526932210844571],[-122.30940454954573,47.526343216137377],[-122.30907059173249,47.525643802709226],[-122.30872855987015,47.524566076187618],[-122.30843495620513,47.523728014916806],[-122.30804916406562,47.522626772802369],[-122.30788275501558,47.522304081724847],[-122.30777217401199,47.522044135232321],[-122.30611962469341,47.518159128326388],[-122.30581107238136,47.517083282744217],[-122.30551671735162,47.516056901390279],[-122.30500388738797,47.514440263276107],[-122.30465568860402,47.513672862514909],[-122.3044839094526,47.513406091947381],[-122.30436600902233,47.513268683030098],[-122.30419647119101,47.513105798883146],[-122.30399228920561,47.512943115844656],[-122.30394953163602,47.512909048290972],[-122.30380445033619,47.512823694275696],[-122.30760849980555,47.512663773021309],[-122.30770585144543,47.512659678371641],[-122.30682177227791,47.512111775220234],[-122.30626699739555,47.511767946993061],[-122.30542461380094,47.511130798013838],[-122.30459612581568,47.510504138633749],[-122.30421109799916,47.510202053162942],[-122.30377518274138,47.509860035967954],[-122.30361334030445,47.50972154569353],[-122.30325755596903,47.509417094069562],[-122.30233171193508,47.508487290584682],[-122.30159575745775,47.507535301221957],[-122.30095651852625,47.506528994247688],[-122.30092558584855,47.506474043901193],[-122.30074158837557,47.506147179535262],[-122.30066170958075,47.506005277730409],[-122.30061866483219,47.505928809279041],[-122.29989240046413,47.504438639757325],[-122.29970287005968,47.504049742330771],[-122.2997011500515,47.504046212683001],[-122.29958625162935,47.503810447832961],[-122.29921567369021,47.503045260112884],[-122.2983831978194,47.501326233819107],[-122.29820642643499,47.500972300525845],[-122.29814233502398,47.50084397399818],[-122.29791659127552,47.500479600076311],[-122.29752879414555,47.499787416915126],[-122.297418479312,47.499351667849858],[-122.29732089688946,47.49896620130761],[-122.29728173081739,47.498811487186359],[-122.29726141229101,47.498731639146385],[-122.29682434492506,47.497013934483029],[-122.29663598504905,47.496070249411417],[-122.29663565997232,47.496039531014077],[-122.29556046711046,47.49452681360706],[-122.29555709680979,47.4945220714595],[-122.29421186277439,47.492629288461075],[-122.29510192323934,47.49262421323742],[-122.29509539882829,47.491738362610647],[-122.29442605758985,47.49174076212875],[-122.29421065958259,47.491741533299049],[-122.29419819893785,47.490487710448228],[-122.29330760579819,47.490490877595022],[-122.29322596573311,47.490491147152881],[-122.29321786928654,47.490444582632918],[-122.29318053909068,47.490229668168801],[-122.29314175777965,47.490113135042584],[-122.29309249781942,47.489965110592266],[-122.29296411789855,47.489708248390585],[-122.29279682566359,47.489461900514236],[-122.29259248915918,47.489228722539536],[-122.2924803618951,47.489123378911358],[-122.29242493431512,47.489071264929166],[-122.29253250561887,47.489070201456272],[-122.29714505953281,47.489057080178803],[-122.29677087841098,47.488362041585475],[-122.29671820039215,47.488253508624261],[-122.29590626999459,47.486226870052853],[-122.29572210547687,47.485648733466],[-122.29570423806872,47.48559272246424],[-122.29568829070544,47.485540017683405],[-122.29511122076701,47.48363581341507],[-122.29468088076274,47.481880660280694],[-122.29455124378734,47.481019810129503],[-122.29438366471611,47.480423892425947],[-122.29410153390805,47.479790205521937],[-122.29398403335651,47.479583391911802],[-122.29395263421151,47.47952813621],[-122.29390504434059,47.479421949629725],[-122.29109207629551,47.474841985100049],[-122.29027246231668,47.473684308433022],[-122.29022970302886,47.473623898862385],[-122.29020380948009,47.473575922745717],[-122.28969221495288,47.472730450055501],[-122.28933763947914,47.471774085195868],[-122.28927395748899,47.47153405784934],[-122.28925798256628,47.471473908798707],[-122.28925129581883,47.47142522944764],[-122.28881845219844,47.468282495132406],[-122.28875586001371,47.467863643563994],[-122.28874590535494,47.46779708357883],[-122.28873834698216,47.467754763626203],[-122.28869392535623,47.467506941786326],[-122.2886023989076,47.467236673111195],[-122.28858031756801,47.46718238811107],[-122.28850156765807,47.46718478129791],[-122.2877325848289,47.467207982981733],[-122.28815454790245,47.466385546688997],[-122.28817320664652,47.466349162474962],[-122.28820983049386,47.466275966573527],[-122.28946957758428,47.463758638852582],[-122.28995960983114,47.462779346651693],[-122.29076826901284,47.461163180448054],[-122.29129680258957,47.460079850857625],[-122.29132351377727,47.460025068284587],[-122.29124338842433,47.460024694880339],[-122.2810602513802,47.459975966536447],[-122.28097952324185,47.459975565607529],[-122.28097999627506,47.459909339993601],[-122.28099226213837,47.45814709595021],[-122.2809137975449,47.456961149239071],[-122.28082154259532,47.456248942052568],[-122.27175149582098,47.45622512799946],[-122.27167109667712,47.456224909106673],[-122.27166402423734,47.45617045075366],[-122.27166948034045,47.454715973721093],[-122.27094276009439,47.454717061135554],[-122.27094989512227,47.454386511219475],[-122.26828375361849,47.454405991746334],[-122.26824501877485,47.452282342399158],[-122.26966864389685,47.452265943947431],[-122.26966557688725,47.451990096439289],[-122.26890572141799,47.451997294303581],[-122.26890360875085,47.451721268547871],[-122.26794983751628,47.451728531447685],[-122.26796868514812,47.451369096678242],[-122.26735247157208,47.451376295332075],[-122.26704783357773,47.451388059869089],[-122.267300597428,47.449646974324132],[-122.26750893761772,47.449111013590652],[-122.26890096332949,47.449113380843208],[-122.26889726537033,47.447833118773765],[-122.26463834757266,47.447791282297509],[-122.26559312240464,47.445180224211612],[-122.26665299281728,47.445193381816999],[-122.26689054256609,47.443754932812446],[-122.26497662592745,47.443141149362518],[-122.26517848566785,47.438451889946307],[-122.27052993905147,47.435031274435559],[-122.27052066954708,47.433164959654725],[-122.27009570209123,47.433160838266375],[-122.26999879962442,47.433157721298649],[-122.26993490006552,47.433157187483573],[-122.26982861132717,47.433156302304944],[-122.26991075540558,47.43259463519064],[-122.26984329829538,47.431793790842505],[-122.27003367103092,47.431254243049359],[-122.27058861687767,47.430810653609214],[-122.27131595193033,47.430298929306346],[-122.27307672982812,47.429011510330518],[-122.27470260149313,47.42765309151816],[-122.27568897850085,47.426697356076126],[-122.27721749525598,47.424729945912382],[-122.27758873646714,47.424118985867217],[-122.27767465128403,47.423631760742957],[-122.27768373848981,47.422919735398438],[-122.27773931480777,47.422178985932902],[-122.27799033179937,47.421666824489002],[-122.27828749597933,47.421304857790105],[-122.27885977071256,47.42078712674703],[-122.28005040634193,47.41998776878345],[-122.28083505079076,47.419445901532796],[-122.2803230822789,47.419460225390104],[-122.27937824798472,47.419459222132019],[-122.27878578633938,47.419458282849646],[-122.27862939898779,47.419485554213999],[-122.27856619035128,47.419532376527322],[-122.27829661300058,47.419780986076709],[-122.27813493472922,47.41990188167604],[-122.27804367827397,47.419931317823035],[-122.27793399066077,47.419962650803903],[-122.27769913699203,47.419965222064832],[-122.27747694634246,47.41996524023557],[-122.27732328659611,47.41975496059186],[-122.2773263961567,47.419510048097813],[-122.27703621859358,47.419513200668518],[-122.27623574394001,47.419520204825105],[-122.27333254264185,47.419560173495221],[-122.26766219163268,47.419629200205925],[-122.26713380106146,47.419626763459448],[-122.2668574880777,47.420046853448888],[-122.26622035080301,47.42063263142304],[-122.2657511329228,47.421077653284314],[-122.26528761512959,47.421800919333329],[-122.26516665682266,47.422567324798749],[-122.26542051268133,47.423283782074471],[-122.26554628290138,47.42344870605865],[-122.26594724199322,47.423974481601526],[-122.26671120068687,47.424570178189491],[-122.26712081864761,47.425107300388454],[-122.2672028197278,47.425214825317653],[-122.26727781437326,47.42553876350717],[-122.26714973140832,47.425957380157264],[-122.26651534977704,47.426682256779742],[-122.26621835951205,47.427195223961753],[-122.26612678944014,47.427729450979797],[-122.265899548872,47.428311309527444],[-122.26556645668833,47.428731858237455],[-122.2648560915907,47.429086416207035],[-122.26407548468188,47.429348849833573],[-122.26301873623902,47.429474777992347],[-122.26178876159044,47.429486370506822],[-122.26038841033896,47.429522730667038],[-122.25953664795122,47.429646701271515],[-122.25899235733922,47.429767749565919],[-122.25837512183953,47.430398244007442],[-122.25829423651719,47.430725064856702],[-122.25840913972237,47.431156011626136],[-122.25844225341234,47.431280203985871],[-122.25889859891625,47.43176728230933],[-122.25941407553421,47.432013108637101],[-122.26008656559215,47.432163413316118],[-122.26040968576463,47.432235630429176],[-122.26046727522601,47.432249090462378],[-122.26121000703317,47.432422679182963],[-122.26126812066335,47.432436261330842],[-122.26181764717121,47.432570217707308],[-122.26243598663162,47.432726698020076],[-122.26285264418279,47.433047411244246],[-122.26300446114432,47.433314864309125],[-122.26282720584184,47.433838272552777],[-122.26258637059321,47.434176770473414],[-122.26225798658383,47.434411749996393],[-122.26185944374588,47.434560444114879],[-122.26141704759986,47.43465155717373],[-122.2609308376083,47.434690925027503],[-122.26045223692373,47.434683841824814],[-122.26004887359026,47.434594882813677],[-122.25961711660943,47.434372838882027],[-122.25906367540225,47.434047621677252],[-122.25873303280633,47.433755071629982],[-122.2583870924398,47.43354961147287],[-122.25799939438441,47.433390946544591],[-122.25758038715932,47.433371679486967],[-122.25721210369646,47.433378762183843],[-122.25643716193996,47.4334519874986],[-122.25134404957171,47.433542332786899],[-122.25126381348205,47.433548590599834],[-122.25118344369029,47.433548332423229],[-122.2487080625606,47.433533013389173],[-122.24864078528891,47.433532331558368],[-122.24862650238674,47.433587048867068],[-122.24792290945443,47.436285782910424],[-122.24770062984129,47.437063279457114],[-122.24757285100205,47.437409307837669],[-122.24739244954748,47.437744348035146],[-122.24729946789769,47.437883744161752],[-122.24710208516703,47.438078639559492],[-122.24687578428075,47.438258481795657],[-122.24662297724568,47.438421284030397],[-122.24654970957208,47.438462562175836],[-122.24636570229428,47.43857785709352],[-122.24620047045539,47.438705545641078],[-122.24605583430211,47.438844275378308],[-122.24593337059238,47.438992504098337],[-122.24583437161316,47.439148585005711],[-122.24576001080354,47.439310844292891],[-122.24574544792237,47.439351793494595],[-122.24566054007265,47.439755983226448],[-122.24563839886812,47.440163950671938],[-122.24567917598675,47.440571278157577],[-122.24578250078537,47.440973471188542],[-122.24581982412543,47.441074464210253],[-122.24583627808697,47.441119051727469],[-122.24575930558123,47.441118322073613],[-122.24092811638459,47.441072340311244],[-122.24092716764734,47.441127257887047],[-122.24091238979997,47.441986593293819],[-122.24024754649827,47.462490644195363],[-122.24024444530414,47.462614553952363],[-122.24024551373844,47.462739161496806],[-122.24024976089331,47.462862592426987],[-122.24025604519954,47.462987311728426],[-122.24026660218608,47.463112102029825],[-122.2402802871635,47.463234929296299],[-122.2402960098387,47.463359100701695],[-122.24031615989931,47.463483365979258],[-122.24033929615277,47.463606241608133],[-122.24036561807942,47.463729902613714],[-122.24039505182161,47.463851793342023],[-122.24042661155154,47.463973987804835],[-122.24046257964393,47.464097155355915],[-122.24050172130738,47.464218328589837],[-122.2405436653722,47.464338820225656],[-122.24058797731037,47.46445917834324],[-122.24063647792259,47.464579830002435],[-122.24068724024553,47.464699041659756],[-122.24074210350425,47.464818295366854],[-122.24079889423746,47.464935702935897],[-122.24085912569495,47.465053654527566],[-122.24088968355011,47.46510980559313],[-122.24089848944494,47.465125971521552],[-122.24095329176373,47.465218262241592],[-122.24109070227223,47.46544969942304],[-122.24115041433419,47.465550315513759],[-122.24115523452916,47.465558152019071],[-122.24122159662083,47.465665385168741],[-122.24131486895736,47.465809362990747],[-122.24141334277842,47.465953679381883],[-122.24151552300506,47.466094954307302],[-122.24161957705101,47.466234884919096],[-122.24172877696849,47.466375032552172],[-122.24184021836213,47.466512739995423],[-122.2419562344966,47.466650153903707],[-122.2420767161464,47.466785427155649],[-122.24219807656556,47.466918456931282],[-122.24232447152946,47.467051581189544],[-122.24245531771399,47.467182694518115],[-122.24258696717813,47.467311486309718],[-122.24272286757385,47.467439611503629],[-122.24286061074167,47.467563441071107],[-122.24588040617013,47.470374963044378],[-122.24594188642793,47.470428915914553],[-122.24602154922486,47.470391972284347],[-122.24663561348768,47.470133682978329],[-122.24669904138018,47.470107030659214],[-122.24677062618082,47.470177572612769],[-122.25061891531846,47.473969706922851],[-122.25006958424825,47.474189323665321],[-122.2499921383845,47.474226713412975],[-122.25004715952943,47.474275217797647],[-122.25046180628773,47.474640741321849],[-122.2505228470996,47.474694555383095],[-122.25058827579755,47.474748603852724],[-122.2511112315827,47.475180558422146],[-122.25121740796817,47.47532239267661],[-122.25124418783659,47.475358129484832],[-122.25130991019856,47.475430575990394],[-122.25381819080444,47.47819320539908],[-122.25387429560932,47.478252789507771],[-122.25400499487782,47.478399676262214],[-122.25413305558831,47.478547132540967],[-122.25425687198201,47.478695641379261],[-122.25437648993534,47.478847289241159],[-122.2544313048118,47.47891863901382],[-122.25447174325217,47.47897131154626],[-122.25439244768701,47.478973440375619],[-122.25346904846197,47.478998323924642],[-122.25376970318018,47.47940491819142],[-122.25379569262003,47.479440068965395],[-122.25412981501074,47.479891894928372],[-122.25477743555209,47.48082222051076],[-122.25533358455645,47.481625980021953],[-122.2562131453636,47.482642693158091],[-122.25724473149623,47.483591510633474],[-122.25841699147617,47.484462040276533],[-122.25973786907601,47.485255214865219],[-122.25993591514155,47.485350728567489],[-122.26021861449681,47.485505551240465],[-122.26104214416529,47.485956553503591],[-122.26205968450768,47.486645229489191],[-122.26215100016407,47.486709222539929],[-122.26306902988613,47.487431348244073],[-122.26371116829881,47.488058655063774],[-122.26385988030977,47.488203929065271],[-122.26387073802546,47.488214535721404],[-122.2641810612799,47.488597857024324],[-122.26425060096661,47.488683753546809],[-122.26454956835708,47.489053041816042],[-122.26450834468977,47.489176510440146],[-122.2643856177779,47.48970278142734],[-122.26434465355763,47.490234851022343],[-122.26438601645913,47.490766905483696],[-122.26450918787562,47.491293091548158],[-122.26465907631204,47.491671830713763],[-122.26471284533892,47.49180769482448],[-122.26499478339184,47.492305038447391],[-122.26535183571821,47.492779701089766],[-122.26578015445681,47.493226456976899],[-122.26858748644862,47.49553169284286],[-122.27027365136395,47.495548891732007],[-122.27031085054287,47.500284237134338],[-122.27068782344476,47.500352224549502],[-122.27089338285786,47.50163105629165],[-122.27036334254234,47.501503961700166],[-122.27034213719369,47.50232342727741],[-122.27031052380232,47.503741025055803],[-122.2702893901988,47.504380276846703],[-122.27027494914628,47.50576894194036],[-122.27025066942328,47.50704307632342],[-122.27021758991737,47.509687018773448],[-122.2756693744463,47.509870696991428],[-122.27575408945268,47.507346917634592]],[[-122.28733145837546,47.496863376883141],[-122.28757030366522,47.49753685186873],[-122.28831914653344,47.499648441929423],[-122.28808971137508,47.499650835702951],[-122.28801008261628,47.499651682230251],[-122.28799080384461,47.499597348357071],[-122.28727702199409,47.497584619034697],[-122.28703818015578,47.496911142562716],[-122.28625146294323,47.494692516683024],[-122.28654456065063,47.494644262534536],[-122.28733145837546,47.496863376883141]],[[-122.2910777193696,47.493615659392987],[-122.28848020916617,47.493621068469658],[-122.28846250894709,47.492601603206296],[-122.29105640940743,47.49259868283491],[-122.2910777193696,47.493615659392987]]]},"properties":{"CityName":"Tukwila"}},{"type":"Feature","geometry":{"type":"Polygon","coordinates":[[[-122.11331806453842,47.775954909167027],[-122.12626222718049,47.776021109513458],[-122.13448146540519,47.776057345830864],[-122.14258957997974,47.776092061916252],[-122.14546538522615,47.776105038136443],[-122.15481848148018,47.776146753398429],[-122.166928601187,47.776194315719124],[-122.16685430166847,47.770406700995856],[-122.16654549102229,47.770407766300252],[-122.16624375078416,47.770408796645462],[-122.16616504631038,47.768924487372168],[-122.16348567839529,47.765456338333806],[-122.16375439124521,47.765361984780547],[-122.16621221413587,47.765355264850356],[-122.16619789895924,47.761784139919129],[-122.16621511395552,47.761688753625897],[-122.16352365981339,47.76166738283591],[-122.16331848704266,47.758220747856804],[-122.16448700520436,47.758227996144605],[-122.16578822332238,47.75823334283146],[-122.16705739770823,47.758237309432012],[-122.16855844591632,47.758046088786827],[-122.17008095715912,47.757961682725934],[-122.17160819305947,47.757985026892548],[-122.17312343455691,47.758115884577293],[-122.17313550059787,47.758117386810653],[-122.17444013720511,47.758292525725771],[-122.17452113234587,47.758303396754584],[-122.17452157099225,47.758248317577745],[-122.17453081336527,47.757163809145361],[-122.17486050767414,47.75720421728515],[-122.17537634928759,47.757329564602927],[-122.17588944938343,47.757314249266564],[-122.17621282410252,47.757229550739396],[-122.17675485145868,47.756590581340497],[-122.17531762837187,47.756080554529653],[-122.1755546226405,47.755711072969909],[-122.17558708359188,47.755634603810144],[-122.17593048163492,47.754826555799475],[-122.17592731694363,47.754348523533544],[-122.17505689188931,47.75435276360114],[-122.1749761176913,47.754353167634818],[-122.17500200722476,47.754298438006728],[-122.17507088379493,47.75414952510161],[-122.1750890942277,47.754088188948757],[-122.17513090035308,47.753947329171332],[-122.17517502347887,47.753781961968592],[-122.1751932933533,47.753614368240569],[-122.17518550539968,47.753446429966338],[-122.17515173377704,47.753279943262307],[-122.17512132154482,47.75319372655138],[-122.17510149938167,47.753137434378189],[-122.175076019325,47.753085168403921],[-122.17495753190725,47.752841953335931],[-122.17496696882571,47.751557549557539],[-122.17495166563148,47.750951502202177],[-122.17420832579079,47.750954587454096],[-122.17429779313574,47.749956928884217],[-122.17372077121826,47.749963343381253],[-122.17373750719054,47.749820902419081],[-122.17408873892627,47.748866610064951],[-122.17434608366509,47.747983054384321],[-122.17435056299513,47.747961769430532],[-122.17444042031501,47.747445134908681],[-122.17444383562552,47.747389375047796],[-122.17503642154369,47.747382874843368],[-122.17512663958509,47.745584707752904],[-122.17532898757615,47.742911032870659],[-122.17561467649847,47.737680453615667],[-122.1756576599077,47.737159365892332],[-122.17584438041725,47.73397714475518],[-122.16970296140786,47.733944570662501],[-122.16407328046012,47.733927044561987],[-122.16416844577886,47.730196442242956],[-122.163864209813,47.730091436449243],[-122.16357926974247,47.729993088595755],[-122.16291809907125,47.729821053126777],[-122.1622338893319,47.729696557124321],[-122.16153413725942,47.729620978680238],[-122.16135914637822,47.729609902378456],[-122.16125500040491,47.729606691647191],[-122.15980207851152,47.72956188743337],[-122.15913217808721,47.729567652180577],[-122.15903633748572,47.729568476369046],[-122.15913122012684,47.725860443337233],[-122.15569961952113,47.725849280411524],[-122.15574571852069,47.724051650727972],[-122.15326692298953,47.724043545581033],[-122.15308123450777,47.724042936496012],[-122.15303505534007,47.725840538012122],[-122.15425224237768,47.725844621313236],[-122.1544358678226,47.726812120501513],[-122.15444901187206,47.726880314239082],[-122.15257596449256,47.727199249890255],[-122.15257496976298,47.727099911847844],[-122.15256235069812,47.725838999073744],[-122.15243662182765,47.725838584542444],[-122.14890509784455,47.725826895189776],[-122.14824809163842,47.727821900433504],[-122.14810132345427,47.728623502325945],[-122.14807964811378,47.729428231454243],[-122.14818275906242,47.730230097157403],[-122.14840952618206,47.7310202829944],[-122.14875753202095,47.731790174701025],[-122.14922286498854,47.732531278587672],[-122.14933172812903,47.732678209459522],[-122.14561507980339,47.732642249142501],[-122.14562252172573,47.732515410393368],[-122.14561000290318,47.732385636041961],[-122.14557740603391,47.732257448584349],[-122.14552516211933,47.732132234353706],[-122.14545378111049,47.732011432532246],[-122.14536409491258,47.731896287969427],[-122.14525701664631,47.731788128917586],[-122.14513381866338,47.731688087876037],[-122.14508263780603,47.731652184400978],[-122.14344539825638,47.730305548866653],[-122.14333363055569,47.730177242383782],[-122.14324236011088,47.730041761134622],[-122.14317262604443,47.729900594509566],[-122.14312510041469,47.729755262235344],[-122.14310034001043,47.729607394486486],[-122.14309791613897,47.729470832406818],[-122.14307176565873,47.728531452319864],[-122.14215826407896,47.728522582802398],[-122.13859126762644,47.72965924656576],[-122.1401541033528,47.731571096166782],[-122.13951406108549,47.731775063709748],[-122.14034369966416,47.732591104524822],[-122.14017534081113,47.73258947758044],[-122.14017951048689,47.733693206828285],[-122.14095560291815,47.733704181125326],[-122.14095890611063,47.734576020886315],[-122.14247298650172,47.734597432804179],[-122.14247138915782,47.734188766189234],[-122.14381518376632,47.734207739767754],[-122.14381073120386,47.733046891641962],[-122.14564182370735,47.733053645854277],[-122.14568829367869,47.733853016990039],[-122.14586378025231,47.734330893058662],[-122.1459351224492,47.734475393091635],[-122.14603990143685,47.734639467451863],[-122.14642976327298,47.735046247719076],[-122.14659150429749,47.735166415709173],[-122.14679590877913,47.735300820516763],[-122.14860050588216,47.735982463913047],[-122.14909448538232,47.736156265009974],[-122.14921486034821,47.736210426270702],[-122.1493387879937,47.736277414409642],[-122.1494278217871,47.736350611002301],[-122.14950698748397,47.736416454896222],[-122.15293486015315,47.740394173753423],[-122.15305140456151,47.740611201152888],[-122.15313363588626,47.74083525018677],[-122.15318074165015,47.741063875899691],[-122.15319214763761,47.741294577767448],[-122.15318715656251,47.741381350188256],[-122.15319612782255,47.741577043214484],[-122.15323539446132,47.741771032375681],[-122.15330447136725,47.741961171127514],[-122.153402675423,47.742145421844015],[-122.15352887737025,47.742321724405436],[-122.15368096799592,47.74248742627988],[-122.15650335222622,47.744720849804807],[-122.15671528317847,47.74482964920626],[-122.15694287380822,47.744922896326493],[-122.15718364079281,47.744999605349783],[-122.15743502540957,47.745058897683521],[-122.15750691964875,47.745072281192122],[-122.1577571506087,47.745166722349474],[-122.15799139040749,47.745278296530415],[-122.15820703012872,47.745405747362049],[-122.15824805629266,47.745433261096366],[-122.16003866202816,47.747100877775814],[-122.16021059959478,47.747306440845222],[-122.16024178701647,47.747345314701988],[-122.16024567666119,47.747350293015579],[-122.15991008191305,47.747348931889718],[-122.15993494168204,47.747388514496492],[-122.15994685905423,47.747401540822068],[-122.15998910038684,47.747463255053511],[-122.16007165284563,47.747555210775218],[-122.16019961767614,47.747598945031228],[-122.16021210063209,47.747601289066608],[-122.16024363595214,47.747620111973184],[-122.16033592933971,47.747646284516399],[-122.1603426695212,47.747899895003364],[-122.16029337313438,47.75057043277473],[-122.15987617687955,47.750496201996967],[-122.15956777472989,47.750496638481671],[-122.15953913672244,47.750494717924887],[-122.15951551341365,47.750490013343324],[-122.15949290927082,47.750482407839499],[-122.15947156579928,47.750471562478182],[-122.15944890614374,47.750456107029322],[-122.15942929313775,47.750444211688567],[-122.15940012301124,47.75042938111325],[-122.15937563942805,47.750419117287464],[-122.15934664737813,47.75040913870464],[-122.15931352317484,47.750400263952109],[-122.15928123050888,47.750393931035667],[-122.15924567814031,47.750389392065692],[-122.15920970601043,47.750387258872635],[-122.15917664768918,47.750387421194283],[-122.15914503835974,47.75038948245389],[-122.1591143789053,47.75039330491645],[-122.15907931820695,47.750399995314069],[-122.15904930456298,47.750407846394801],[-122.15901973268041,47.750417716845433],[-122.15899235786554,47.750429011489381],[-122.15897001836666,47.750440021514635],[-122.15894889411757,47.750451509013381],[-122.15893523215344,47.750457352504561],[-122.15891415135717,47.750463819342791],[-122.15889605624668,47.750467317791113],[-122.15799740231905,47.750573739607177],[-122.15657752979757,47.750573377289328],[-122.15633923481008,47.750573102626383],[-122.15612080721721,47.750573683065745],[-122.15593355695221,47.750583723159245],[-122.15574820510849,47.750604406677851],[-122.15559189607859,47.750630510996324],[-122.15533900605212,47.750690799140017],[-122.15514553771123,47.750753610680107],[-122.15500692504098,47.750808848141965],[-122.15485122200002,47.750882708279001],[-122.15459012314878,47.751015229903729],[-122.1544109745638,47.751105824177365],[-122.15418767657991,47.751210395547723],[-122.15401145744049,47.75127377158681],[-122.15400059436725,47.750517824743675],[-122.15283370856322,47.75051887649645],[-122.15283795664203,47.750690771109895],[-122.15282551218121,47.750691051339793],[-122.15284643461017,47.751239896853946],[-122.15284801528594,47.751329302235227],[-122.15285296001724,47.751349618279662],[-122.15286076965586,47.751361736399723],[-122.15287530944057,47.751375227354352],[-122.15276998442515,47.751377827750204],[-122.15251161322958,47.751382068251836],[-122.15249540583824,47.750777701065793],[-122.15248727369362,47.750777648677129],[-122.1524774402591,47.750415642183619],[-122.1525316958233,47.750413983195436],[-122.15250615860541,47.750249050096272],[-122.15247349112165,47.750126649177673],[-122.15242641526467,47.74999887323451],[-122.15235306585112,47.749848233000286],[-122.15225726335301,47.749695520928363],[-122.15129863172048,47.749689982822311],[-122.1499910062329,47.749672181494887],[-122.14999437347498,47.749827201650746],[-122.15002917499847,47.751043514988218],[-122.14999248881344,47.751044030821738],[-122.14954064116542,47.75105037924466],[-122.14954132122686,47.751099442830778],[-122.14954724834519,47.751527078468555],[-122.14951501326514,47.751527142784411],[-122.14798867147033,47.751588310779027],[-122.14735213586461,47.751570170649572],[-122.14660912658145,47.751548975825621],[-122.14606335236698,47.751397982336528],[-122.14494822981928,47.751089432073293],[-122.14418148466994,47.751219570947654],[-122.14375931030108,47.751560985168979],[-122.14386552788569,47.75247952534631],[-122.14354074852081,47.752902730921527],[-122.14272476752964,47.753191826291236],[-122.14202787338874,47.753222002820578],[-122.14104637940949,47.753063534403942],[-122.14013224690289,47.752573242433314],[-122.13994394550724,47.752525486123197],[-122.1397686129778,47.752494346385575],[-122.13898254630674,47.752565911649569],[-122.13870378682324,47.75261878408962],[-122.13841798353555,47.752650239851263],[-122.13809975004121,47.752659691833173],[-122.13674183646606,47.752645434811029],[-122.13505730941684,47.752590188312205],[-122.13486904115854,47.752572080198838],[-122.13468440509192,47.752540785001813],[-122.13451576104949,47.752500584215696],[-122.13405795455211,47.752398560444149],[-122.13395874552968,47.75237607893358],[-122.13385659835001,47.752360676822072],[-122.13375264726777,47.752352590110142],[-122.13364798379857,47.752351835926007],[-122.13354382201344,47.752358513341186],[-122.13344120896511,47.752372451222051],[-122.13334135231389,47.752393583233385],[-122.13324534110863,47.752421628825182],[-122.13315417686307,47.752456279890019],[-122.13306886341482,47.752497173422235],[-122.1329903612741,47.752543838186369],[-122.13295670654163,47.752567273648644],[-122.13282199367377,47.752673518575598],[-122.13270361874014,47.752789568034366],[-122.13260384246801,47.752913333402844],[-122.13252381389599,47.753043442272997],[-122.13246435326734,47.75317849893689],[-122.13242620149133,47.753316999049325],[-122.13242159837084,47.753343240852146],[-122.13235302823146,47.753577629956361],[-122.1322741705952,47.754094402912258],[-122.13227111115087,47.754206322809253],[-122.1322460498221,47.75434291576304],[-122.13219997916372,47.754476987448349],[-122.13213335666134,47.754607064404318],[-122.13204692365078,47.754731751052198],[-122.13201548646414,47.754770394211995],[-122.13183561872981,47.754916429387009],[-122.13115518876477,47.754667164149545],[-122.1306210772688,47.754482203215304],[-122.13015584912326,47.754354925720598],[-122.12969647493755,47.754293077426404],[-122.12924499266414,47.754264882010354],[-122.12893006285468,47.754264741877101],[-122.12850431526729,47.754256512465162],[-122.12817026108409,47.754244300250186],[-122.12781178962572,47.754213333732366],[-122.12632399960739,47.754064004565592],[-122.12486682796089,47.754050703470789],[-122.12446206614915,47.754032671121386],[-122.12436747688244,47.754017553316665],[-122.12069371499526,47.753304431753143],[-122.12081936313521,47.757873989096396],[-122.12021934959506,47.757873173906233],[-122.12014775996805,47.757872434133148],[-122.12007646383798,47.757876730904869],[-122.12000622933148,47.757886058079549],[-122.11993782171922,47.757900271937032],[-122.11987200368981,47.75791923149302],[-122.11980946072029,47.757942713183219],[-122.11975091423733,47.75797049114761],[-122.1197373550114,47.75797784953749],[-122.11770711409652,47.75905522842671],[-122.11757550054126,47.75912547615647],[-122.11745548012946,47.75920458872146],[-122.11734841181243,47.759291765722246],[-122.11725540649863,47.759385988920364],[-122.11717753917613,47.759486242371977],[-122.11711563645713,47.759591456898384],[-122.11707036299254,47.759700456719756],[-122.11704226518157,47.7598120371037],[-122.11703599947029,47.759856078260285],[-122.11707656320776,47.761335454317553],[-122.11355531654243,47.761324980138284],[-122.11081655542722,47.761313770637607],[-122.11083650715906,47.762043844187517],[-122.11085173751991,47.762119629770865],[-122.11087861644035,47.762193957890076],[-122.11091688546972,47.762265957812346],[-122.11096608548092,47.762334872200825],[-122.11102571858586,47.7623999415515],[-122.11105423449047,47.76242639887122],[-122.11140596994969,47.762615959781044],[-122.11146399995256,47.762652796843625],[-122.11151596121245,47.762693497062173],[-122.11156136122315,47.762737656172312],[-122.11159966281078,47.76278476078943],[-122.11163045632065,47.762834323654928],[-122.11165340703698,47.762885777323305],[-122.11166822146893,47.762938550181879],[-122.11167480840453,47.762992098411289],[-122.11167303635163,47.76304582567689],[-122.11167212300269,47.763053323649785],[-122.11173451745782,47.765334834959226],[-122.11351231958611,47.765342089801784],[-122.11356158357023,47.767139826990224],[-122.11351027244305,47.767139651469769],[-122.11348081972072,47.767139513535923],[-122.11350038555621,47.767855414587792],[-122.11350571873183,47.767977610201662],[-122.11352998057295,47.768098777477206],[-122.11357286448167,47.768217557940083],[-122.11363398359308,47.7683326742671],[-122.11371258556079,47.768442852370399],[-122.11378866985385,47.768527829684899],[-122.11384013653951,47.768594272138152],[-122.11388099722748,47.768663987438586],[-122.11391083316889,47.76873619164094],[-122.11392934819212,47.768810095508535],[-122.11393624489554,47.768884913416358],[-122.1139340676135,47.768938451880494],[-122.11349634598592,47.768937137785187],[-122.11312592802233,47.768935619860599],[-122.11331806453842,47.775954909167027]]]},"properties":{"CityName":"Woodinville"}}]}